{"timestamp": "08161531", "num_seeds": 5, "task": "tsa-bin", "model_shortname": "NB-Roberta_base", "machinery": "fox", "args_dict": {"model_name_or_path": "NbAiLab/nb-roberta-base-ncc-plus-scandi-1e4", "dataset_name": "data/tsa_binary", "seed": 101, "per_device_train_batch_size": 64, "task_name": "08161531_tsa-bin_NB-Roberta_base", "output_dir": "/cluster/work/projects/ec30/egilron/tsa-hf/08161531_tsa-bin_NB-Roberta_base", "overwrite_cache": true, "overwrite_output_dir": true, "do_train": true, "num_train_epochs": 16, "do_eval": true, "return_entity_level_metrics": false, "use_auth_token": false, "logging_strategy": "epoch", "save_strategy": "epoch", "evaluation_strategy": "epoch", "save_total_limit": 1, "load_best_model_at_end": true, "label_column_name": "tsa_tags", "disable_tqdm": true, "do_predict": true, "text_column_name": "tokens", "learning_rate": 1e-05}, "best_epoch": 9, "train_epochs_val": [{"eval_loss": 0.16875523328781128, "eval_precision": 0.5011441647597255, "eval_recall": 0.49942987457240595, "eval_f1": 0.5002855511136495, "eval_accuracy": 0.9508222033505751, "eval_runtime": 2.3623, "eval_samples_per_second": 648.104, "eval_steps_per_second": 81.278, "epoch": 9.0, "step": 1215}, {"eval_loss": 0.17521020770072937, "eval_precision": 0.47417355371900827, "eval_recall": 0.5233751425313569, "eval_f1": 0.4975609756097561, "eval_accuracy": 0.9481587277078669, "eval_runtime": 2.3104, "eval_samples_per_second": 662.669, "eval_steps_per_second": 83.104, "epoch": 10.0, "step": 1350}, {"eval_loss": 0.19284687936306, "eval_precision": 0.4635108481262327, "eval_recall": 0.5359179019384265, "eval_f1": 0.49709148598625064, "eval_accuracy": 0.9468076893383772, "eval_runtime": 2.3167, "eval_samples_per_second": 660.861, "eval_steps_per_second": 82.877, "epoch": 16.0, "step": 2160}, {"eval_loss": 0.1848897933959961, "eval_precision": 0.4822771213748657, "eval_recall": 0.5119726339794755, "eval_f1": 0.4966814159292035, "eval_accuracy": 0.9486991430556628, "eval_runtime": 2.3153, "eval_samples_per_second": 661.263, "eval_steps_per_second": 82.928, "epoch": 13.0, "step": 1755}, {"eval_loss": 0.19342228770256042, "eval_precision": 0.45922330097087377, "eval_recall": 0.5393386545039909, "eval_f1": 0.49606712113266915, "eval_accuracy": 0.9465760827607504, "eval_runtime": 2.3089, "eval_samples_per_second": 663.097, "eval_steps_per_second": 83.158, "epoch": 15.0, "step": 2025}, {"eval_loss": 0.1891949325799942, "eval_precision": 0.4771519659936238, "eval_recall": 0.5119726339794755, "eval_f1": 0.4939493949394939, "eval_accuracy": 0.9482359299004092, "eval_runtime": 2.3107, "eval_samples_per_second": 662.579, "eval_steps_per_second": 83.093, "epoch": 14.0, "step": 1890}, {"eval_loss": 0.17567674815654755, "eval_precision": 0.4789189189189189, "eval_recall": 0.5051311288483467, "eval_f1": 0.4916759156492786, "eval_accuracy": 0.9495097660773566, "eval_runtime": 2.3096, "eval_samples_per_second": 662.887, "eval_steps_per_second": 83.131, "epoch": 11.0, "step": 1485}, {"eval_loss": 0.18217423558235168, "eval_precision": 0.4593781344032096, "eval_recall": 0.5222348916761688, "eval_f1": 0.48879402347918893, "eval_accuracy": 0.9470778970122752, "eval_runtime": 2.3106, "eval_samples_per_second": 662.604, "eval_steps_per_second": 83.096, "epoch": 12.0, "step": 1620}, {"eval_loss": 0.15988005697727203, "eval_precision": 0.47058823529411764, "eval_recall": 0.4925883694412771, "eval_f1": 0.4813370473537605, "eval_accuracy": 0.9485833397668494, "eval_runtime": 2.3152, "eval_samples_per_second": 661.283, "eval_steps_per_second": 82.93, "epoch": 6.0, "step": 810}, {"eval_loss": 0.16378572583198547, "eval_precision": 0.45417515274949083, "eval_recall": 0.508551881413911, "eval_f1": 0.47982786444324904, "eval_accuracy": 0.9473867057824442, "eval_runtime": 2.3101, "eval_samples_per_second": 662.748, "eval_steps_per_second": 83.114, "epoch": 7.0, "step": 945}, {"eval_loss": 0.1658652424812317, "eval_precision": 0.4418377321603128, "eval_recall": 0.5153933865450399, "eval_f1": 0.47578947368421054, "eval_accuracy": 0.9462286728943102, "eval_runtime": 2.3114, "eval_samples_per_second": 662.356, "eval_steps_per_second": 83.065, "epoch": 8.0, "step": 1080}, {"eval_loss": 0.15879559516906738, "eval_precision": 0.4535752401280683, "eval_recall": 0.4846066134549601, "eval_f1": 0.46857772877618525, "eval_accuracy": 0.9490079518258319, "eval_runtime": 2.3101, "eval_samples_per_second": 662.735, "eval_steps_per_second": 83.112, "epoch": 5.0, "step": 675}, {"eval_loss": 0.1596030592918396, "eval_precision": 0.4609571788413098, "eval_recall": 0.41733181299885974, "eval_f1": 0.4380610412926392, "eval_accuracy": 0.9499729792326103, "eval_runtime": 2.3104, "eval_samples_per_second": 662.642, "eval_steps_per_second": 83.101, "epoch": 4.0, "step": 540}, {"eval_loss": 0.1688121259212494, "eval_precision": 0.4619289340101523, "eval_recall": 0.3112884834663626, "eval_f1": 0.3719346049046321, "eval_accuracy": 0.9459198641241411, "eval_runtime": 2.3104, "eval_samples_per_second": 662.648, "eval_steps_per_second": 83.102, "epoch": 3.0, "step": 405}, {"eval_loss": 0.18219570815563202, "eval_precision": 0.41435185185185186, "eval_recall": 0.20410490307867732, "eval_f1": 0.2734912146676853, "eval_accuracy": 0.9426001698448236, "eval_runtime": 2.3079, "eval_samples_per_second": 663.369, "eval_steps_per_second": 83.192, "epoch": 2.0, "step": 270}, {"eval_loss": 0.2227049320936203, "eval_precision": 0.20634920634920634, "eval_recall": 0.014823261117445839, "eval_f1": 0.027659574468085105, "eval_accuracy": 0.9357291747085618, "eval_runtime": 2.3149, "eval_samples_per_second": 661.374, "eval_steps_per_second": 82.942, "epoch": 1.0, "step": 135}]}