{"timestamp": "08161531", "num_seeds": 5, "task": "tsa-bin", "model_shortname": "NorBERT_3_small", "machinery": "fox", "args_dict": {"model_name_or_path": "ltg/norbert3-small", "dataset_name": "data/tsa_binary", "seed": 101, "per_device_train_batch_size": 64, "task_name": "08161531_tsa-bin_NorBERT_3_small", "output_dir": "/cluster/work/projects/ec30/egilron/tsa-hf/08161531_tsa-bin_NorBERT_3_small", "overwrite_cache": true, "overwrite_output_dir": true, "do_train": true, "num_train_epochs": 16, "do_eval": true, "return_entity_level_metrics": false, "use_auth_token": false, "logging_strategy": "epoch", "save_strategy": "epoch", "evaluation_strategy": "epoch", "save_total_limit": 1, "load_best_model_at_end": true, "label_column_name": "tsa_tags", "disable_tqdm": true, "do_predict": true, "text_column_name": "tokens", "learning_rate": 1e-05}, "best_epoch": 14, "train_epochs_val": [{"eval_loss": 0.1753414422273636, "eval_precision": 0.44559585492227977, "eval_recall": 0.4903078677309008, "eval_f1": 0.46688382193268185, "eval_accuracy": 0.9430247819038061, "eval_runtime": 2.964, "eval_samples_per_second": 516.536, "eval_steps_per_second": 64.778, "epoch": 14.0, "step": 1890}, {"eval_loss": 0.1709878146648407, "eval_precision": 0.4599109131403118, "eval_recall": 0.4709236031927024, "eval_f1": 0.4653521126760563, "eval_accuracy": 0.9453794487763453, "eval_runtime": 2.9583, "eval_samples_per_second": 517.532, "eval_steps_per_second": 64.903, "epoch": 10.0, "step": 1350}, {"eval_loss": 0.1753748208284378, "eval_precision": 0.44081632653061226, "eval_recall": 0.4925883694412771, "eval_f1": 0.46526655896607433, "eval_accuracy": 0.9430247819038061, "eval_runtime": 2.9642, "eval_samples_per_second": 516.502, "eval_steps_per_second": 64.774, "epoch": 13.0, "step": 1755}, {"eval_loss": 0.17720869183540344, "eval_precision": 0.4308145240431796, "eval_recall": 0.500570125427594, "eval_f1": 0.46308016877637137, "eval_accuracy": 0.9419439512082143, "eval_runtime": 2.962, "eval_samples_per_second": 516.878, "eval_steps_per_second": 64.821, "epoch": 15.0, "step": 2025}, {"eval_loss": 0.1682908833026886, "eval_precision": 0.4266409266409266, "eval_recall": 0.5039908779931584, "eval_f1": 0.4621014113957135, "eval_accuracy": 0.9407859183200803, "eval_runtime": 2.9642, "eval_samples_per_second": 516.505, "eval_steps_per_second": 64.774, "epoch": 8.0, "step": 1080}, {"eval_loss": 0.17117558419704437, "eval_precision": 0.4287118977384464, "eval_recall": 0.49714937286202965, "eval_f1": 0.4604012671594509, "eval_accuracy": 0.9420983555932988, "eval_runtime": 2.9556, "eval_samples_per_second": 517.994, "eval_steps_per_second": 64.961, "epoch": 11.0, "step": 1485}, {"eval_loss": 0.17680449783802032, "eval_precision": 0.43540183112919634, "eval_recall": 0.4880273660205245, "eval_f1": 0.46021505376344085, "eval_accuracy": 0.9427931753261792, "eval_runtime": 2.9623, "eval_samples_per_second": 516.825, "eval_steps_per_second": 64.814, "epoch": 16.0, "step": 2160}, {"eval_loss": 0.17406360805034637, "eval_precision": 0.4351378958120531, "eval_recall": 0.48574686431014824, "eval_f1": 0.45905172413793105, "eval_accuracy": 0.9427931753261792, "eval_runtime": 2.9688, "eval_samples_per_second": 515.702, "eval_steps_per_second": 64.673, "epoch": 12.0, "step": 1620}, {"eval_loss": 0.1585717648267746, "eval_precision": 0.4851994851994852, "eval_recall": 0.4298745724059293, "eval_f1": 0.4558645707376058, "eval_accuracy": 0.9481587277078669, "eval_runtime": 2.9599, "eval_samples_per_second": 517.25, "eval_steps_per_second": 64.867, "epoch": 6.0, "step": 810}, {"eval_loss": 0.16210034489631653, "eval_precision": 0.4325437693099897, "eval_recall": 0.4789053591790194, "eval_f1": 0.45454545454545453, "eval_accuracy": 0.9433335906739752, "eval_runtime": 2.9689, "eval_samples_per_second": 515.683, "eval_steps_per_second": 64.671, "epoch": 7.0, "step": 945}, {"eval_loss": 0.16705210506916046, "eval_precision": 0.4477777777777778, "eval_recall": 0.45952109464082097, "eval_f1": 0.453573438379291, "eval_accuracy": 0.9452250443912608, "eval_runtime": 3.0195, "eval_samples_per_second": 507.031, "eval_steps_per_second": 63.586, "epoch": 9.0, "step": 1215}, {"eval_loss": 0.16122348606586456, "eval_precision": 0.45104895104895104, "eval_recall": 0.4412770809578107, "eval_f1": 0.44610951008645533, "eval_accuracy": 0.9482359299004092, "eval_runtime": 2.9608, "eval_samples_per_second": 517.083, "eval_steps_per_second": 64.847, "epoch": 4.0, "step": 540}, {"eval_loss": 0.157746821641922, "eval_precision": 0.44835680751173707, "eval_recall": 0.43557582668187, "eval_f1": 0.44187391555812605, "eval_accuracy": 0.9468848915309195, "eval_runtime": 2.9602, "eval_samples_per_second": 517.193, "eval_steps_per_second": 64.86, "epoch": 5.0, "step": 675}, {"eval_loss": 0.16851751506328583, "eval_precision": 0.4264705882352941, "eval_recall": 0.39680729760547323, "eval_f1": 0.4111045481393975, "eval_accuracy": 0.9444916235621091, "eval_runtime": 2.965, "eval_samples_per_second": 516.365, "eval_steps_per_second": 64.756, "epoch": 3.0, "step": 405}, {"eval_loss": 0.18365219235420227, "eval_precision": 0.4157608695652174, "eval_recall": 0.34891676168757124, "eval_f1": 0.3794172349659021, "eval_accuracy": 0.9426387709410947, "eval_runtime": 2.9666, "eval_samples_per_second": 516.08, "eval_steps_per_second": 64.721, "epoch": 2.0, "step": 270}, {"eval_loss": 0.2080068290233612, "eval_precision": 0.32057416267942584, "eval_recall": 0.15279361459521096, "eval_f1": 0.20694980694980697, "eval_accuracy": 0.9388944646027947, "eval_runtime": 2.975, "eval_samples_per_second": 514.628, "eval_steps_per_second": 64.539, "epoch": 1.0, "step": 135}]}