{"timestamp": "08161327", "num_seeds": 5, "task": "tsa-intensity", "model_shortname": "NorBERT_3_small", "machinery": "fox", "args_dict": {"model_name_or_path": "ltg/norbert3-small", "dataset_name": "data/tsa_intensity", "seed": 101, "per_device_train_batch_size": 64, "task_name": "08161327_tsa-intensity_NorBERT_3_small", "output_dir": "/cluster/work/projects/ec30/egilron/tsa-hf/08161327_tsa-intensity_NorBERT_3_small", "overwrite_cache": true, "overwrite_output_dir": true, "do_train": true, "num_train_epochs": 16, "do_eval": true, "return_entity_level_metrics": false, "use_auth_token": false, "logging_strategy": "epoch", "save_strategy": "epoch", "evaluation_strategy": "epoch", "save_total_limit": 1, "load_best_model_at_end": true, "label_column_name": "tsa_tags", "disable_tqdm": true, "do_predict": true, "text_column_name": "tokens", "learning_rate": 0.0001}, "best_epoch": 4, "train_epochs_val": [{"eval_loss": 0.25138577818870544, "eval_precision": 0.2689873417721519, "eval_recall": 0.29076396807297605, "eval_f1": 0.27945205479452057, "eval_accuracy": 0.9350343549756813, "eval_runtime": 2.9958, "eval_samples_per_second": 511.054, "eval_steps_per_second": 64.09, "epoch": 4.0, "step": 540}, {"eval_loss": 0.39946308732032776, "eval_precision": 0.2569511025886865, "eval_recall": 0.3055872291904219, "eval_f1": 0.2791666666666667, "eval_accuracy": 0.9305952289045009, "eval_runtime": 2.9972, "eval_samples_per_second": 510.807, "eval_steps_per_second": 64.059, "epoch": 10.0, "step": 1350}, {"eval_loss": 0.3844982385635376, "eval_precision": 0.2675760755508919, "eval_recall": 0.29076396807297605, "eval_f1": 0.2786885245901639, "eval_accuracy": 0.9326796881031422, "eval_runtime": 3.0549, "eval_samples_per_second": 501.159, "eval_steps_per_second": 62.849, "epoch": 9.0, "step": 1215}, {"eval_loss": 0.42415255308151245, "eval_precision": 0.2590775269872424, "eval_recall": 0.3010262257696693, "eval_f1": 0.27848101265822783, "eval_accuracy": 0.9322164749478885, "eval_runtime": 3.0002, "eval_samples_per_second": 510.295, "eval_steps_per_second": 63.995, "epoch": 14.0, "step": 1890}, {"eval_loss": 0.31223350763320923, "eval_precision": 0.25308056872037915, "eval_recall": 0.30444697833523376, "eval_f1": 0.2763975155279503, "eval_accuracy": 0.9312514475411102, "eval_runtime": 2.9957, "eval_samples_per_second": 511.073, "eval_steps_per_second": 64.093, "epoch": 6.0, "step": 810}, {"eval_loss": 0.33767372369766235, "eval_precision": 0.2556317335945152, "eval_recall": 0.2976054732041049, "eval_f1": 0.27502634351949423, "eval_accuracy": 0.9315216552150081, "eval_runtime": 2.999, "eval_samples_per_second": 510.503, "eval_steps_per_second": 64.021, "epoch": 7.0, "step": 945}, {"eval_loss": 0.4269554316997528, "eval_precision": 0.2588116817724068, "eval_recall": 0.29304446978335236, "eval_f1": 0.2748663101604278, "eval_accuracy": 0.9318304639851772, "eval_runtime": 2.9897, "eval_samples_per_second": 512.095, "eval_steps_per_second": 64.221, "epoch": 15.0, "step": 2025}, {"eval_loss": 0.41813817620277405, "eval_precision": 0.25023786869647957, "eval_recall": 0.2998859749144812, "eval_f1": 0.2728215767634855, "eval_accuracy": 0.9299390102678916, "eval_runtime": 2.9948, "eval_samples_per_second": 511.216, "eval_steps_per_second": 64.111, "epoch": 12.0, "step": 1620}, {"eval_loss": 0.42365920543670654, "eval_precision": 0.26068821689259647, "eval_recall": 0.28506271379703535, "eval_f1": 0.2723311546840959, "eval_accuracy": 0.9331429012583957, "eval_runtime": 2.9919, "eval_samples_per_second": 511.712, "eval_steps_per_second": 64.173, "epoch": 16.0, "step": 2160}, {"eval_loss": 0.3670858144760132, "eval_precision": 0.24669187145557656, "eval_recall": 0.2976054732041049, "eval_f1": 0.2697674418604651, "eval_accuracy": 0.9287037751872154, "eval_runtime": 2.9973, "eval_samples_per_second": 510.795, "eval_steps_per_second": 64.058, "epoch": 8.0, "step": 1080}, {"eval_loss": 0.28653162717819214, "eval_precision": 0.22975206611570248, "eval_recall": 0.3169897377423033, "eval_f1": 0.26641111643507426, "eval_accuracy": 0.9252682776190844, "eval_runtime": 3.0007, "eval_samples_per_second": 510.214, "eval_steps_per_second": 63.985, "epoch": 5.0, "step": 675}, {"eval_loss": 0.41673094034194946, "eval_precision": 0.2545068928950159, "eval_recall": 0.27366020524515394, "eval_f1": 0.26373626373626374, "eval_accuracy": 0.9324480815255153, "eval_runtime": 2.9988, "eval_samples_per_second": 510.541, "eval_steps_per_second": 64.026, "epoch": 13.0, "step": 1755}, {"eval_loss": 0.4024452865123749, "eval_precision": 0.23885034687809711, "eval_recall": 0.2748004561003421, "eval_f1": 0.25556733828207845, "eval_accuracy": 0.9307882343858566, "eval_runtime": 2.9966, "eval_samples_per_second": 510.906, "eval_steps_per_second": 64.072, "epoch": 11.0, "step": 1485}, {"eval_loss": 0.22743315994739532, "eval_precision": 0.25478468899521534, "eval_recall": 0.24287343215507412, "eval_f1": 0.24868651488616464, "eval_accuracy": 0.9365011966339845, "eval_runtime": 2.9989, "eval_samples_per_second": 510.514, "eval_steps_per_second": 64.023, "epoch": 3.0, "step": 405}, {"eval_loss": 0.22889387607574463, "eval_precision": 0.24761904761904763, "eval_recall": 0.17787913340935005, "eval_f1": 0.20703384207033845, "eval_accuracy": 0.9377750328109319, "eval_runtime": 3.0091, "eval_samples_per_second": 508.789, "eval_steps_per_second": 63.806, "epoch": 1.0, "step": 135}, {"eval_loss": 0.21303260326385498, "eval_precision": 0.2495201535508637, "eval_recall": 0.14823261117445838, "eval_f1": 0.1859799713876967, "eval_accuracy": 0.9393962788543194, "eval_runtime": 2.9878, "eval_samples_per_second": 512.426, "eval_steps_per_second": 64.262, "epoch": 2.0, "step": 270}]}