{"timestamp": "08161531", "num_seeds": 5, "task": "tsa-bin", "model_shortname": "NB-BERT_large", "machinery": "fox", "args_dict": {"model_name_or_path": "NbAiLab/nb-bert-large", "dataset_name": "data/tsa_binary", "seed": 101, "per_device_train_batch_size": 32, "task_name": "08161531_tsa-bin_NB-BERT_large", "output_dir": "/cluster/work/projects/ec30/egilron/tsa-hf/08161531_tsa-bin_NB-BERT_large", "overwrite_cache": true, "overwrite_output_dir": true, "do_train": true, "num_train_epochs": 16, "do_eval": true, "return_entity_level_metrics": false, "use_auth_token": false, "logging_strategy": "epoch", "save_strategy": "epoch", "evaluation_strategy": "epoch", "save_total_limit": 1, "load_best_model_at_end": true, "label_column_name": "tsa_tags", "disable_tqdm": true, "do_predict": true, "text_column_name": "tokens", "learning_rate": 0.0001}, "best_epoch": 15, "train_epochs_val": [{"eval_loss": 0.36267244815826416, "eval_precision": 0.5360824742268041, "eval_recall": 0.5336374002280502, "eval_f1": 0.5348571428571428, "eval_accuracy": 0.9536400833783679, "eval_runtime": 3.6622, "eval_samples_per_second": 418.051, "eval_steps_per_second": 52.427, "epoch": 15.0, "step": 4050}, {"eval_loss": 0.35193032026290894, "eval_precision": 0.5373831775700935, "eval_recall": 0.5245153933865451, "eval_f1": 0.530871321407963, "eval_accuracy": 0.9529838647417587, "eval_runtime": 3.659, "eval_samples_per_second": 418.426, "eval_steps_per_second": 52.474, "epoch": 13.0, "step": 3510}, {"eval_loss": 0.3640572428703308, "eval_precision": 0.5234375, "eval_recall": 0.5347776510832383, "eval_f1": 0.5290468133107727, "eval_accuracy": 0.9530996680305721, "eval_runtime": 3.6606, "eval_samples_per_second": 418.236, "eval_steps_per_second": 52.45, "epoch": 16.0, "step": 4320}, {"eval_loss": 0.3642440140247345, "eval_precision": 0.5344418052256532, "eval_recall": 0.5131128848346637, "eval_f1": 0.5235602094240839, "eval_accuracy": 0.9534470778970123, "eval_runtime": 3.6576, "eval_samples_per_second": 418.575, "eval_steps_per_second": 52.493, "epoch": 14.0, "step": 3780}, {"eval_loss": 0.3489960730075836, "eval_precision": 0.5215419501133787, "eval_recall": 0.5245153933865451, "eval_f1": 0.5230244457077884, "eval_accuracy": 0.9523662472014205, "eval_runtime": 3.6649, "eval_samples_per_second": 417.745, "eval_steps_per_second": 52.389, "epoch": 11.0, "step": 2970}, {"eval_loss": 0.3365040719509125, "eval_precision": 0.5212888377445339, "eval_recall": 0.5165336374002281, "eval_f1": 0.5189003436426117, "eval_accuracy": 0.9512854165058288, "eval_runtime": 3.6585, "eval_samples_per_second": 418.481, "eval_steps_per_second": 52.481, "epoch": 10.0, "step": 2700}, {"eval_loss": 0.3448067605495453, "eval_precision": 0.5134228187919463, "eval_recall": 0.5233751425313569, "eval_f1": 0.5183512140033878, "eval_accuracy": 0.9527136570678607, "eval_runtime": 3.6597, "eval_samples_per_second": 418.337, "eval_steps_per_second": 52.463, "epoch": 12.0, "step": 3240}, {"eval_loss": 0.272543340921402, "eval_precision": 0.531812725090036, "eval_recall": 0.5051311288483467, "eval_f1": 0.5181286549707602, "eval_accuracy": 0.9536400833783679, "eval_runtime": 3.6694, "eval_samples_per_second": 417.24, "eval_steps_per_second": 52.325, "epoch": 7.0, "step": 1890}, {"eval_loss": 0.2835070490837097, "eval_precision": 0.5183066361556065, "eval_recall": 0.5165336374002281, "eval_f1": 0.51741861793261, "eval_accuracy": 0.9524048482976917, "eval_runtime": 3.6621, "eval_samples_per_second": 418.062, "eval_steps_per_second": 52.428, "epoch": 8.0, "step": 2160}, {"eval_loss": 0.2951226532459259, "eval_precision": 0.5159090909090909, "eval_recall": 0.5176738882554162, "eval_f1": 0.5167899829254411, "eval_accuracy": 0.9515556241797267, "eval_runtime": 3.7217, "eval_samples_per_second": 411.375, "eval_steps_per_second": 51.59, "epoch": 6.0, "step": 1620}, {"eval_loss": 0.3207424283027649, "eval_precision": 0.5158264947245017, "eval_recall": 0.5017103762827823, "eval_f1": 0.508670520231214, "eval_accuracy": 0.9507064000617618, "eval_runtime": 3.6659, "eval_samples_per_second": 417.635, "eval_steps_per_second": 52.375, "epoch": 9.0, "step": 2430}, {"eval_loss": 0.1817920207977295, "eval_precision": 0.42749371332774516, "eval_recall": 0.5815279361459521, "eval_f1": 0.4927536231884058, "eval_accuracy": 0.9406701150312669, "eval_runtime": 3.6586, "eval_samples_per_second": 418.466, "eval_steps_per_second": 52.479, "epoch": 3.0, "step": 810}, {"eval_loss": 0.20733195543289185, "eval_precision": 0.4722513089005236, "eval_recall": 0.5142531356898518, "eval_f1": 0.4923580786026201, "eval_accuracy": 0.9476955145526132, "eval_runtime": 3.6599, "eval_samples_per_second": 418.316, "eval_steps_per_second": 52.46, "epoch": 4.0, "step": 1080}, {"eval_loss": 0.14256013929843903, "eval_precision": 0.45133587786259544, "eval_recall": 0.5393386545039909, "eval_f1": 0.4914285714285715, "eval_accuracy": 0.9495097660773566, "eval_runtime": 3.6625, "eval_samples_per_second": 418.018, "eval_steps_per_second": 52.423, "epoch": 1.0, "step": 270}, {"eval_loss": 0.261698454618454, "eval_precision": 0.5288590604026846, "eval_recall": 0.4492588369441277, "eval_f1": 0.4858199753390876, "eval_accuracy": 0.950204585810237, "eval_runtime": 3.6646, "eval_samples_per_second": 417.783, "eval_steps_per_second": 52.393, "epoch": 5.0, "step": 1350}, {"eval_loss": 0.16093003749847412, "eval_precision": 0.6177685950413223, "eval_recall": 0.3409350057012543, "eval_f1": 0.43938280675973546, "eval_accuracy": 0.9532540724156566, "eval_runtime": 3.6619, "eval_samples_per_second": 418.087, "eval_steps_per_second": 52.432, "epoch": 2.0, "step": 540}]}