{"timestamp": "08161531", "num_seeds": 5, "task": "tsa-bin", "model_shortname": "NorBERT_3_large", "machinery": "fox", "args_dict": {"model_name_or_path": "ltg/norbert3-large", "dataset_name": "data/tsa_binary", "seed": 101, "per_device_train_batch_size": 64, "task_name": "08161531_tsa-bin_NorBERT_3_large", "output_dir": "/cluster/work/projects/ec30/egilron/tsa-hf/08161531_tsa-bin_NorBERT_3_large", "overwrite_cache": true, "overwrite_output_dir": true, "do_train": true, "num_train_epochs": 16, "do_eval": true, "return_entity_level_metrics": false, "use_auth_token": false, "logging_strategy": "epoch", "save_strategy": "epoch", "evaluation_strategy": "epoch", "save_total_limit": 1, "load_best_model_at_end": true, "label_column_name": "tsa_tags", "disable_tqdm": true, "do_predict": true, "text_column_name": "tokens", "learning_rate": 5e-05}, "best_epoch": 9, "train_epochs_val": [{"eval_loss": 0.2911197543144226, "eval_precision": 0.5795724465558195, "eval_recall": 0.556442417331813, "eval_f1": 0.5677719604421176, "eval_accuracy": 0.9558403458658226, "eval_runtime": 5.003, "eval_samples_per_second": 306.017, "eval_steps_per_second": 38.377, "epoch": 9.0, "step": 1215}, {"eval_loss": 0.30495890974998474, "eval_precision": 0.572429906542056, "eval_recall": 0.5587229190421893, "eval_f1": 0.5654933641084824, "eval_accuracy": 0.9560719524434494, "eval_runtime": 4.9999, "eval_samples_per_second": 306.209, "eval_steps_per_second": 38.401, "epoch": 10.0, "step": 1350}, {"eval_loss": 0.3301405608654022, "eval_precision": 0.5729537366548043, "eval_recall": 0.5507411630558723, "eval_f1": 0.5616279069767441, "eval_accuracy": 0.9558017447695515, "eval_runtime": 4.9951, "eval_samples_per_second": 306.501, "eval_steps_per_second": 38.438, "epoch": 16.0, "step": 2160}, {"eval_loss": 0.31840240955352783, "eval_precision": 0.5646651270207852, "eval_recall": 0.5575826681870011, "eval_f1": 0.5611015490533562, "eval_accuracy": 0.955377132710569, "eval_runtime": 5.007, "eval_samples_per_second": 305.773, "eval_steps_per_second": 38.346, "epoch": 13.0, "step": 1755}, {"eval_loss": 0.32983526587486267, "eval_precision": 0.5767835550181378, "eval_recall": 0.5438996579247435, "eval_f1": 0.5598591549295776, "eval_accuracy": 0.9559947502509071, "eval_runtime": 5.0091, "eval_samples_per_second": 305.646, "eval_steps_per_second": 38.331, "epoch": 15.0, "step": 2025}, {"eval_loss": 0.31272637844085693, "eval_precision": 0.5470459518599562, "eval_recall": 0.5701254275940707, "eval_f1": 0.5583472920156338, "eval_accuracy": 0.9542577009187061, "eval_runtime": 5.0045, "eval_samples_per_second": 305.928, "eval_steps_per_second": 38.366, "epoch": 12.0, "step": 1620}, {"eval_loss": 0.32581230998039246, "eval_precision": 0.5663924794359577, "eval_recall": 0.5496009122006842, "eval_f1": 0.5578703703703705, "eval_accuracy": 0.9554157338068401, "eval_runtime": 5.0001, "eval_samples_per_second": 306.193, "eval_steps_per_second": 38.399, "epoch": 14.0, "step": 1890}, {"eval_loss": 0.3182711601257324, "eval_precision": 0.572639225181598, "eval_recall": 0.5393386545039909, "eval_f1": 0.5554903112155021, "eval_accuracy": 0.956264957924805, "eval_runtime": 5.0032, "eval_samples_per_second": 306.002, "eval_steps_per_second": 38.375, "epoch": 11.0, "step": 1485}, {"eval_loss": 0.2812863886356354, "eval_precision": 0.5754119138149556, "eval_recall": 0.5176738882554162, "eval_f1": 0.5450180072028812, "eval_accuracy": 0.9555315370956535, "eval_runtime": 5.0034, "eval_samples_per_second": 305.991, "eval_steps_per_second": 38.374, "epoch": 8.0, "step": 1080}, {"eval_loss": 0.2128966897726059, "eval_precision": 0.560145808019441, "eval_recall": 0.5256556442417332, "eval_f1": 0.5423529411764706, "eval_accuracy": 0.9546051107851463, "eval_runtime": 4.9993, "eval_samples_per_second": 306.243, "eval_steps_per_second": 38.405, "epoch": 4.0, "step": 540}, {"eval_loss": 0.17401395738124847, "eval_precision": 0.5338600451467269, "eval_recall": 0.5393386545039909, "eval_f1": 0.5365853658536586, "eval_accuracy": 0.955106925036671, "eval_runtime": 5.0035, "eval_samples_per_second": 305.984, "eval_steps_per_second": 38.373, "epoch": 3.0, "step": 405}, {"eval_loss": 0.14523407816886902, "eval_precision": 0.5388180764774044, "eval_recall": 0.5302166476624858, "eval_f1": 0.5344827586206897, "eval_accuracy": 0.9541804987261638, "eval_runtime": 5.0003, "eval_samples_per_second": 306.179, "eval_steps_per_second": 38.397, "epoch": 2.0, "step": 270}, {"eval_loss": 0.27808278799057007, "eval_precision": 0.541813898704358, "eval_recall": 0.5245153933865451, "eval_f1": 0.5330243337195828, "eval_accuracy": 0.9542190998224349, "eval_runtime": 4.9999, "eval_samples_per_second": 306.207, "eval_steps_per_second": 38.401, "epoch": 7.0, "step": 945}, {"eval_loss": 0.1269756704568863, "eval_precision": 0.5273743016759777, "eval_recall": 0.5381984036488028, "eval_f1": 0.5327313769751694, "eval_accuracy": 0.9551841272292133, "eval_runtime": 5.046, "eval_samples_per_second": 303.407, "eval_steps_per_second": 38.05, "epoch": 1.0, "step": 135}, {"eval_loss": 0.25816646218299866, "eval_precision": 0.5348837209302325, "eval_recall": 0.5245153933865451, "eval_f1": 0.5296488198042603, "eval_accuracy": 0.9548753184590443, "eval_runtime": 5.0586, "eval_samples_per_second": 302.65, "eval_steps_per_second": 37.955, "epoch": 6.0, "step": 810}, {"eval_loss": 0.23272103071212769, "eval_precision": 0.49897750511247446, "eval_recall": 0.556442417331813, "eval_f1": 0.5261455525606469, "eval_accuracy": 0.951941635142438, "eval_runtime": 5.003, "eval_samples_per_second": 306.016, "eval_steps_per_second": 38.377, "epoch": 5.0, "step": 675}]}