{"timestamp": "08161327", "num_seeds": 5, "task": "tsa-intensity", "model_shortname": "NB-Roberta_base", "machinery": "fox", "args_dict": {"model_name_or_path": "NbAiLab/nb-roberta-base-ncc-plus-scandi-1e4", "dataset_name": "data/tsa_intensity", "seed": 101, "per_device_train_batch_size": 64, "task_name": "08161327_tsa-intensity_NB-Roberta_base", "output_dir": "/cluster/work/projects/ec30/egilron/tsa-hf/08161327_tsa-intensity_NB-Roberta_base", "overwrite_cache": true, "overwrite_output_dir": true, "do_train": true, "num_train_epochs": 16, "do_eval": true, "return_entity_level_metrics": false, "use_auth_token": false, "logging_strategy": "epoch", "save_strategy": "epoch", "evaluation_strategy": "epoch", "save_total_limit": 1, "load_best_model_at_end": true, "label_column_name": "tsa_tags", "disable_tqdm": true, "do_predict": true, "text_column_name": "tokens", "learning_rate": 1e-05}, "best_epoch": 15, "train_epochs_val": [{"eval_loss": 0.252881795167923, "eval_precision": 0.25120772946859904, "eval_recall": 0.23717217787913342, "eval_f1": 0.24398826979472144, "eval_accuracy": 0.9356133714197483, "eval_runtime": 2.3045, "eval_samples_per_second": 664.355, "eval_steps_per_second": 83.316, "epoch": 15.0, "step": 2025}, {"eval_loss": 0.25331687927246094, "eval_precision": 0.249079754601227, "eval_recall": 0.2314709236031927, "eval_f1": 0.23995271867612294, "eval_accuracy": 0.9355361692272061, "eval_runtime": 2.3038, "eval_samples_per_second": 664.541, "eval_steps_per_second": 83.339, "epoch": 16.0, "step": 2160}, {"eval_loss": 0.2492254227399826, "eval_precision": 0.2436670687575392, "eval_recall": 0.23033067274800456, "eval_f1": 0.23681125439624856, "eval_accuracy": 0.9359221801899174, "eval_runtime": 2.3046, "eval_samples_per_second": 664.309, "eval_steps_per_second": 83.31, "epoch": 13.0, "step": 1755}, {"eval_loss": 0.24466337263584137, "eval_precision": 0.2453066332916145, "eval_recall": 0.2234891676168757, "eval_f1": 0.233890214797136, "eval_accuracy": 0.936385393345171, "eval_runtime": 2.3048, "eval_samples_per_second": 664.253, "eval_steps_per_second": 83.303, "epoch": 11.0, "step": 1485}, {"eval_loss": 0.2511327564716339, "eval_precision": 0.2445019404915912, "eval_recall": 0.21550741163055873, "eval_f1": 0.2290909090909091, "eval_accuracy": 0.9370030108855092, "eval_runtime": 2.3077, "eval_samples_per_second": 663.443, "eval_steps_per_second": 83.201, "epoch": 14.0, "step": 1890}, {"eval_loss": 0.2486339509487152, "eval_precision": 0.24096385542168675, "eval_recall": 0.20524515393386544, "eval_f1": 0.22167487684729062, "eval_accuracy": 0.9365011966339845, "eval_runtime": 2.3086, "eval_samples_per_second": 663.181, "eval_steps_per_second": 83.168, "epoch": 12.0, "step": 1620}, {"eval_loss": 0.24832919239997864, "eval_precision": 0.23014804845222073, "eval_recall": 0.1949828962371722, "eval_f1": 0.2111111111111111, "eval_accuracy": 0.9353431637458504, "eval_runtime": 2.304, "eval_samples_per_second": 664.505, "eval_steps_per_second": 83.334, "epoch": 10.0, "step": 1350}, {"eval_loss": 0.24164782464504242, "eval_precision": 0.23122238586156113, "eval_recall": 0.1790193842645382, "eval_f1": 0.20179948586118254, "eval_accuracy": 0.9375820273295762, "eval_runtime": 2.3539, "eval_samples_per_second": 650.416, "eval_steps_per_second": 81.567, "epoch": 9.0, "step": 1215}, {"eval_loss": 0.24400174617767334, "eval_precision": 0.19244391971664698, "eval_recall": 0.18586088939566706, "eval_f1": 0.18909512761020886, "eval_accuracy": 0.9319462672739905, "eval_runtime": 2.3041, "eval_samples_per_second": 664.457, "eval_steps_per_second": 83.328, "epoch": 8.0, "step": 1080}, {"eval_loss": 0.24496689438819885, "eval_precision": 0.19712793733681463, "eval_recall": 0.17217787913340935, "eval_f1": 0.18381010346926355, "eval_accuracy": 0.9337605187987339, "eval_runtime": 2.3038, "eval_samples_per_second": 664.557, "eval_steps_per_second": 83.341, "epoch": 7.0, "step": 945}, {"eval_loss": 0.23796510696411133, "eval_precision": 0.18867924528301888, "eval_recall": 0.12542759407069556, "eval_f1": 0.15068493150684933, "eval_accuracy": 0.9359607812861885, "eval_runtime": 2.3069, "eval_samples_per_second": 663.668, "eval_steps_per_second": 83.229, "epoch": 6.0, "step": 810}, {"eval_loss": 0.23851647973060608, "eval_precision": 0.1781045751633987, "eval_recall": 0.12428734321550741, "eval_f1": 0.14640698455339154, "eval_accuracy": 0.9354975681309349, "eval_runtime": 2.3073, "eval_samples_per_second": 663.56, "eval_steps_per_second": 83.216, "epoch": 5.0, "step": 675}, {"eval_loss": 0.24306240677833557, "eval_precision": 0.1834862385321101, "eval_recall": 0.09122006841505131, "eval_f1": 0.12185833968012187, "eval_accuracy": 0.9368486065004246, "eval_runtime": 2.3132, "eval_samples_per_second": 661.843, "eval_steps_per_second": 83.001, "epoch": 4.0, "step": 540}, {"eval_loss": 0.25015005469322205, "eval_precision": 0.1392857142857143, "eval_recall": 0.04446978335233751, "eval_f1": 0.06741573033707865, "eval_accuracy": 0.9353817648421215, "eval_runtime": 2.3042, "eval_samples_per_second": 664.44, "eval_steps_per_second": 83.326, "epoch": 3.0, "step": 405}, {"eval_loss": 0.2660009264945984, "eval_precision": 0.050761421319796954, "eval_recall": 0.011402508551881414, "eval_f1": 0.0186219739292365, "eval_accuracy": 0.9340693275689029, "eval_runtime": 2.3069, "eval_samples_per_second": 663.654, "eval_steps_per_second": 83.228, "epoch": 2.0, "step": 270}, {"eval_loss": 0.31126874685287476, "eval_precision": 0.0, "eval_recall": 0.0, "eval_f1": 0.0, "eval_accuracy": 0.9341465297614452, "eval_runtime": 2.3121, "eval_samples_per_second": 662.156, "eval_steps_per_second": 83.04, "epoch": 1.0, "step": 135}]}