{"timestamp": "08161327", "num_seeds": 5, "task": "tsa-intensity", "model_shortname": "XLM-R_base", "machinery": "fox", "args_dict": {"model_name_or_path": "xlm-roberta-base", "dataset_name": "data/tsa_intensity", "seed": 101, "per_device_train_batch_size": 32, "task_name": "08161327_tsa-intensity_XLM-R_base", "output_dir": "/cluster/work/projects/ec30/egilron/tsa-hf/08161327_tsa-intensity_XLM-R_base", "overwrite_cache": true, "overwrite_output_dir": true, "do_train": true, "num_train_epochs": 16, "do_eval": true, "return_entity_level_metrics": false, "use_auth_token": false, "logging_strategy": "epoch", "save_strategy": "epoch", "evaluation_strategy": "epoch", "save_total_limit": 1, "load_best_model_at_end": true, "label_column_name": "tsa_tags", "disable_tqdm": true, "do_predict": true, "text_column_name": "tokens", "learning_rate": 1e-05}, "best_epoch": 15, "train_epochs_val": [{"eval_loss": 0.28478074073791504, "eval_precision": 0.26632653061224487, "eval_recall": 0.2976054732041049, "eval_f1": 0.28109854604200324, "eval_accuracy": 0.9324480815255153, "eval_runtime": 2.3237, "eval_samples_per_second": 658.865, "eval_steps_per_second": 82.627, "epoch": 15.0, "step": 4050}, {"eval_loss": 0.28619086742401123, "eval_precision": 0.2641315519013361, "eval_recall": 0.29304446978335236, "eval_f1": 0.2778378378378379, "eval_accuracy": 0.9328726935844978, "eval_runtime": 2.3211, "eval_samples_per_second": 659.597, "eval_steps_per_second": 82.719, "epoch": 16.0, "step": 4320}, {"eval_loss": 0.28146135807037354, "eval_precision": 0.2569373072970195, "eval_recall": 0.28506271379703535, "eval_f1": 0.27027027027027023, "eval_accuracy": 0.9319848683702617, "eval_runtime": 2.32, "eval_samples_per_second": 659.904, "eval_steps_per_second": 82.757, "epoch": 14.0, "step": 3780}, {"eval_loss": 0.27028587460517883, "eval_precision": 0.2586027111574557, "eval_recall": 0.28278221208665905, "eval_f1": 0.27015250544662306, "eval_accuracy": 0.9334903111248359, "eval_runtime": 2.3205, "eval_samples_per_second": 659.776, "eval_steps_per_second": 82.741, "epoch": 12.0, "step": 3240}, {"eval_loss": 0.26427847146987915, "eval_precision": 0.26419213973799127, "eval_recall": 0.2759407069555302, "eval_f1": 0.26993865030674846, "eval_accuracy": 0.9350343549756813, "eval_runtime": 2.3227, "eval_samples_per_second": 659.139, "eval_steps_per_second": 82.661, "epoch": 11.0, "step": 2970}, {"eval_loss": 0.27714020013809204, "eval_precision": 0.26218851570964247, "eval_recall": 0.2759407069555302, "eval_f1": 0.2688888888888889, "eval_accuracy": 0.9342237319539874, "eval_runtime": 2.3219, "eval_samples_per_second": 659.361, "eval_steps_per_second": 82.689, "epoch": 13.0, "step": 3510}, {"eval_loss": 0.25367096066474915, "eval_precision": 0.24854368932038834, "eval_recall": 0.2919042189281642, "eval_f1": 0.26848453067645517, "eval_accuracy": 0.9295143982089091, "eval_runtime": 2.3204, "eval_samples_per_second": 659.799, "eval_steps_per_second": 82.744, "epoch": 8.0, "step": 2160}, {"eval_loss": 0.255369633436203, "eval_precision": 0.2576235541535226, "eval_recall": 0.27936145952109465, "eval_f1": 0.26805251641137856, "eval_accuracy": 0.9348799505905968, "eval_runtime": 2.3263, "eval_samples_per_second": 658.141, "eval_steps_per_second": 82.536, "epoch": 9.0, "step": 2430}, {"eval_loss": 0.26583608984947205, "eval_precision": 0.2557883131201764, "eval_recall": 0.2645381984036488, "eval_f1": 0.26008968609865474, "eval_accuracy": 0.9339149231838184, "eval_runtime": 2.3754, "eval_samples_per_second": 644.518, "eval_steps_per_second": 80.828, "epoch": 10.0, "step": 2700}, {"eval_loss": 0.24382321536540985, "eval_precision": 0.23402163225172073, "eval_recall": 0.27137970353477764, "eval_f1": 0.25131995776135163, "eval_accuracy": 0.931791862888906, "eval_runtime": 2.3162, "eval_samples_per_second": 660.998, "eval_steps_per_second": 82.895, "epoch": 7.0, "step": 1890}, {"eval_loss": 0.22406010329723358, "eval_precision": 0.2768115942028985, "eval_recall": 0.217787913340935, "eval_f1": 0.24377791959157624, "eval_accuracy": 0.9392418744692349, "eval_runtime": 2.32, "eval_samples_per_second": 659.926, "eval_steps_per_second": 82.76, "epoch": 4.0, "step": 1080}, {"eval_loss": 0.23286989331245422, "eval_precision": 0.260748959778086, "eval_recall": 0.21436716077537057, "eval_f1": 0.23529411764705882, "eval_accuracy": 0.9394734810468617, "eval_runtime": 2.3186, "eval_samples_per_second": 660.32, "eval_steps_per_second": 82.81, "epoch": 6.0, "step": 1620}, {"eval_loss": 0.2279004156589508, "eval_precision": 0.24592592592592594, "eval_recall": 0.18928164196123148, "eval_f1": 0.2139175257731959, "eval_accuracy": 0.9370802130780514, "eval_runtime": 2.3213, "eval_samples_per_second": 659.545, "eval_steps_per_second": 82.712, "epoch": 5.0, "step": 1350}, {"eval_loss": 0.228524312376976, "eval_precision": 0.20583717357910905, "eval_recall": 0.15279361459521096, "eval_f1": 0.17539267015706805, "eval_accuracy": 0.9356905736122906, "eval_runtime": 2.323, "eval_samples_per_second": 659.066, "eval_steps_per_second": 82.652, "epoch": 3.0, "step": 810}, {"eval_loss": 0.24109962582588196, "eval_precision": 0.1891891891891892, "eval_recall": 0.08779931584948689, "eval_f1": 0.11993769470404983, "eval_accuracy": 0.936655601019069, "eval_runtime": 2.3171, "eval_samples_per_second": 660.751, "eval_steps_per_second": 82.864, "epoch": 2.0, "step": 540}, {"eval_loss": 0.27591341733932495, "eval_precision": 0.0, "eval_recall": 0.0, "eval_f1": 0.0, "eval_accuracy": 0.9342237319539874, "eval_runtime": 2.3288, "eval_samples_per_second": 657.409, "eval_steps_per_second": 82.445, "epoch": 1.0, "step": 270}]}