{"timestamp": "08161327", "num_seeds": 5, "task": "tsa-intensity", "model_shortname": "XLM-R_base", "machinery": "fox", "args_dict": {"model_name_or_path": "xlm-roberta-base", "dataset_name": "data/tsa_intensity", "seed": 101, "per_device_train_batch_size": 32, "task_name": "08161327_tsa-intensity_XLM-R_base", "output_dir": "/cluster/work/projects/ec30/egilron/tsa-hf/08161327_tsa-intensity_XLM-R_base", "overwrite_cache": true, "overwrite_output_dir": true, "do_train": true, "num_train_epochs": 16, "do_eval": true, "return_entity_level_metrics": false, "use_auth_token": false, "logging_strategy": "epoch", "save_strategy": "epoch", "evaluation_strategy": "epoch", "save_total_limit": 1, "load_best_model_at_end": true, "label_column_name": "tsa_tags", "disable_tqdm": true, "do_predict": true, "text_column_name": "tokens", "learning_rate": 5e-05}, "best_epoch": 8, "train_epochs_val": [{"eval_loss": 0.36367982625961304, "eval_precision": 0.2584973166368515, "eval_recall": 0.3295324971493729, "eval_f1": 0.28972431077694233, "eval_accuracy": 0.9268123214699298, "eval_runtime": 2.3024, "eval_samples_per_second": 664.972, "eval_steps_per_second": 83.393, "epoch": 8.0, "step": 2160}, {"eval_loss": 0.4636712074279785, "eval_precision": 0.2692307692307692, "eval_recall": 0.2953249714937286, "eval_f1": 0.28167482327351817, "eval_accuracy": 0.93090403767467, "eval_runtime": 2.2996, "eval_samples_per_second": 665.754, "eval_steps_per_second": 83.491, "epoch": 15.0, "step": 4050}, {"eval_loss": 0.4623171091079712, "eval_precision": 0.2626865671641791, "eval_recall": 0.3010262257696693, "eval_f1": 0.2805526036131775, "eval_accuracy": 0.930054813556705, "eval_runtime": 2.2953, "eval_samples_per_second": 667.011, "eval_steps_per_second": 83.649, "epoch": 14.0, "step": 3780}, {"eval_loss": 0.4668651223182678, "eval_precision": 0.2669447340980188, "eval_recall": 0.2919042189281642, "eval_f1": 0.2788671023965142, "eval_accuracy": 0.931212846444839, "eval_runtime": 2.2946, "eval_samples_per_second": 667.21, "eval_steps_per_second": 83.674, "epoch": 16.0, "step": 4320}, {"eval_loss": 0.4405786693096161, "eval_precision": 0.27153762268266085, "eval_recall": 0.2839224629418472, "eval_f1": 0.2775919732441472, "eval_accuracy": 0.9326796881031422, "eval_runtime": 2.3024, "eval_samples_per_second": 664.95, "eval_steps_per_second": 83.39, "epoch": 13.0, "step": 3510}, {"eval_loss": 0.4207741320133209, "eval_precision": 0.2519455252918288, "eval_recall": 0.2953249714937286, "eval_f1": 0.27191601049868763, "eval_accuracy": 0.9301320157492473, "eval_runtime": 2.2957, "eval_samples_per_second": 666.888, "eval_steps_per_second": 83.633, "epoch": 12.0, "step": 3240}, {"eval_loss": 0.34021782875061035, "eval_precision": 0.25609756097560976, "eval_recall": 0.28734321550741165, "eval_f1": 0.27082213863514243, "eval_accuracy": 0.9296302014977226, "eval_runtime": 2.2967, "eval_samples_per_second": 666.601, "eval_steps_per_second": 83.597, "epoch": 7.0, "step": 1890}, {"eval_loss": 0.39495953917503357, "eval_precision": 0.24877571008814886, "eval_recall": 0.2896237172177879, "eval_f1": 0.26765015806111697, "eval_accuracy": 0.9299776113641628, "eval_runtime": 2.3586, "eval_samples_per_second": 649.104, "eval_steps_per_second": 81.403, "epoch": 10.0, "step": 2700}, {"eval_loss": 0.3995533287525177, "eval_precision": 0.2472582253240279, "eval_recall": 0.28278221208665905, "eval_f1": 0.26382978723404255, "eval_accuracy": 0.9316374585038215, "eval_runtime": 2.3051, "eval_samples_per_second": 664.17, "eval_steps_per_second": 83.292, "epoch": 11.0, "step": 2970}, {"eval_loss": 0.37497544288635254, "eval_precision": 0.2436399217221135, "eval_recall": 0.2839224629418472, "eval_f1": 0.2622432859399684, "eval_accuracy": 0.9290897861499267, "eval_runtime": 2.2932, "eval_samples_per_second": 667.63, "eval_steps_per_second": 83.726, "epoch": 9.0, "step": 2430}, {"eval_loss": 0.2982865869998932, "eval_precision": 0.2633587786259542, "eval_recall": 0.23603192702394526, "eval_f1": 0.24894768490679495, "eval_accuracy": 0.9356133714197483, "eval_runtime": 2.2931, "eval_samples_per_second": 667.656, "eval_steps_per_second": 83.73, "epoch": 6.0, "step": 1620}, {"eval_loss": 0.22564637660980225, "eval_precision": 0.22962962962962963, "eval_recall": 0.24743443557582667, "eval_f1": 0.23819978046103185, "eval_accuracy": 0.9331429012583957, "eval_runtime": 2.302, "eval_samples_per_second": 665.067, "eval_steps_per_second": 83.405, "epoch": 3.0, "step": 810}, {"eval_loss": 0.26907485723495483, "eval_precision": 0.2001654259718776, "eval_recall": 0.2759407069555302, "eval_f1": 0.23202301054650046, "eval_accuracy": 0.9216011734733266, "eval_runtime": 2.2938, "eval_samples_per_second": 667.451, "eval_steps_per_second": 83.704, "epoch": 4.0, "step": 1080}, {"eval_loss": 0.27710220217704773, "eval_precision": 0.22089227421109903, "eval_recall": 0.2314709236031927, "eval_f1": 0.22605790645879734, "eval_accuracy": 0.9299390102678916, "eval_runtime": 2.2914, "eval_samples_per_second": 668.143, "eval_steps_per_second": 83.791, "epoch": 5.0, "step": 1350}, {"eval_loss": 0.24594265222549438, "eval_precision": 0.19337979094076654, "eval_recall": 0.1265678449258837, "eval_f1": 0.15299793246037216, "eval_accuracy": 0.9340693275689029, "eval_runtime": 2.3036, "eval_samples_per_second": 664.62, "eval_steps_per_second": 83.349, "epoch": 1.0, "step": 270}, {"eval_loss": 0.22379407286643982, "eval_precision": 0.23155216284987276, "eval_recall": 0.10376282782212087, "eval_f1": 0.1433070866141732, "eval_accuracy": 0.9373118196556782, "eval_runtime": 2.2933, "eval_samples_per_second": 667.586, "eval_steps_per_second": 83.721, "epoch": 2.0, "step": 540}]}