{"timestamp": "08161327", "num_seeds": 5, "task": "tsa-intensity", "model_shortname": "NorBERT_3_base", "machinery": "fox", "args_dict": {"model_name_or_path": "ltg/norbert3-base", "dataset_name": "data/tsa_intensity", "seed": 101, "per_device_train_batch_size": 64, "task_name": "08161327_tsa-intensity_NorBERT_3_base", "output_dir": "/cluster/work/projects/ec30/egilron/tsa-hf/08161327_tsa-intensity_NorBERT_3_base", "overwrite_cache": true, "overwrite_output_dir": true, "do_train": true, "num_train_epochs": 16, "do_eval": true, "return_entity_level_metrics": false, "use_auth_token": false, "logging_strategy": "epoch", "save_strategy": "epoch", "evaluation_strategy": "epoch", "save_total_limit": 1, "load_best_model_at_end": true, "label_column_name": "tsa_tags", "disable_tqdm": true, "do_predict": true, "text_column_name": "tokens", "learning_rate": 0.0001}, "best_epoch": 8, "train_epochs_val": [{"eval_loss": 0.4028903841972351, "eval_precision": 0.2841409691629956, "eval_recall": 0.29418472063854045, "eval_f1": 0.2890756302521008, "eval_accuracy": 0.93669420211534, "eval_runtime": 3.0049, "eval_samples_per_second": 509.506, "eval_steps_per_second": 63.896, "epoch": 8.0, "step": 1080}, {"eval_loss": 0.4189043343067169, "eval_precision": 0.3053435114503817, "eval_recall": 0.27366020524515394, "eval_f1": 0.28863499699338546, "eval_accuracy": 0.9406701150312669, "eval_runtime": 3.0004, "eval_samples_per_second": 510.27, "eval_steps_per_second": 63.992, "epoch": 10.0, "step": 1350}, {"eval_loss": 0.29416996240615845, "eval_precision": 0.27546777546777546, "eval_recall": 0.30216647662485746, "eval_f1": 0.288200108754758, "eval_accuracy": 0.9330270979695824, "eval_runtime": 3.0043, "eval_samples_per_second": 509.605, "eval_steps_per_second": 63.909, "epoch": 4.0, "step": 540}, {"eval_loss": 0.4472149908542633, "eval_precision": 0.28555304740406323, "eval_recall": 0.28848346636259975, "eval_f1": 0.28701077708451506, "eval_accuracy": 0.9380066393885587, "eval_runtime": 3.0065, "eval_samples_per_second": 509.226, "eval_steps_per_second": 63.861, "epoch": 15.0, "step": 2025}, {"eval_loss": 0.4456722140312195, "eval_precision": 0.2878612716763006, "eval_recall": 0.2839224629418472, "eval_f1": 0.28587830080367393, "eval_accuracy": 0.9380452404848297, "eval_runtime": 3.0081, "eval_samples_per_second": 508.958, "eval_steps_per_second": 63.828, "epoch": 13.0, "step": 1755}, {"eval_loss": 0.4128113389015198, "eval_precision": 0.2821948488241881, "eval_recall": 0.28734321550741165, "eval_f1": 0.28474576271186447, "eval_accuracy": 0.9374276229444917, "eval_runtime": 3.0614, "eval_samples_per_second": 500.101, "eval_steps_per_second": 62.717, "epoch": 9.0, "step": 1215}, {"eval_loss": 0.21173717081546783, "eval_precision": 0.3046875, "eval_recall": 0.2668187001140251, "eval_f1": 0.2844984802431611, "eval_accuracy": 0.9393962788543194, "eval_runtime": 2.9996, "eval_samples_per_second": 510.406, "eval_steps_per_second": 64.009, "epoch": 2.0, "step": 270}, {"eval_loss": 0.4471815526485443, "eval_precision": 0.28738317757009346, "eval_recall": 0.2805017103762828, "eval_f1": 0.28390075014425853, "eval_accuracy": 0.9387400602177102, "eval_runtime": 3.0034, "eval_samples_per_second": 509.764, "eval_steps_per_second": 63.929, "epoch": 14.0, "step": 1890}, {"eval_loss": 0.4493212103843689, "eval_precision": 0.2837370242214533, "eval_recall": 0.2805017103762828, "eval_f1": 0.2821100917431193, "eval_accuracy": 0.9380066393885587, "eval_runtime": 3.0076, "eval_samples_per_second": 509.038, "eval_steps_per_second": 63.837, "epoch": 16.0, "step": 2160}, {"eval_loss": 0.25971895456314087, "eval_precision": 0.26605504587155965, "eval_recall": 0.2976054732041049, "eval_f1": 0.2809472551130248, "eval_accuracy": 0.9353045626495793, "eval_runtime": 3.0051, "eval_samples_per_second": 509.47, "eval_steps_per_second": 63.892, "epoch": 3.0, "step": 405}, {"eval_loss": 0.44223085045814514, "eval_precision": 0.28708133971291866, "eval_recall": 0.27366020524515394, "eval_f1": 0.28021015761821366, "eval_accuracy": 0.9381996448699143, "eval_runtime": 3.0043, "eval_samples_per_second": 509.604, "eval_steps_per_second": 63.909, "epoch": 12.0, "step": 1620}, {"eval_loss": 0.43108466267585754, "eval_precision": 0.2718232044198895, "eval_recall": 0.2805017103762828, "eval_f1": 0.2760942760942761, "eval_accuracy": 0.9374662240407627, "eval_runtime": 3.0077, "eval_samples_per_second": 509.034, "eval_steps_per_second": 63.837, "epoch": 11.0, "step": 1485}, {"eval_loss": 0.38536110520362854, "eval_precision": 0.2779783393501805, "eval_recall": 0.2633979475484607, "eval_f1": 0.2704918032786886, "eval_accuracy": 0.9385470547363545, "eval_runtime": 3.0015, "eval_samples_per_second": 510.074, "eval_steps_per_second": 63.967, "epoch": 7.0, "step": 945}, {"eval_loss": 0.3259243369102478, "eval_precision": 0.2727272727272727, "eval_recall": 0.2668187001140251, "eval_f1": 0.26974063400576365, "eval_accuracy": 0.9359221801899174, "eval_runtime": 3.0058, "eval_samples_per_second": 509.341, "eval_steps_per_second": 63.876, "epoch": 5.0, "step": 675}, {"eval_loss": 0.3563959300518036, "eval_precision": 0.26008492569002123, "eval_recall": 0.27936145952109465, "eval_f1": 0.26937877954920286, "eval_accuracy": 0.9353817648421215, "eval_runtime": 3.0037, "eval_samples_per_second": 509.712, "eval_steps_per_second": 63.922, "epoch": 6.0, "step": 810}, {"eval_loss": 0.2037721872329712, "eval_precision": 0.2665764546684709, "eval_recall": 0.22462941847206386, "eval_f1": 0.24381188118811883, "eval_accuracy": 0.940708716127538, "eval_runtime": 3.0281, "eval_samples_per_second": 505.602, "eval_steps_per_second": 63.407, "epoch": 1.0, "step": 135}]}