{"timestamp": "08161531", "num_seeds": 5, "task": "tsa-bin", "model_shortname": "NB-Roberta_base", "machinery": "fox", "args_dict": {"model_name_or_path": "NbAiLab/nb-roberta-base-ncc-plus-scandi-1e4", "dataset_name": "data/tsa_binary", "seed": 101, "per_device_train_batch_size": 32, "task_name": "08161531_tsa-bin_NB-Roberta_base", "output_dir": "/cluster/work/projects/ec30/egilron/tsa-hf/08161531_tsa-bin_NB-Roberta_base", "overwrite_cache": true, "overwrite_output_dir": true, "do_train": true, "num_train_epochs": 16, "do_eval": true, "return_entity_level_metrics": false, "use_auth_token": false, "logging_strategy": "epoch", "save_strategy": "epoch", "evaluation_strategy": "epoch", "save_total_limit": 1, "load_best_model_at_end": true, "label_column_name": "tsa_tags", "disable_tqdm": true, "do_predict": true, "text_column_name": "tokens", "learning_rate": 0.0001}, "best_epoch": 1, "train_epochs_val": [{"eval_loss": 0.33112114667892456, "eval_precision": 0.0, "eval_recall": 0.0, "eval_f1": 0.0, "eval_accuracy": 0.9341851308577164, "eval_runtime": 2.3119, "eval_samples_per_second": 662.227, "eval_steps_per_second": 83.049, "epoch": 1.0, "step": 270}, {"eval_loss": 0.331179678440094, "eval_precision": 0.0, "eval_recall": 0.0, "eval_f1": 0.0, "eval_accuracy": 0.9341851308577164, "eval_runtime": 2.3072, "eval_samples_per_second": 663.584, "eval_steps_per_second": 83.219, "epoch": 2.0, "step": 540}, {"eval_loss": 0.33408811688423157, "eval_precision": 0.0, "eval_recall": 0.0, "eval_f1": 0.0, "eval_accuracy": 0.9341851308577164, "eval_runtime": 2.2988, "eval_samples_per_second": 665.989, "eval_steps_per_second": 83.521, "epoch": 3.0, "step": 810}, {"eval_loss": 0.331036776304245, "eval_precision": 0.0, "eval_recall": 0.0, "eval_f1": 0.0, "eval_accuracy": 0.9341851308577164, "eval_runtime": 2.3028, "eval_samples_per_second": 664.832, "eval_steps_per_second": 83.375, "epoch": 4.0, "step": 1080}, {"eval_loss": 0.3322940170764923, "eval_precision": 0.0, "eval_recall": 0.0, "eval_f1": 0.0, "eval_accuracy": 0.9341851308577164, "eval_runtime": 2.3028, "eval_samples_per_second": 664.838, "eval_steps_per_second": 83.376, "epoch": 5.0, "step": 1350}, {"eval_loss": 0.33150896430015564, "eval_precision": 0.0, "eval_recall": 0.0, "eval_f1": 0.0, "eval_accuracy": 0.9341851308577164, "eval_runtime": 2.3016, "eval_samples_per_second": 665.179, "eval_steps_per_second": 83.419, "epoch": 6.0, "step": 1620}, {"eval_loss": 0.33230334520339966, "eval_precision": 0.0, "eval_recall": 0.0, "eval_f1": 0.0, "eval_accuracy": 0.9341851308577164, "eval_runtime": 2.2999, "eval_samples_per_second": 665.672, "eval_steps_per_second": 83.481, "epoch": 7.0, "step": 1890}, {"eval_loss": 0.3304588198661804, "eval_precision": 0.0, "eval_recall": 0.0, "eval_f1": 0.0, "eval_accuracy": 0.9341851308577164, "eval_runtime": 2.3027, "eval_samples_per_second": 664.864, "eval_steps_per_second": 83.379, "epoch": 8.0, "step": 2160}, {"eval_loss": 0.3319235146045685, "eval_precision": 0.0, "eval_recall": 0.0, "eval_f1": 0.0, "eval_accuracy": 0.9341851308577164, "eval_runtime": 2.2962, "eval_samples_per_second": 666.76, "eval_steps_per_second": 83.617, "epoch": 9.0, "step": 2430}, {"eval_loss": 0.33230268955230713, "eval_precision": 0.0, "eval_recall": 0.0, "eval_f1": 0.0, "eval_accuracy": 0.9341851308577164, "eval_runtime": 2.3573, "eval_samples_per_second": 649.461, "eval_steps_per_second": 81.448, "epoch": 10.0, "step": 2700}, {"eval_loss": 0.3305889368057251, "eval_precision": 0.0, "eval_recall": 0.0, "eval_f1": 0.0, "eval_accuracy": 0.9341851308577164, "eval_runtime": 2.3002, "eval_samples_per_second": 665.6, "eval_steps_per_second": 83.472, "epoch": 11.0, "step": 2970}, {"eval_loss": 0.3340466320514679, "eval_precision": 0.0, "eval_recall": 0.0, "eval_f1": 0.0, "eval_accuracy": 0.9341851308577164, "eval_runtime": 2.3015, "eval_samples_per_second": 665.225, "eval_steps_per_second": 83.425, "epoch": 12.0, "step": 3240}, {"eval_loss": 0.33322879672050476, "eval_precision": 0.0, "eval_recall": 0.0, "eval_f1": 0.0, "eval_accuracy": 0.9341851308577164, "eval_runtime": 2.3018, "eval_samples_per_second": 665.142, "eval_steps_per_second": 83.414, "epoch": 13.0, "step": 3510}, {"eval_loss": 0.331869900226593, "eval_precision": 0.0, "eval_recall": 0.0, "eval_f1": 0.0, "eval_accuracy": 0.9341851308577164, "eval_runtime": 2.3045, "eval_samples_per_second": 664.364, "eval_steps_per_second": 83.317, "epoch": 14.0, "step": 3780}, {"eval_loss": 0.3335234820842743, "eval_precision": 0.0, "eval_recall": 0.0, "eval_f1": 0.0, "eval_accuracy": 0.9341851308577164, "eval_runtime": 2.3007, "eval_samples_per_second": 665.436, "eval_steps_per_second": 83.451, "epoch": 15.0, "step": 4050}, {"eval_loss": 0.3330625891685486, "eval_precision": 0.0, "eval_recall": 0.0, "eval_f1": 0.0, "eval_accuracy": 0.9341851308577164, "eval_runtime": 2.3016, "eval_samples_per_second": 665.182, "eval_steps_per_second": 83.419, "epoch": 16.0, "step": 4320}]}