{"timestamp": "08161327", "num_seeds": 5, "task": "tsa-intensity", "model_shortname": "NorBERT_3_base", "machinery": "fox", "args_dict": {"model_name_or_path": "ltg/norbert3-base", "dataset_name": "data/tsa_intensity", "seed": 101, "per_device_train_batch_size": 32, "task_name": "08161327_tsa-intensity_NorBERT_3_base", "output_dir": "/cluster/work/projects/ec30/egilron/tsa-hf/08161327_tsa-intensity_NorBERT_3_base", "overwrite_cache": true, "overwrite_output_dir": true, "do_train": true, "num_train_epochs": 16, "do_eval": true, "return_entity_level_metrics": false, "use_auth_token": false, "logging_strategy": "epoch", "save_strategy": "epoch", "evaluation_strategy": "epoch", "save_total_limit": 1, "load_best_model_at_end": true, "label_column_name": "tsa_tags", "disable_tqdm": true, "do_predict": true, "text_column_name": "tokens", "learning_rate": 1e-05}, "best_epoch": 7, "train_epochs_val": [{"eval_loss": 0.255245566368103, "eval_precision": 0.30095036958817317, "eval_recall": 0.3249714937286203, "eval_f1": 0.31249999999999994, "eval_accuracy": 0.937273218559407, "eval_runtime": 2.9896, "eval_samples_per_second": 512.112, "eval_steps_per_second": 64.223, "epoch": 7.0, "step": 1890}, {"eval_loss": 0.31246089935302734, "eval_precision": 0.2996777658431794, "eval_recall": 0.3181299885974915, "eval_f1": 0.30862831858407086, "eval_accuracy": 0.937543426233305, "eval_runtime": 2.9851, "eval_samples_per_second": 512.878, "eval_steps_per_second": 64.319, "epoch": 14.0, "step": 3780}, {"eval_loss": 0.3136601150035858, "eval_precision": 0.28976697061803447, "eval_recall": 0.3261117445838084, "eval_f1": 0.3068669527896996, "eval_accuracy": 0.9371574152705937, "eval_runtime": 2.9956, "eval_samples_per_second": 511.083, "eval_steps_per_second": 64.094, "epoch": 15.0, "step": 4050}, {"eval_loss": 0.31514567136764526, "eval_precision": 0.29123173277661796, "eval_recall": 0.3181299885974915, "eval_f1": 0.3040871934604905, "eval_accuracy": 0.9376206284258473, "eval_runtime": 2.9872, "eval_samples_per_second": 512.525, "eval_steps_per_second": 64.275, "epoch": 16.0, "step": 4320}, {"eval_loss": 0.3071484863758087, "eval_precision": 0.2902542372881356, "eval_recall": 0.3124287343215507, "eval_f1": 0.30093355299286106, "eval_accuracy": 0.9380452404848297, "eval_runtime": 2.9971, "eval_samples_per_second": 510.833, "eval_steps_per_second": 64.063, "epoch": 13.0, "step": 3510}, {"eval_loss": 0.30264031887054443, "eval_precision": 0.2849846782431052, "eval_recall": 0.3181299885974915, "eval_f1": 0.30064655172413796, "eval_accuracy": 0.9376978306183895, "eval_runtime": 2.981, "eval_samples_per_second": 513.589, "eval_steps_per_second": 64.408, "epoch": 12.0, "step": 3240}, {"eval_loss": 0.27170345187187195, "eval_precision": 0.28043912175648705, "eval_recall": 0.3204104903078677, "eval_f1": 0.29909526343799897, "eval_accuracy": 0.9357677758048328, "eval_runtime": 2.9927, "eval_samples_per_second": 511.575, "eval_steps_per_second": 64.156, "epoch": 9.0, "step": 2430}, {"eval_loss": 0.2950732409954071, "eval_precision": 0.29314159292035397, "eval_recall": 0.30216647662485746, "eval_f1": 0.29758562605277933, "eval_accuracy": 0.9388944646027947, "eval_runtime": 2.9986, "eval_samples_per_second": 510.571, "eval_steps_per_second": 64.03, "epoch": 11.0, "step": 2970}, {"eval_loss": 0.28079405426979065, "eval_precision": 0.28154327424400416, "eval_recall": 0.30786773090079816, "eval_f1": 0.29411764705882354, "eval_accuracy": 0.936964409789238, "eval_runtime": 2.9931, "eval_samples_per_second": 511.507, "eval_steps_per_second": 64.147, "epoch": 10.0, "step": 2700}, {"eval_loss": 0.2681784927845001, "eval_precision": 0.26705653021442494, "eval_recall": 0.3124287343215507, "eval_f1": 0.2879663688912244, "eval_accuracy": 0.9354589670346638, "eval_runtime": 2.9965, "eval_samples_per_second": 510.923, "eval_steps_per_second": 64.074, "epoch": 8.0, "step": 2160}, {"eval_loss": 0.24560841917991638, "eval_precision": 0.28554502369668244, "eval_recall": 0.2748004561003421, "eval_f1": 0.2800697269029634, "eval_accuracy": 0.9378908360997452, "eval_runtime": 2.9902, "eval_samples_per_second": 512.009, "eval_steps_per_second": 64.21, "epoch": 6.0, "step": 1620}, {"eval_loss": 0.2316725105047226, "eval_precision": 0.3069306930693069, "eval_recall": 0.24743443557582667, "eval_f1": 0.27398989898989895, "eval_accuracy": 0.9412491314753338, "eval_runtime": 2.9921, "eval_samples_per_second": 511.682, "eval_steps_per_second": 64.169, "epoch": 5.0, "step": 1350}, {"eval_loss": 0.21822229027748108, "eval_precision": 0.28552803129074317, "eval_recall": 0.24971493728620298, "eval_f1": 0.2664233576642336, "eval_accuracy": 0.9410175248977071, "eval_runtime": 2.9914, "eval_samples_per_second": 511.806, "eval_steps_per_second": 64.185, "epoch": 4.0, "step": 1080}, {"eval_loss": 0.20663760602474213, "eval_precision": 0.25554106910039115, "eval_recall": 0.2234891676168757, "eval_f1": 0.23844282238442824, "eval_accuracy": 0.9406315139349958, "eval_runtime": 2.9937, "eval_samples_per_second": 511.4, "eval_steps_per_second": 64.134, "epoch": 3.0, "step": 810}, {"eval_loss": 0.20576012134552002, "eval_precision": 0.2152777777777778, "eval_recall": 0.17673888255416192, "eval_f1": 0.19411396368190356, "eval_accuracy": 0.9399366942021153, "eval_runtime": 2.9977, "eval_samples_per_second": 510.732, "eval_steps_per_second": 64.05, "epoch": 2.0, "step": 540}, {"eval_loss": 0.23748701810836792, "eval_precision": 0.1989342806394316, "eval_recall": 0.12770809578107184, "eval_f1": 0.15555555555555556, "eval_accuracy": 0.9373504207519494, "eval_runtime": 3.0032, "eval_samples_per_second": 509.783, "eval_steps_per_second": 63.931, "epoch": 1.0, "step": 270}]}