{"timestamp": "08231013", "task": "tsa-bin", "model_shortname": "NorBERT_3_base", "machinery": "fox", "args_dict": {"model_name_or_path": "ltg/norbert3-base", "dataset_name": "data/tsa_binary", "seed": 303, "per_device_train_batch_size": 64, "task_name": "08161531_tsa-bin_NorBERT_3_base", "output_dir": "/cluster/work/projects/ec30/egilron/08231013_tsa-bin_NorBERT_3_base_303", "overwrite_cache": true, "overwrite_output_dir": true, "do_train": true, "num_train_epochs": 16, "do_eval": true, "return_entity_level_metrics": false, "use_auth_token": false, "logging_strategy": "epoch", "save_strategy": "epoch", "evaluation_strategy": "epoch", "save_total_limit": 2, "load_best_model_at_end": true, "label_column_name": "tsa_tags", "disable_tqdm": true, "do_predict": true, "text_column_name": "tokens", "learning_rate": 1e-05}, "best_epoch": 15, "train_epochs_val": [{"eval_loss": 0.22698992490768433, "eval_precision": 0.5078369905956113, "eval_recall": 0.5541619156214367, "eval_f1": 0.5299890948745909, "eval_accuracy": 0.9512468154095576, "eval_runtime": 3.0873, "eval_samples_per_second": 495.899, "eval_steps_per_second": 62.19, "epoch": 15.0, "step": 2025}, {"eval_loss": 0.2263256013393402, "eval_precision": 0.5174291938997821, "eval_recall": 0.5416191562143672, "eval_f1": 0.5292479108635098, "eval_accuracy": 0.9520188373349803, "eval_runtime": 3.0885, "eval_samples_per_second": 495.706, "eval_steps_per_second": 62.166, "epoch": 14.0, "step": 1890}, {"eval_loss": 0.22069339454174042, "eval_precision": 0.521594684385382, "eval_recall": 0.5370581527936146, "eval_f1": 0.5292134831460673, "eval_accuracy": 0.9524048482976917, "eval_runtime": 3.0821, "eval_samples_per_second": 496.734, "eval_steps_per_second": 62.294, "epoch": 13.0, "step": 1755}, {"eval_loss": 0.2149953544139862, "eval_precision": 0.5297482837528604, "eval_recall": 0.5279361459521095, "eval_f1": 0.5288406624785837, "eval_accuracy": 0.9522890450088782, "eval_runtime": 3.0869, "eval_samples_per_second": 495.973, "eval_steps_per_second": 62.199, "epoch": 12.0, "step": 1620}, {"eval_loss": 0.2094244360923767, "eval_precision": 0.5247191011235955, "eval_recall": 0.5324971493728621, "eval_f1": 0.5285795132993775, "eval_accuracy": 0.9517486296610824, "eval_runtime": 3.0805, "eval_samples_per_second": 497.0, "eval_steps_per_second": 62.328, "epoch": 11.0, "step": 1485}, {"eval_loss": 0.17466367781162262, "eval_precision": 0.5073529411764706, "eval_recall": 0.5507411630558723, "eval_f1": 0.5281574630945871, "eval_accuracy": 0.9500887825214236, "eval_runtime": 3.0912, "eval_samples_per_second": 495.276, "eval_steps_per_second": 62.112, "epoch": 7.0, "step": 945}, {"eval_loss": 0.20835359394550323, "eval_precision": 0.5236486486486487, "eval_recall": 0.5302166476624858, "eval_f1": 0.5269121813031162, "eval_accuracy": 0.9522890450088782, "eval_runtime": 3.079, "eval_samples_per_second": 497.243, "eval_steps_per_second": 62.358, "epoch": 10.0, "step": 1350}, {"eval_loss": 0.22723615169525146, "eval_precision": 0.5052410901467506, "eval_recall": 0.5496009122006842, "eval_f1": 0.5264882577826325, "eval_accuracy": 0.9509766077356597, "eval_runtime": 3.086, "eval_samples_per_second": 496.105, "eval_steps_per_second": 62.216, "epoch": 16.0, "step": 2160}, {"eval_loss": 0.16781947016716003, "eval_precision": 0.49643947100712105, "eval_recall": 0.556442417331813, "eval_f1": 0.5247311827956989, "eval_accuracy": 0.951053809928202, "eval_runtime": 3.0921, "eval_samples_per_second": 495.13, "eval_steps_per_second": 62.093, "epoch": 6.0, "step": 810}, {"eval_loss": 0.1847398579120636, "eval_precision": 0.5116022099447514, "eval_recall": 0.5279361459521095, "eval_f1": 0.5196408529741864, "eval_accuracy": 0.9515170230834555, "eval_runtime": 3.0946, "eval_samples_per_second": 494.737, "eval_steps_per_second": 62.044, "epoch": 8.0, "step": 1080}, {"eval_loss": 0.1908756047487259, "eval_precision": 0.49947201689545934, "eval_recall": 0.5393386545039909, "eval_f1": 0.518640350877193, "eval_accuracy": 0.9517872307573535, "eval_runtime": 3.142, "eval_samples_per_second": 487.263, "eval_steps_per_second": 61.107, "epoch": 9.0, "step": 1215}, {"eval_loss": 0.1565089374780655, "eval_precision": 0.5054945054945055, "eval_recall": 0.5245153933865451, "eval_f1": 0.5148293228875209, "eval_accuracy": 0.9519030340461669, "eval_runtime": 3.0833, "eval_samples_per_second": 496.547, "eval_steps_per_second": 62.271, "epoch": 5.0, "step": 675}, {"eval_loss": 0.14797168970108032, "eval_precision": 0.48283038501560877, "eval_recall": 0.5290763968072976, "eval_f1": 0.5048966267682263, "eval_accuracy": 0.9514012197946422, "eval_runtime": 3.0887, "eval_samples_per_second": 495.673, "eval_steps_per_second": 62.162, "epoch": 3.0, "step": 405}, {"eval_loss": 0.1503627598285675, "eval_precision": 0.48308668076109934, "eval_recall": 0.5210946408209807, "eval_f1": 0.5013713658804169, "eval_accuracy": 0.9499729792326103, "eval_runtime": 3.0898, "eval_samples_per_second": 495.502, "eval_steps_per_second": 62.14, "epoch": 4.0, "step": 540}, {"eval_loss": 0.1490985006093979, "eval_precision": 0.4887005649717514, "eval_recall": 0.3945267958950969, "eval_f1": 0.4365930599369085, "eval_accuracy": 0.9520188373349803, "eval_runtime": 3.0942, "eval_samples_per_second": 494.802, "eval_steps_per_second": 62.052, "epoch": 2.0, "step": 270}, {"eval_loss": 0.18270616233348846, "eval_precision": 0.38827258320126784, "eval_recall": 0.27936145952109465, "eval_f1": 0.3249336870026525, "eval_accuracy": 0.9435265961553309, "eval_runtime": 3.0945, "eval_samples_per_second": 494.743, "eval_steps_per_second": 62.045, "epoch": 1.0, "step": 135}]}