{"timestamp": "08231514", "task": "tsa-intensity", "model_shortname": "NorBERT_3_large", "machinery": "fox", "args_dict": {"model_name_or_path": "ltg/norbert3-large", "dataset_name": "data/tsa_intensity", "seed": 303, "per_device_train_batch_size": 32, "task_name": "08161327_tsa-intensity_NorBERT_3_large", "output_dir": "/cluster/work/projects/ec30/egilron/08231013_tsa-intensity_NorBERT_3_large_303", "overwrite_cache": true, "overwrite_output_dir": true, "do_train": true, "num_train_epochs": 13, "do_eval": true, "return_entity_level_metrics": false, "use_auth_token": false, "logging_strategy": "epoch", "save_strategy": "epoch", "evaluation_strategy": "epoch", "save_total_limit": 2, "load_best_model_at_end": false, "label_column_name": "tsa_tags", "disable_tqdm": true, "do_predict": true, "text_column_name": "tokens", "learning_rate": 1e-05}, "best_epoch": 13, "train_epochs_val": [{"eval_loss": 0.36122360825538635, "eval_precision": 0.317937701396348, "eval_recall": 0.33751425313568983, "eval_f1": 0.3274336283185841, "eval_accuracy": 0.9402841040685556, "eval_runtime": 5.225, "eval_samples_per_second": 293.014, "eval_steps_per_second": 36.746, "epoch": 13.0, "step": 3510}, {"eval_loss": 0.3357197642326355, "eval_precision": 0.3146696528555431, "eval_recall": 0.3204104903078677, "eval_f1": 0.3175141242937853, "eval_accuracy": 0.9407859183200803, "eval_runtime": 5.2273, "eval_samples_per_second": 292.886, "eval_steps_per_second": 36.73, "epoch": 9.0, "step": 2430}, {"eval_loss": 0.3584124743938446, "eval_precision": 0.3027426160337553, "eval_recall": 0.3272519954389966, "eval_f1": 0.31452054794520545, "eval_accuracy": 0.940399907357369, "eval_runtime": 5.2281, "eval_samples_per_second": 292.838, "eval_steps_per_second": 36.724, "epoch": 12.0, "step": 3240}, {"eval_loss": 0.2485019862651825, "eval_precision": 0.29644670050761424, "eval_recall": 0.3329532497149373, "eval_f1": 0.313641245972073, "eval_accuracy": 0.9400910985871999, "eval_runtime": 5.2204, "eval_samples_per_second": 293.275, "eval_steps_per_second": 36.779, "epoch": 5.0, "step": 1350}, {"eval_loss": 0.35418641567230225, "eval_precision": 0.3076923076923077, "eval_recall": 0.31927023945267957, "eval_f1": 0.3133743704532736, "eval_accuracy": 0.9408631205126226, "eval_runtime": 5.2257, "eval_samples_per_second": 292.976, "eval_steps_per_second": 36.742, "epoch": 11.0, "step": 2970}, {"eval_loss": 0.3435921370983124, "eval_precision": 0.3082872928176796, "eval_recall": 0.3181299885974915, "eval_f1": 0.3131313131313132, "eval_accuracy": 0.9402841040685556, "eval_runtime": 5.2243, "eval_samples_per_second": 293.053, "eval_steps_per_second": 36.751, "epoch": 10.0, "step": 2700}, {"eval_loss": 0.3053654730319977, "eval_precision": 0.3196125907990315, "eval_recall": 0.3010262257696693, "eval_f1": 0.3100411039342337, "eval_accuracy": 0.9423685632671968, "eval_runtime": 5.2337, "eval_samples_per_second": 292.526, "eval_steps_per_second": 36.685, "epoch": 8.0, "step": 2160}, {"eval_loss": 0.3000372648239136, "eval_precision": 0.31485849056603776, "eval_recall": 0.30444697833523376, "eval_f1": 0.3095652173913043, "eval_accuracy": 0.9425615687485525, "eval_runtime": 5.2303, "eval_samples_per_second": 292.719, "eval_steps_per_second": 36.709, "epoch": 7.0, "step": 1890}, {"eval_loss": 0.2716219425201416, "eval_precision": 0.309662398137369, "eval_recall": 0.3033067274800456, "eval_f1": 0.3064516129032258, "eval_accuracy": 0.9420983555932988, "eval_runtime": 5.2811, "eval_samples_per_second": 289.9, "eval_steps_per_second": 36.356, "epoch": 6.0, "step": 1620}, {"eval_loss": 0.2209213674068451, "eval_precision": 0.2956120092378753, "eval_recall": 0.2919042189281642, "eval_f1": 0.2937464142283419, "eval_accuracy": 0.9420211534007565, "eval_runtime": 5.2269, "eval_samples_per_second": 292.906, "eval_steps_per_second": 36.733, "epoch": 4.0, "step": 1080}, {"eval_loss": 0.20265702903270721, "eval_precision": 0.2648305084745763, "eval_recall": 0.28506271379703535, "eval_f1": 0.2745744096650192, "eval_accuracy": 0.940129699683471, "eval_runtime": 5.2271, "eval_samples_per_second": 292.895, "eval_steps_per_second": 36.731, "epoch": 3.0, "step": 810}, {"eval_loss": 0.1911405473947525, "eval_precision": 0.28751753155680226, "eval_recall": 0.233751425313569, "eval_f1": 0.2578616352201258, "eval_accuracy": 0.9446074268509226, "eval_runtime": 5.227, "eval_samples_per_second": 292.904, "eval_steps_per_second": 36.733, "epoch": 2.0, "step": 540}, {"eval_loss": 0.20739461481571198, "eval_precision": 0.2547307132459971, "eval_recall": 0.19954389965792474, "eval_f1": 0.2237851662404092, "eval_accuracy": 0.9405543117424535, "eval_runtime": 5.2593, "eval_samples_per_second": 291.103, "eval_steps_per_second": 36.507, "epoch": 1.0, "step": 270}]}