{"timestamp": "08231514", "task": "tsa-bin", "model_shortname": "NorBERT_3_base", "machinery": "fox", "args_dict": {"model_name_or_path": "ltg/norbert3-base", "dataset_name": "data/tsa_binary", "seed": 303, "per_device_train_batch_size": 64, "task_name": "08161531_tsa-bin_NorBERT_3_base", "output_dir": "/cluster/work/projects/ec30/egilron/08231013_tsa-bin_NorBERT_3_base_303", "overwrite_cache": true, "overwrite_output_dir": true, "do_train": true, "num_train_epochs": 13, "do_eval": true, "return_entity_level_metrics": false, "use_auth_token": false, "logging_strategy": "epoch", "save_strategy": "epoch", "evaluation_strategy": "epoch", "save_total_limit": 2, "load_best_model_at_end": false, "label_column_name": "tsa_tags", "disable_tqdm": true, "do_predict": true, "text_column_name": "tokens", "learning_rate": 1e-05}, "best_epoch": 7, "train_epochs_val": [{"eval_loss": 0.1720729023218155, "eval_precision": 0.49442755825734547, "eval_recall": 0.556442417331813, "eval_f1": 0.5236051502145923, "eval_accuracy": 0.9485061375743071, "eval_runtime": 3.097, "eval_samples_per_second": 494.356, "eval_steps_per_second": 61.996, "epoch": 7.0, "step": 945}, {"eval_loss": 0.15414586663246155, "eval_precision": 0.5075268817204301, "eval_recall": 0.5381984036488028, "eval_f1": 0.5224128389596016, "eval_accuracy": 0.950783602254304, "eval_runtime": 3.1149, "eval_samples_per_second": 491.507, "eval_steps_per_second": 61.639, "epoch": 5.0, "step": 675}, {"eval_loss": 0.20410455763339996, "eval_precision": 0.5021231422505308, "eval_recall": 0.5393386545039909, "eval_f1": 0.520065970313359, "eval_accuracy": 0.9501273836176948, "eval_runtime": 3.0945, "eval_samples_per_second": 494.752, "eval_steps_per_second": 62.046, "epoch": 13.0, "step": 1755}, {"eval_loss": 0.20425398647785187, "eval_precision": 0.51165371809101, "eval_recall": 0.5256556442417332, "eval_f1": 0.5185601799775028, "eval_accuracy": 0.9512468154095576, "eval_runtime": 3.1066, "eval_samples_per_second": 492.829, "eval_steps_per_second": 61.805, "epoch": 12.0, "step": 1620}, {"eval_loss": 0.19986489415168762, "eval_precision": 0.5146396396396397, "eval_recall": 0.5210946408209807, "eval_f1": 0.5178470254957508, "eval_accuracy": 0.951053809928202, "eval_runtime": 3.0982, "eval_samples_per_second": 494.158, "eval_steps_per_second": 61.971, "epoch": 11.0, "step": 1485}, {"eval_loss": 0.1629585325717926, "eval_precision": 0.5016042780748663, "eval_recall": 0.5347776510832383, "eval_f1": 0.5176600441501102, "eval_accuracy": 0.9514784219871845, "eval_runtime": 3.1012, "eval_samples_per_second": 493.672, "eval_steps_per_second": 61.911, "epoch": 6.0, "step": 810}, {"eval_loss": 0.1453755646944046, "eval_precision": 0.4952681388012618, "eval_recall": 0.5370581527936146, "eval_f1": 0.5153172866520788, "eval_accuracy": 0.9500115803288813, "eval_runtime": 3.1121, "eval_samples_per_second": 491.945, "eval_steps_per_second": 61.694, "epoch": 3.0, "step": 405}, {"eval_loss": 0.19674687087535858, "eval_precision": 0.4942166140904311, "eval_recall": 0.5359179019384265, "eval_f1": 0.5142231947483589, "eval_accuracy": 0.9500115803288813, "eval_runtime": 3.0958, "eval_samples_per_second": 494.548, "eval_steps_per_second": 62.02, "epoch": 10.0, "step": 1350}, {"eval_loss": 0.18529795110225677, "eval_precision": 0.48148148148148145, "eval_recall": 0.548460661345496, "eval_f1": 0.5127931769722813, "eval_accuracy": 0.9488149463444762, "eval_runtime": 3.1581, "eval_samples_per_second": 484.791, "eval_steps_per_second": 60.797, "epoch": 9.0, "step": 1215}, {"eval_loss": 0.18128274381160736, "eval_precision": 0.49891540130151846, "eval_recall": 0.5245153933865451, "eval_f1": 0.5113952195664258, "eval_accuracy": 0.9508994055431175, "eval_runtime": 3.1005, "eval_samples_per_second": 493.79, "eval_steps_per_second": 61.925, "epoch": 8.0, "step": 1080}, {"eval_loss": 0.14736583828926086, "eval_precision": 0.5091954022988506, "eval_recall": 0.5051311288483467, "eval_f1": 0.5071551230681167, "eval_accuracy": 0.9510152088319308, "eval_runtime": 3.11, "eval_samples_per_second": 492.276, "eval_steps_per_second": 61.735, "epoch": 4.0, "step": 540}, {"eval_loss": 0.1451520025730133, "eval_precision": 0.49928469241773965, "eval_recall": 0.3979475484606613, "eval_f1": 0.44289340101522845, "eval_accuracy": 0.9515942252759978, "eval_runtime": 3.1064, "eval_samples_per_second": 492.846, "eval_steps_per_second": 61.807, "epoch": 2.0, "step": 270}, {"eval_loss": 0.17657887935638428, "eval_precision": 0.38953488372093026, "eval_recall": 0.3055872291904219, "eval_f1": 0.3424920127795527, "eval_accuracy": 0.9426001698448236, "eval_runtime": 3.1319, "eval_samples_per_second": 488.836, "eval_steps_per_second": 61.304, "epoch": 1.0, "step": 135}]}