{"timestamp": "08231514", "task": "tsa-bin", "model_shortname": "NorBERT_3_large", "machinery": "fox", "args_dict": {"model_name_or_path": "ltg/norbert3-large", "dataset_name": "data/tsa_binary", "seed": 303, "per_device_train_batch_size": 32, "task_name": "08161531_tsa-bin_NorBERT_3_large", "output_dir": "/cluster/work/projects/ec30/egilron/08231013_tsa-bin_NorBERT_3_large_303", "overwrite_cache": true, "overwrite_output_dir": true, "do_train": true, "num_train_epochs": 13, "do_eval": true, "return_entity_level_metrics": false, "use_auth_token": false, "logging_strategy": "epoch", "save_strategy": "epoch", "evaluation_strategy": "epoch", "save_total_limit": 2, "load_best_model_at_end": false, "label_column_name": "tsa_tags", "disable_tqdm": true, "do_predict": true, "text_column_name": "tokens", "learning_rate": 1e-05}, "best_epoch": 10, "train_epochs_val": [{"eval_loss": 0.2902618944644928, "eval_precision": 0.559432933478735, "eval_recall": 0.5849486887115165, "eval_f1": 0.5719063545150502, "eval_accuracy": 0.9549139195553153, "eval_runtime": 5.1533, "eval_samples_per_second": 297.09, "eval_steps_per_second": 37.257, "epoch": 10.0, "step": 2700}, {"eval_loss": 0.29887646436691284, "eval_precision": 0.5779601406799532, "eval_recall": 0.5621436716077537, "eval_f1": 0.569942196531792, "eval_accuracy": 0.9558789469620937, "eval_runtime": 5.1494, "eval_samples_per_second": 297.314, "eval_steps_per_second": 37.286, "epoch": 11.0, "step": 2970}, {"eval_loss": 0.30647048354148865, "eval_precision": 0.5689455388180765, "eval_recall": 0.5598631698973774, "eval_f1": 0.564367816091954, "eval_accuracy": 0.9549525206515865, "eval_runtime": 5.1666, "eval_samples_per_second": 296.326, "eval_steps_per_second": 37.162, "epoch": 12.0, "step": 3240}, {"eval_loss": 0.2655426263809204, "eval_precision": 0.5905118601747815, "eval_recall": 0.5393386545039909, "eval_f1": 0.563766388557807, "eval_accuracy": 0.9564579634061607, "eval_runtime": 5.1355, "eval_samples_per_second": 298.118, "eval_steps_per_second": 37.387, "epoch": 8.0, "step": 2160}, {"eval_loss": 0.31000229716300964, "eval_precision": 0.575, "eval_recall": 0.5507411630558723, "eval_f1": 0.5626092020966803, "eval_accuracy": 0.9551455261329421, "eval_runtime": 5.1715, "eval_samples_per_second": 296.046, "eval_steps_per_second": 37.127, "epoch": 13.0, "step": 3510}, {"eval_loss": 0.28068357706069946, "eval_precision": 0.535490605427975, "eval_recall": 0.5849486887115165, "eval_f1": 0.5591280653950954, "eval_accuracy": 0.9538330888597236, "eval_runtime": 5.1569, "eval_samples_per_second": 296.884, "eval_steps_per_second": 37.232, "epoch": 9.0, "step": 2430}, {"eval_loss": 0.25238579511642456, "eval_precision": 0.5865992414664981, "eval_recall": 0.5290763968072976, "eval_f1": 0.5563549160671463, "eval_accuracy": 0.9552613294217556, "eval_runtime": 5.1467, "eval_samples_per_second": 297.475, "eval_steps_per_second": 37.306, "epoch": 7.0, "step": 1890}, {"eval_loss": 0.19320157170295715, "eval_precision": 0.541036717062635, "eval_recall": 0.5712656784492588, "eval_f1": 0.5557404326123128, "eval_accuracy": 0.9547595151702308, "eval_runtime": 5.1517, "eval_samples_per_second": 297.182, "eval_steps_per_second": 37.269, "epoch": 5.0, "step": 1350}, {"eval_loss": 0.17135155200958252, "eval_precision": 0.5419847328244275, "eval_recall": 0.5667046750285063, "eval_f1": 0.5540691192865107, "eval_accuracy": 0.9532154713193854, "eval_runtime": 5.1521, "eval_samples_per_second": 297.162, "eval_steps_per_second": 37.267, "epoch": 4.0, "step": 1080}, {"eval_loss": 0.22423148155212402, "eval_precision": 0.5637019230769231, "eval_recall": 0.5347776510832383, "eval_f1": 0.5488589818607373, "eval_accuracy": 0.9550683239403999, "eval_runtime": 5.2042, "eval_samples_per_second": 294.187, "eval_steps_per_second": 36.893, "epoch": 6.0, "step": 1620}, {"eval_loss": 0.14451171457767487, "eval_precision": 0.5074478649453823, "eval_recall": 0.5826681870011402, "eval_f1": 0.5424628450106156, "eval_accuracy": 0.9537944877634524, "eval_runtime": 5.1477, "eval_samples_per_second": 297.415, "eval_steps_per_second": 37.298, "epoch": 3.0, "step": 810}, {"eval_loss": 0.13283754885196686, "eval_precision": 0.5784447476125512, "eval_recall": 0.48346636259977194, "eval_f1": 0.5267080745341615, "eval_accuracy": 0.9564579634061607, "eval_runtime": 5.1566, "eval_samples_per_second": 296.903, "eval_steps_per_second": 37.234, "epoch": 2.0, "step": 540}, {"eval_loss": 0.13851363956928253, "eval_precision": 0.5362731152204836, "eval_recall": 0.4298745724059293, "eval_f1": 0.47721518987341766, "eval_accuracy": 0.9541804987261638, "eval_runtime": 5.155, "eval_samples_per_second": 296.992, "eval_steps_per_second": 37.245, "epoch": 1.0, "step": 270}]}