{"timestamp": "08231514", "task": "tsa-intensity", "model_shortname": "NorBERT_3_base", "machinery": "fox", "args_dict": {"model_name_or_path": "ltg/norbert3-base", "dataset_name": "data/tsa_intensity", "seed": 303, "per_device_train_batch_size": 64, "task_name": "08161327_tsa-intensity_NorBERT_3_base", "output_dir": "/cluster/work/projects/ec30/egilron/08231013_tsa-intensity_NorBERT_3_base_303", "overwrite_cache": true, "overwrite_output_dir": true, "do_train": true, "num_train_epochs": 13, "do_eval": true, "return_entity_level_metrics": false, "use_auth_token": false, "logging_strategy": "epoch", "save_strategy": "epoch", "evaluation_strategy": "epoch", "save_total_limit": 2, "load_best_model_at_end": false, "label_column_name": "tsa_tags", "disable_tqdm": true, "do_predict": true, "text_column_name": "tokens", "learning_rate": 5e-05}, "best_epoch": 13, "train_epochs_val": [{"eval_loss": 0.3921588659286499, "eval_precision": 0.3195329087048832, "eval_recall": 0.34321550741163054, "eval_f1": 0.33095107201759205, "eval_accuracy": 0.940708716127538, "eval_runtime": 3.1629, "eval_samples_per_second": 484.054, "eval_steps_per_second": 60.704, "epoch": 13.0, "step": 1755}, {"eval_loss": 0.39105427265167236, "eval_precision": 0.32268722466960353, "eval_recall": 0.33409350057012543, "eval_f1": 0.32829131652661064, "eval_accuracy": 0.9411333281865205, "eval_runtime": 3.1601, "eval_samples_per_second": 484.475, "eval_steps_per_second": 60.757, "epoch": 12.0, "step": 1620}, {"eval_loss": 0.2924330532550812, "eval_precision": 0.2965451055662188, "eval_recall": 0.3523375142531357, "eval_f1": 0.3220427305888484, "eval_accuracy": 0.9379294371960164, "eval_runtime": 3.1591, "eval_samples_per_second": 484.639, "eval_steps_per_second": 60.778, "epoch": 5.0, "step": 675}, {"eval_loss": 0.33762940764427185, "eval_precision": 0.3172103487064117, "eval_recall": 0.3215507411630559, "eval_f1": 0.319365798414496, "eval_accuracy": 0.9405929128387246, "eval_runtime": 3.1548, "eval_samples_per_second": 485.299, "eval_steps_per_second": 60.861, "epoch": 7.0, "step": 945}, {"eval_loss": 0.25676748156547546, "eval_precision": 0.302158273381295, "eval_recall": 0.3352337514253136, "eval_f1": 0.31783783783783787, "eval_accuracy": 0.9397436887207596, "eval_runtime": 3.1621, "eval_samples_per_second": 484.168, "eval_steps_per_second": 60.719, "epoch": 4.0, "step": 540}, {"eval_loss": 0.36847370862960815, "eval_precision": 0.3103825136612022, "eval_recall": 0.3238312428734322, "eval_f1": 0.3169642857142857, "eval_accuracy": 0.941287732571605, "eval_runtime": 3.211, "eval_samples_per_second": 476.799, "eval_steps_per_second": 59.795, "epoch": 9.0, "step": 1215}, {"eval_loss": 0.38412633538246155, "eval_precision": 0.3005128205128205, "eval_recall": 0.33409350057012543, "eval_f1": 0.31641468682505397, "eval_accuracy": 0.9393190766617772, "eval_runtime": 3.1496, "eval_samples_per_second": 486.088, "eval_steps_per_second": 60.959, "epoch": 10.0, "step": 1350}, {"eval_loss": 0.39001500606536865, "eval_precision": 0.3177570093457944, "eval_recall": 0.31014823261117447, "eval_f1": 0.3139065204847086, "eval_accuracy": 0.9413649347641473, "eval_runtime": 3.1646, "eval_samples_per_second": 483.79, "eval_steps_per_second": 60.671, "epoch": 11.0, "step": 1485}, {"eval_loss": 0.3170946538448334, "eval_precision": 0.3076923076923077, "eval_recall": 0.31927023945267957, "eval_f1": 0.3133743704532736, "eval_accuracy": 0.9402069018760133, "eval_runtime": 3.16, "eval_samples_per_second": 484.494, "eval_steps_per_second": 60.759, "epoch": 6.0, "step": 810}, {"eval_loss": 0.3606192171573639, "eval_precision": 0.2883495145631068, "eval_recall": 0.338654503990878, "eval_f1": 0.3114840062926062, "eval_accuracy": 0.9374276229444917, "eval_runtime": 3.1575, "eval_samples_per_second": 484.871, "eval_steps_per_second": 60.807, "epoch": 8.0, "step": 1080}, {"eval_loss": 0.2267751395702362, "eval_precision": 0.29132947976878615, "eval_recall": 0.28734321550741165, "eval_f1": 0.2893226176808267, "eval_accuracy": 0.941828147919401, "eval_runtime": 3.1575, "eval_samples_per_second": 484.873, "eval_steps_per_second": 60.807, "epoch": 3.0, "step": 405}, {"eval_loss": 0.20316365361213684, "eval_precision": 0.2877906976744186, "eval_recall": 0.22576966932725198, "eval_f1": 0.253035143769968, "eval_accuracy": 0.9423685632671968, "eval_runtime": 3.1603, "eval_samples_per_second": 484.445, "eval_steps_per_second": 60.753, "epoch": 2.0, "step": 270}, {"eval_loss": 0.2097013145685196, "eval_precision": 0.2878787878787879, "eval_recall": 0.10832383124287344, "eval_f1": 0.15741507870753937, "eval_accuracy": 0.9402841040685556, "eval_runtime": 3.1696, "eval_samples_per_second": 483.031, "eval_steps_per_second": 60.576, "epoch": 1.0, "step": 135}]}