[{"loss": 0.2727, "learning_rate": 9.375e-05, "epoch": 1.0, "step": 135}, {"eval_loss": 0.18890424072742462, "eval_precision": 0.28214731585518105, "eval_recall": 0.2576966932725199, "eval_f1": 0.26936829558998804, "eval_accuracy": 0.9417895468231298, "eval_runtime": 5.0693, "eval_samples_per_second": 302.012, "eval_steps_per_second": 37.875, "epoch": 1.0, "step": 135}, {"loss": 0.1464, "learning_rate": 8.75e-05, "epoch": 2.0, "step": 270}, {"eval_loss": 0.1999383568763733, "eval_precision": 0.30151338766006985, "eval_recall": 0.2953249714937286, "eval_f1": 0.29838709677419356, "eval_accuracy": 0.940129699683471, "eval_runtime": 4.9993, "eval_samples_per_second": 306.242, "eval_steps_per_second": 38.405, "epoch": 2.0, "step": 270}, {"loss": 0.0699, "learning_rate": 8.125000000000001e-05, "epoch": 3.0, "step": 405}, {"eval_loss": 0.24347855150699615, "eval_precision": 0.29221556886227545, "eval_recall": 0.2782212086659065, "eval_f1": 0.2850467289719626, "eval_accuracy": 0.9400138963946576, "eval_runtime": 4.9972, "eval_samples_per_second": 306.369, "eval_steps_per_second": 38.421, "epoch": 3.0, "step": 405}, {"loss": 0.0289, "learning_rate": 7.500000000000001e-05, "epoch": 4.0, "step": 540}, {"eval_loss": 0.29041486978530884, "eval_precision": 0.30245535714285715, "eval_recall": 0.3090079817559863, "eval_f1": 0.3056965595036661, "eval_accuracy": 0.9392804755655061, "eval_runtime": 4.9984, "eval_samples_per_second": 306.296, "eval_steps_per_second": 38.412, "epoch": 4.0, "step": 540}, {"loss": 0.0108, "learning_rate": 6.875e-05, "epoch": 5.0, "step": 675}, {"eval_loss": 0.3216603696346283, "eval_precision": 0.27601809954751133, "eval_recall": 0.2782212086659065, "eval_f1": 0.2771152754116979, "eval_accuracy": 0.9386628580251679, "eval_runtime": 4.9808, "eval_samples_per_second": 307.379, "eval_steps_per_second": 38.548, "epoch": 5.0, "step": 675}, {"loss": 0.0047, "learning_rate": 6.25e-05, "epoch": 6.0, "step": 810}, {"eval_loss": 0.3434603214263916, "eval_precision": 0.30434782608695654, "eval_recall": 0.2953249714937286, "eval_f1": 0.29976851851851855, "eval_accuracy": 0.9416351424380452, "eval_runtime": 5.0367, "eval_samples_per_second": 303.971, "eval_steps_per_second": 38.12, "epoch": 6.0, "step": 810}, {"loss": 0.002, "learning_rate": 5.6250000000000005e-05, "epoch": 7.0, "step": 945}, {"eval_loss": 0.3747885823249817, "eval_precision": 0.3009592326139089, "eval_recall": 0.2862029646522235, "eval_f1": 0.293395675043834, "eval_accuracy": 0.9417123446305875, "eval_runtime": 4.9748, "eval_samples_per_second": 307.751, "eval_steps_per_second": 38.594, "epoch": 7.0, "step": 945}, {"loss": 0.0008, "learning_rate": 5e-05, "epoch": 8.0, "step": 1080}, {"eval_loss": 0.3846457004547119, "eval_precision": 0.32324455205811137, "eval_recall": 0.30444697833523376, "eval_f1": 0.31356429829712273, "eval_accuracy": 0.9416351424380452, "eval_runtime": 4.976, "eval_samples_per_second": 307.678, "eval_steps_per_second": 38.585, "epoch": 8.0, "step": 1080}, {"loss": 0.0004, "learning_rate": 4.375e-05, "epoch": 9.0, "step": 1215}, {"eval_loss": 0.40041837096214294, "eval_precision": 0.3270440251572327, "eval_recall": 0.29646522234891676, "eval_f1": 0.31100478468899523, "eval_accuracy": 0.9415965413417741, "eval_runtime": 4.973, "eval_samples_per_second": 307.863, "eval_steps_per_second": 38.609, "epoch": 9.0, "step": 1215}, {"loss": 0.0005, "learning_rate": 3.7500000000000003e-05, "epoch": 10.0, "step": 1350}, {"eval_loss": 0.39784103631973267, "eval_precision": 0.3171912832929782, "eval_recall": 0.29874572405929306, "eval_f1": 0.30769230769230776, "eval_accuracy": 0.9416351424380452, "eval_runtime": 4.9739, "eval_samples_per_second": 307.806, "eval_steps_per_second": 38.601, "epoch": 10.0, "step": 1350}, {"loss": 0.0003, "learning_rate": 3.125e-05, "epoch": 11.0, "step": 1485}, {"eval_loss": 0.4095008969306946, "eval_precision": 0.3188405797101449, "eval_recall": 0.3010262257696693, "eval_f1": 0.3096774193548387, "eval_accuracy": 0.9419825523044855, "eval_runtime": 4.9751, "eval_samples_per_second": 307.73, "eval_steps_per_second": 38.592, "epoch": 11.0, "step": 1485}, {"loss": 0.0002, "learning_rate": 2.5e-05, "epoch": 12.0, "step": 1620}, {"eval_loss": 0.4123758375644684, "eval_precision": 0.3163972286374134, "eval_recall": 0.3124287343215507, "eval_f1": 0.3144004589787722, "eval_accuracy": 0.941287732571605, "eval_runtime": 4.975, "eval_samples_per_second": 307.741, "eval_steps_per_second": 38.593, "epoch": 12.0, "step": 1620}, {"loss": 0.0001, "learning_rate": 1.8750000000000002e-05, "epoch": 13.0, "step": 1755}, {"eval_loss": 0.4224362373352051, "eval_precision": 0.3317013463892289, "eval_recall": 0.3090079817559863, "eval_f1": 0.31995277449822906, "eval_accuracy": 0.9424071643634679, "eval_runtime": 4.9757, "eval_samples_per_second": 307.697, "eval_steps_per_second": 38.588, "epoch": 13.0, "step": 1755}, {"loss": 0.0001, "learning_rate": 1.25e-05, "epoch": 14.0, "step": 1890}, {"eval_loss": 0.4258376955986023, "eval_precision": 0.325609756097561, "eval_recall": 0.30444697833523376, "eval_f1": 0.3146729522687095, "eval_accuracy": 0.9420211534007565, "eval_runtime": 4.9765, "eval_samples_per_second": 307.647, "eval_steps_per_second": 38.581, "epoch": 14.0, "step": 1890}, {"loss": 0.0001, "learning_rate": 6.25e-06, "epoch": 15.0, "step": 2025}, {"eval_loss": 0.4296249449253082, "eval_precision": 0.32678132678132676, "eval_recall": 0.3033067274800456, "eval_f1": 0.3146067415730337, "eval_accuracy": 0.9420983555932988, "eval_runtime": 4.9715, "eval_samples_per_second": 307.958, "eval_steps_per_second": 38.62, "epoch": 15.0, "step": 2025}, {"loss": 0.0001, "learning_rate": 0.0, "epoch": 16.0, "step": 2160}, {"eval_loss": 0.4306424558162689, "eval_precision": 0.32800982800982803, "eval_recall": 0.30444697833523376, "eval_f1": 0.31578947368421056, "eval_accuracy": 0.9421755577858412, "eval_runtime": 4.9701, "eval_samples_per_second": 308.04, "eval_steps_per_second": 38.631, "epoch": 16.0, "step": 2160}, {"train_runtime": 792.4713, "train_samples_per_second": 174.321, "train_steps_per_second": 2.726, "total_flos": 1.8048149503801668e+16, "train_loss": 0.03363540254973082, "epoch": 16.0, "step": 2160}]