[{"loss": 0.4826, "learning_rate": 9.375000000000001e-06, "epoch": 1.0, "step": 135}, {"eval_loss": 0.2521892189979553, "eval_precision": 0.2012987012987013, "eval_recall": 0.07069555302166476, "eval_f1": 0.10464135021097047, "eval_accuracy": 0.9365397977302555, "eval_runtime": 3.0214, "eval_samples_per_second": 506.717, "eval_steps_per_second": 63.546, "epoch": 1.0, "step": 135}, {"loss": 0.2483, "learning_rate": 8.750000000000001e-06, "epoch": 2.0, "step": 270}, {"eval_loss": 0.22183269262313843, "eval_precision": 0.20775193798449612, "eval_recall": 0.15279361459521096, "eval_f1": 0.17608409986859394, "eval_accuracy": 0.9381996448699143, "eval_runtime": 3.0019, "eval_samples_per_second": 510.008, "eval_steps_per_second": 63.959, "epoch": 2.0, "step": 270}, {"loss": 0.2091, "learning_rate": 8.125000000000001e-06, "epoch": 3.0, "step": 405}, {"eval_loss": 0.20508615672588348, "eval_precision": 0.2514367816091954, "eval_recall": 0.19954389965792474, "eval_f1": 0.22250476795931343, "eval_accuracy": 0.9410947270902493, "eval_runtime": 3.0023, "eval_samples_per_second": 509.943, "eval_steps_per_second": 63.951, "epoch": 3.0, "step": 405}, {"loss": 0.178, "learning_rate": 7.500000000000001e-06, "epoch": 4.0, "step": 540}, {"eval_loss": 0.2074008733034134, "eval_precision": 0.2842377260981912, "eval_recall": 0.2508551881413911, "eval_f1": 0.26650514839491213, "eval_accuracy": 0.9416351424380452, "eval_runtime": 3.003, "eval_samples_per_second": 509.815, "eval_steps_per_second": 63.935, "epoch": 4.0, "step": 540}, {"loss": 0.1565, "learning_rate": 6.875e-06, "epoch": 5.0, "step": 675}, {"eval_loss": 0.21370933949947357, "eval_precision": 0.2792207792207792, "eval_recall": 0.29418472063854045, "eval_f1": 0.28650749583564683, "eval_accuracy": 0.9378908360997452, "eval_runtime": 3.0042, "eval_samples_per_second": 509.613, "eval_steps_per_second": 63.91, "epoch": 5.0, "step": 675}, {"loss": 0.1392, "learning_rate": 6.25e-06, "epoch": 6.0, "step": 810}, {"eval_loss": 0.21573422849178314, "eval_precision": 0.3031496062992126, "eval_recall": 0.2633979475484607, "eval_f1": 0.2818791946308725, "eval_accuracy": 0.9417895468231298, "eval_runtime": 3.0022, "eval_samples_per_second": 509.957, "eval_steps_per_second": 63.953, "epoch": 6.0, "step": 810}, {"loss": 0.1248, "learning_rate": 5.625e-06, "epoch": 7.0, "step": 945}, {"eval_loss": 0.21729212999343872, "eval_precision": 0.315018315018315, "eval_recall": 0.29418472063854045, "eval_f1": 0.30424528301886794, "eval_accuracy": 0.9417123446305875, "eval_runtime": 3.0029, "eval_samples_per_second": 509.836, "eval_steps_per_second": 63.938, "epoch": 7.0, "step": 945}, {"loss": 0.1127, "learning_rate": 5e-06, "epoch": 8.0, "step": 1080}, {"eval_loss": 0.22594843804836273, "eval_precision": 0.2958380202474691, "eval_recall": 0.2998859749144812, "eval_f1": 0.29784824462061155, "eval_accuracy": 0.9407859183200803, "eval_runtime": 3.004, "eval_samples_per_second": 509.646, "eval_steps_per_second": 63.914, "epoch": 8.0, "step": 1080}, {"loss": 0.1021, "learning_rate": 4.3750000000000005e-06, "epoch": 9.0, "step": 1215}, {"eval_loss": 0.2327074557542801, "eval_precision": 0.28460686600221485, "eval_recall": 0.29304446978335236, "eval_f1": 0.2887640449438202, "eval_accuracy": 0.9390488689878792, "eval_runtime": 3.0567, "eval_samples_per_second": 500.864, "eval_steps_per_second": 62.812, "epoch": 9.0, "step": 1215}, {"loss": 0.0942, "learning_rate": 3.7500000000000005e-06, "epoch": 10.0, "step": 1350}, {"eval_loss": 0.24471697211265564, "eval_precision": 0.31796690307328607, "eval_recall": 0.30672748004561, "eval_f1": 0.31224608241439356, "eval_accuracy": 0.9407473172238091, "eval_runtime": 3.0007, "eval_samples_per_second": 510.212, "eval_steps_per_second": 63.985, "epoch": 10.0, "step": 1350}, {"loss": 0.0873, "learning_rate": 3.125e-06, "epoch": 11.0, "step": 1485}, {"eval_loss": 0.2468850016593933, "eval_precision": 0.28294177732379977, "eval_recall": 0.31584948688711517, "eval_f1": 0.29849137931034475, "eval_accuracy": 0.9374662240407627, "eval_runtime": 3.0052, "eval_samples_per_second": 509.447, "eval_steps_per_second": 63.889, "epoch": 11.0, "step": 1485}, {"loss": 0.082, "learning_rate": 2.5e-06, "epoch": 12.0, "step": 1620}, {"eval_loss": 0.2553802728652954, "eval_precision": 0.2836801752464403, "eval_recall": 0.2953249714937286, "eval_f1": 0.2893854748603352, "eval_accuracy": 0.9399752952983865, "eval_runtime": 3.0043, "eval_samples_per_second": 509.609, "eval_steps_per_second": 63.909, "epoch": 12.0, "step": 1620}, {"loss": 0.0783, "learning_rate": 1.8750000000000003e-06, "epoch": 13.0, "step": 1755}, {"eval_loss": 0.25590190291404724, "eval_precision": 0.2986425339366516, "eval_recall": 0.3010262257696693, "eval_f1": 0.29982964224872233, "eval_accuracy": 0.9396278854319463, "eval_runtime": 3.0046, "eval_samples_per_second": 509.56, "eval_steps_per_second": 63.903, "epoch": 13.0, "step": 1755}, {"loss": 0.0752, "learning_rate": 1.25e-06, "epoch": 14.0, "step": 1890}, {"eval_loss": 0.26282668113708496, "eval_precision": 0.30672748004561, "eval_recall": 0.30672748004561, "eval_f1": 0.30672748004561, "eval_accuracy": 0.9398208909133019, "eval_runtime": 3.0062, "eval_samples_per_second": 509.288, "eval_steps_per_second": 63.869, "epoch": 14.0, "step": 1890}, {"loss": 0.0715, "learning_rate": 6.25e-07, "epoch": 15.0, "step": 2025}, {"eval_loss": 0.2628626823425293, "eval_precision": 0.3003264417845484, "eval_recall": 0.314709236031927, "eval_f1": 0.3073496659242762, "eval_accuracy": 0.9384698525438122, "eval_runtime": 3.0024, "eval_samples_per_second": 509.928, "eval_steps_per_second": 63.949, "epoch": 15.0, "step": 2025}, {"loss": 0.0701, "learning_rate": 0.0, "epoch": 16.0, "step": 2160}, {"eval_loss": 0.26347142457962036, "eval_precision": 0.3014145810663765, "eval_recall": 0.31584948688711517, "eval_f1": 0.3084632516703786, "eval_accuracy": 0.9390488689878792, "eval_runtime": 3.0012, "eval_samples_per_second": 510.134, "eval_steps_per_second": 63.975, "epoch": 16.0, "step": 2160}, {"train_runtime": 306.3123, "train_samples_per_second": 450.991, "train_steps_per_second": 7.052, "total_flos": 5097613288541508.0, "train_loss": 0.14449879946532074, "epoch": 16.0, "step": 2160}]