[{"loss": 0.1944, "learning_rate": 4.6875e-05, "epoch": 1.0, "step": 270}, {"eval_loss": 0.14531847834587097, "eval_precision": 0.47285067873303166, "eval_recall": 0.4766248574686431, "eval_f1": 0.47473026689381037, "eval_accuracy": 0.95167142746854, "eval_runtime": 3.0247, "eval_samples_per_second": 506.169, "eval_steps_per_second": 63.478, "epoch": 1.0, "step": 270}, {"loss": 0.1056, "learning_rate": 4.375e-05, "epoch": 2.0, "step": 540}, {"eval_loss": 0.15173080563545227, "eval_precision": 0.4816810344827586, "eval_recall": 0.5096921322690992, "eval_f1": 0.4952908587257618, "eval_accuracy": 0.9479657222265112, "eval_runtime": 3.0157, "eval_samples_per_second": 507.677, "eval_steps_per_second": 63.667, "epoch": 2.0, "step": 540}, {"loss": 0.0491, "learning_rate": 4.0625000000000005e-05, "epoch": 3.0, "step": 810}, {"eval_loss": 0.18233062326908112, "eval_precision": 0.5210396039603961, "eval_recall": 0.48004561003420754, "eval_f1": 0.4997032640949556, "eval_accuracy": 0.9526750559715896, "eval_runtime": 3.008, "eval_samples_per_second": 508.977, "eval_steps_per_second": 63.83, "epoch": 3.0, "step": 810}, {"loss": 0.0229, "learning_rate": 3.7500000000000003e-05, "epoch": 4.0, "step": 1080}, {"eval_loss": 0.224859356880188, "eval_precision": 0.5277419354838709, "eval_recall": 0.4663625997719498, "eval_f1": 0.49515738498789347, "eval_accuracy": 0.9524048482976917, "eval_runtime": 3.0164, "eval_samples_per_second": 507.553, "eval_steps_per_second": 63.651, "epoch": 4.0, "step": 1080}, {"loss": 0.0107, "learning_rate": 3.4375e-05, "epoch": 5.0, "step": 1350}, {"eval_loss": 0.25974634289741516, "eval_precision": 0.5101553166069295, "eval_recall": 0.4868871151653364, "eval_f1": 0.4982497082847141, "eval_accuracy": 0.9497413726549834, "eval_runtime": 3.0169, "eval_samples_per_second": 507.471, "eval_steps_per_second": 63.641, "epoch": 5.0, "step": 1350}, {"loss": 0.0059, "learning_rate": 3.125e-05, "epoch": 6.0, "step": 1620}, {"eval_loss": 0.27682623267173767, "eval_precision": 0.4617676266137041, "eval_recall": 0.5302166476624858, "eval_f1": 0.49363057324840764, "eval_accuracy": 0.9484289353817649, "eval_runtime": 3.0138, "eval_samples_per_second": 508.0, "eval_steps_per_second": 63.707, "epoch": 6.0, "step": 1620}, {"loss": 0.004, "learning_rate": 2.8125000000000003e-05, "epoch": 7.0, "step": 1890}, {"eval_loss": 0.29513299465179443, "eval_precision": 0.5024509803921569, "eval_recall": 0.467502850627138, "eval_f1": 0.4843473124630833, "eval_accuracy": 0.9506677989654906, "eval_runtime": 3.0157, "eval_samples_per_second": 507.684, "eval_steps_per_second": 63.668, "epoch": 7.0, "step": 1890}, {"loss": 0.0026, "learning_rate": 2.5e-05, "epoch": 8.0, "step": 2160}, {"eval_loss": 0.31277480721473694, "eval_precision": 0.5327455919395466, "eval_recall": 0.4823261117445838, "eval_f1": 0.5062836624775583, "eval_accuracy": 0.9530996680305721, "eval_runtime": 3.0133, "eval_samples_per_second": 508.088, "eval_steps_per_second": 63.718, "epoch": 8.0, "step": 2160}, {"loss": 0.0015, "learning_rate": 2.1875e-05, "epoch": 9.0, "step": 2430}, {"eval_loss": 0.3271896243095398, "eval_precision": 0.5211267605633803, "eval_recall": 0.5062713797035348, "eval_f1": 0.5135916714864083, "eval_accuracy": 0.9529838647417587, "eval_runtime": 3.0146, "eval_samples_per_second": 507.863, "eval_steps_per_second": 63.69, "epoch": 9.0, "step": 2430}, {"loss": 0.0013, "learning_rate": 1.8750000000000002e-05, "epoch": 10.0, "step": 2700}, {"eval_loss": 0.3410215675830841, "eval_precision": 0.5368020304568528, "eval_recall": 0.4823261117445838, "eval_f1": 0.5081081081081081, "eval_accuracy": 0.9524434493939627, "eval_runtime": 3.018, "eval_samples_per_second": 507.285, "eval_steps_per_second": 63.618, "epoch": 10.0, "step": 2700}, {"loss": 0.0007, "learning_rate": 1.5625e-05, "epoch": 11.0, "step": 2970}, {"eval_loss": 0.34332597255706787, "eval_precision": 0.4921793534932221, "eval_recall": 0.5381984036488028, "eval_f1": 0.514161220043573, "eval_accuracy": 0.9500115803288813, "eval_runtime": 3.0113, "eval_samples_per_second": 508.425, "eval_steps_per_second": 63.761, "epoch": 11.0, "step": 2970}, {"loss": 0.0006, "learning_rate": 1.25e-05, "epoch": 12.0, "step": 3240}, {"eval_loss": 0.36525264382362366, "eval_precision": 0.5284360189573459, "eval_recall": 0.508551881413911, "eval_f1": 0.5183033120278908, "eval_accuracy": 0.9521346406237937, "eval_runtime": 3.0149, "eval_samples_per_second": 507.813, "eval_steps_per_second": 63.684, "epoch": 12.0, "step": 3240}, {"loss": 0.0004, "learning_rate": 9.375000000000001e-06, "epoch": 13.0, "step": 3510}, {"eval_loss": 0.36430007219314575, "eval_precision": 0.5138248847926268, "eval_recall": 0.508551881413911, "eval_f1": 0.5111747851002867, "eval_accuracy": 0.9509766077356597, "eval_runtime": 3.0203, "eval_samples_per_second": 506.902, "eval_steps_per_second": 63.57, "epoch": 13.0, "step": 3510}, {"loss": 0.0002, "learning_rate": 6.25e-06, "epoch": 14.0, "step": 3780}, {"eval_loss": 0.3730742931365967, "eval_precision": 0.5148741418764302, "eval_recall": 0.5131128848346637, "eval_f1": 0.5139920045688179, "eval_accuracy": 0.9511696132170153, "eval_runtime": 3.0159, "eval_samples_per_second": 507.65, "eval_steps_per_second": 63.663, "epoch": 14.0, "step": 3780}, {"loss": 0.0003, "learning_rate": 3.125e-06, "epoch": 15.0, "step": 4050}, {"eval_loss": 0.37905487418174744, "eval_precision": 0.5326876513317191, "eval_recall": 0.5017103762827823, "eval_f1": 0.516735173223723, "eval_accuracy": 0.9526750559715896, "eval_runtime": 3.0189, "eval_samples_per_second": 507.14, "eval_steps_per_second": 63.6, "epoch": 15.0, "step": 4050}, {"loss": 0.0004, "learning_rate": 0.0, "epoch": 16.0, "step": 4320}, {"eval_loss": 0.379248708486557, "eval_precision": 0.5238095238095238, "eval_recall": 0.5017103762827823, "eval_f1": 0.512521840419336, "eval_accuracy": 0.951941635142438, "eval_runtime": 3.015, "eval_samples_per_second": 507.802, "eval_steps_per_second": 63.683, "epoch": 16.0, "step": 4320}, {"train_runtime": 353.7807, "train_samples_per_second": 390.479, "train_steps_per_second": 12.211, "total_flos": 4466533813444452.0, "train_loss": 0.025051623362944357, "epoch": 16.0, "step": 4320}]