[{"loss": 0.1953, "learning_rate": 4.6875e-05, "epoch": 1.0, "step": 270}, {"eval_loss": 0.13319098949432373, "eval_precision": 0.5619295958279009, "eval_recall": 0.49144811858608894, "eval_f1": 0.524330900243309, "eval_accuracy": 0.9550297228441288, "eval_runtime": 3.6284, "eval_samples_per_second": 421.944, "eval_steps_per_second": 52.915, "epoch": 1.0, "step": 270}, {"loss": 0.1132, "learning_rate": 4.375e-05, "epoch": 2.0, "step": 540}, {"eval_loss": 0.13464775681495667, "eval_precision": 0.5763195435092725, "eval_recall": 0.4606613454960091, "eval_f1": 0.5120405576679341, "eval_accuracy": 0.9559947502509071, "eval_runtime": 3.6113, "eval_samples_per_second": 423.946, "eval_steps_per_second": 53.166, "epoch": 2.0, "step": 540}, {"loss": 0.0587, "learning_rate": 4.0625000000000005e-05, "epoch": 3.0, "step": 810}, {"eval_loss": 0.15442271530628204, "eval_precision": 0.503921568627451, "eval_recall": 0.5860889395667047, "eval_f1": 0.5419082762256194, "eval_accuracy": 0.9512854165058288, "eval_runtime": 3.6159, "eval_samples_per_second": 423.405, "eval_steps_per_second": 53.099, "epoch": 3.0, "step": 810}, {"loss": 0.0331, "learning_rate": 3.7500000000000003e-05, "epoch": 4.0, "step": 1080}, {"eval_loss": 0.19782060384750366, "eval_precision": 0.5015511892450879, "eval_recall": 0.5530216647662486, "eval_f1": 0.5260303687635574, "eval_accuracy": 0.9497413726549834, "eval_runtime": 3.6128, "eval_samples_per_second": 423.769, "eval_steps_per_second": 53.144, "epoch": 4.0, "step": 1080}, {"loss": 0.0179, "learning_rate": 3.4375e-05, "epoch": 5.0, "step": 1350}, {"eval_loss": 0.24944865703582764, "eval_precision": 0.5768688293370945, "eval_recall": 0.4663625997719498, "eval_f1": 0.5157629255989912, "eval_accuracy": 0.9552227283254845, "eval_runtime": 3.6151, "eval_samples_per_second": 423.501, "eval_steps_per_second": 53.111, "epoch": 5.0, "step": 1350}, {"loss": 0.0116, "learning_rate": 3.125e-05, "epoch": 6.0, "step": 1620}, {"eval_loss": 0.26692965626716614, "eval_precision": 0.5478787878787879, "eval_recall": 0.5153933865450399, "eval_f1": 0.5311398354876614, "eval_accuracy": 0.9536014822820968, "eval_runtime": 3.6106, "eval_samples_per_second": 424.025, "eval_steps_per_second": 53.176, "epoch": 6.0, "step": 1620}, {"loss": 0.0058, "learning_rate": 2.8125000000000003e-05, "epoch": 7.0, "step": 1890}, {"eval_loss": 0.2748674750328064, "eval_precision": 0.5031645569620253, "eval_recall": 0.5438996579247435, "eval_f1": 0.5227397260273973, "eval_accuracy": 0.9513240176021, "eval_runtime": 3.6713, "eval_samples_per_second": 417.022, "eval_steps_per_second": 52.298, "epoch": 7.0, "step": 1890}, {"loss": 0.0037, "learning_rate": 2.5e-05, "epoch": 8.0, "step": 2160}, {"eval_loss": 0.28283825516700745, "eval_precision": 0.5426900584795321, "eval_recall": 0.5290763968072976, "eval_f1": 0.5357967667436488, "eval_accuracy": 0.9546437118814174, "eval_runtime": 3.6132, "eval_samples_per_second": 423.729, "eval_steps_per_second": 53.139, "epoch": 8.0, "step": 2160}, {"loss": 0.003, "learning_rate": 2.1875e-05, "epoch": 9.0, "step": 2430}, {"eval_loss": 0.2975650131702423, "eval_precision": 0.5162303664921466, "eval_recall": 0.5621436716077537, "eval_f1": 0.5382096069868996, "eval_accuracy": 0.9532540724156566, "eval_runtime": 3.6157, "eval_samples_per_second": 423.436, "eval_steps_per_second": 53.102, "epoch": 9.0, "step": 2430}, {"loss": 0.0018, "learning_rate": 1.8750000000000002e-05, "epoch": 10.0, "step": 2700}, {"eval_loss": 0.3191770613193512, "eval_precision": 0.4854732895970009, "eval_recall": 0.5906499429874572, "eval_f1": 0.5329218106995885, "eval_accuracy": 0.9495483671736278, "eval_runtime": 3.6245, "eval_samples_per_second": 422.399, "eval_steps_per_second": 52.972, "epoch": 10.0, "step": 2700}, {"loss": 0.0011, "learning_rate": 1.5625e-05, "epoch": 11.0, "step": 2970}, {"eval_loss": 0.3277813792228699, "eval_precision": 0.5298588490770901, "eval_recall": 0.556442417331813, "eval_f1": 0.5428253615127919, "eval_accuracy": 0.9547209140739596, "eval_runtime": 3.6252, "eval_samples_per_second": 422.327, "eval_steps_per_second": 52.963, "epoch": 11.0, "step": 2970}, {"loss": 0.0008, "learning_rate": 1.25e-05, "epoch": 12.0, "step": 3240}, {"eval_loss": 0.35416150093078613, "eval_precision": 0.5358288770053476, "eval_recall": 0.5712656784492588, "eval_f1": 0.5529801324503312, "eval_accuracy": 0.9539488921485371, "eval_runtime": 3.6247, "eval_samples_per_second": 422.379, "eval_steps_per_second": 52.97, "epoch": 12.0, "step": 3240}, {"loss": 0.0004, "learning_rate": 9.375000000000001e-06, "epoch": 13.0, "step": 3510}, {"eval_loss": 0.35765349864959717, "eval_precision": 0.5457705677867902, "eval_recall": 0.5370581527936146, "eval_f1": 0.5413793103448276, "eval_accuracy": 0.9528294603566742, "eval_runtime": 3.6121, "eval_samples_per_second": 423.858, "eval_steps_per_second": 53.155, "epoch": 13.0, "step": 3510}, {"loss": 0.0004, "learning_rate": 6.25e-06, "epoch": 14.0, "step": 3780}, {"eval_loss": 0.36733153462409973, "eval_precision": 0.5281995661605207, "eval_recall": 0.5553021664766249, "eval_f1": 0.5414118954974987, "eval_accuracy": 0.9530610669343009, "eval_runtime": 3.6146, "eval_samples_per_second": 423.563, "eval_steps_per_second": 53.118, "epoch": 14.0, "step": 3780}, {"loss": 0.0002, "learning_rate": 3.125e-06, "epoch": 15.0, "step": 4050}, {"eval_loss": 0.3692970275878906, "eval_precision": 0.5426621160409556, "eval_recall": 0.5438996579247435, "eval_f1": 0.5432801822323462, "eval_accuracy": 0.9540646954373504, "eval_runtime": 3.6188, "eval_samples_per_second": 423.065, "eval_steps_per_second": 53.056, "epoch": 15.0, "step": 4050}, {"loss": 0.0002, "learning_rate": 0.0, "epoch": 16.0, "step": 4320}, {"eval_loss": 0.3705185651779175, "eval_precision": 0.5436013590033975, "eval_recall": 0.5473204104903079, "eval_f1": 0.5454545454545454, "eval_accuracy": 0.9540646954373504, "eval_runtime": 3.6165, "eval_samples_per_second": 423.332, "eval_steps_per_second": 53.089, "epoch": 16.0, "step": 4320}, {"train_runtime": 606.1374, "train_samples_per_second": 227.909, "train_steps_per_second": 7.127, "total_flos": 1.5235107049041048e+16, "train_loss": 0.02795290433180829, "epoch": 16.0, "step": 4320}]