[{"loss": 0.3463, "learning_rate": 9.375000000000001e-06, "epoch": 1.0, "step": 270}, {"eval_loss": 0.21638508141040802, "eval_precision": 0.24888888888888888, "eval_recall": 0.19156214367160776, "eval_f1": 0.21649484536082472, "eval_accuracy": 0.9398980931058442, "eval_runtime": 5.0134, "eval_samples_per_second": 305.383, "eval_steps_per_second": 38.298, "epoch": 1.0, "step": 270}, {"loss": 0.2043, "learning_rate": 8.750000000000001e-06, "epoch": 2.0, "step": 540}, {"eval_loss": 0.1909312605857849, "eval_precision": 0.2510822510822511, "eval_recall": 0.19840364880273662, "eval_f1": 0.22165605095541402, "eval_accuracy": 0.9428703775187215, "eval_runtime": 4.9903, "eval_samples_per_second": 306.794, "eval_steps_per_second": 38.474, "epoch": 2.0, "step": 540}, {"loss": 0.1542, "learning_rate": 8.125000000000001e-06, "epoch": 3.0, "step": 810}, {"eval_loss": 0.19544382393360138, "eval_precision": 0.2882147024504084, "eval_recall": 0.28164196123147095, "eval_f1": 0.2848904267589389, "eval_accuracy": 0.941557940245503, "eval_runtime": 4.9817, "eval_samples_per_second": 307.327, "eval_steps_per_second": 38.541, "epoch": 3.0, "step": 810}, {"loss": 0.1146, "learning_rate": 7.500000000000001e-06, "epoch": 4.0, "step": 1080}, {"eval_loss": 0.21662220358848572, "eval_precision": 0.3158995815899582, "eval_recall": 0.3443557582668187, "eval_f1": 0.32951445717403166, "eval_accuracy": 0.9405157106461823, "eval_runtime": 4.9941, "eval_samples_per_second": 306.56, "eval_steps_per_second": 38.445, "epoch": 4.0, "step": 1080}, {"loss": 0.0842, "learning_rate": 6.875e-06, "epoch": 5.0, "step": 1350}, {"eval_loss": 0.24354876577854156, "eval_precision": 0.3192307692307692, "eval_recall": 0.2839224629418472, "eval_f1": 0.30054315027157513, "eval_accuracy": 0.9425229676522813, "eval_runtime": 4.9796, "eval_samples_per_second": 307.457, "eval_steps_per_second": 38.558, "epoch": 5.0, "step": 1350}, {"loss": 0.0617, "learning_rate": 6.25e-06, "epoch": 6.0, "step": 1620}, {"eval_loss": 0.26869791746139526, "eval_precision": 0.3066088840736728, "eval_recall": 0.322690992018244, "eval_f1": 0.31444444444444447, "eval_accuracy": 0.9393962788543194, "eval_runtime": 5.0374, "eval_samples_per_second": 303.928, "eval_steps_per_second": 38.115, "epoch": 6.0, "step": 1620}, {"loss": 0.0461, "learning_rate": 5.625e-06, "epoch": 7.0, "step": 1890}, {"eval_loss": 0.2900127172470093, "eval_precision": 0.33555555555555555, "eval_recall": 0.3443557582668187, "eval_f1": 0.3398987056837366, "eval_accuracy": 0.9410947270902493, "eval_runtime": 4.9912, "eval_samples_per_second": 306.738, "eval_steps_per_second": 38.467, "epoch": 7.0, "step": 1890}, {"loss": 0.0347, "learning_rate": 5e-06, "epoch": 8.0, "step": 2160}, {"eval_loss": 0.3109252154827118, "eval_precision": 0.3106212424849699, "eval_recall": 0.35347776510832385, "eval_f1": 0.33066666666666666, "eval_accuracy": 0.9377364317146607, "eval_runtime": 4.9882, "eval_samples_per_second": 306.923, "eval_steps_per_second": 38.491, "epoch": 8.0, "step": 2160}, {"loss": 0.0274, "learning_rate": 4.3750000000000005e-06, "epoch": 9.0, "step": 2430}, {"eval_loss": 0.32626304030418396, "eval_precision": 0.3110435663627153, "eval_recall": 0.3500570125427594, "eval_f1": 0.3293991416309013, "eval_accuracy": 0.9387400602177102, "eval_runtime": 4.9918, "eval_samples_per_second": 306.7, "eval_steps_per_second": 38.463, "epoch": 9.0, "step": 2430}, {"loss": 0.0201, "learning_rate": 3.7500000000000005e-06, "epoch": 10.0, "step": 2700}, {"eval_loss": 0.3436027765274048, "eval_precision": 0.34566473988439306, "eval_recall": 0.3409350057012543, "eval_f1": 0.34328358208955223, "eval_accuracy": 0.9410175248977071, "eval_runtime": 4.9761, "eval_samples_per_second": 307.668, "eval_steps_per_second": 38.584, "epoch": 10.0, "step": 2700}, {"loss": 0.0168, "learning_rate": 3.125e-06, "epoch": 11.0, "step": 2970}, {"eval_loss": 0.362048476934433, "eval_precision": 0.33191489361702126, "eval_recall": 0.3557582668187001, "eval_f1": 0.34342322509631257, "eval_accuracy": 0.9394348799505906, "eval_runtime": 4.9827, "eval_samples_per_second": 307.262, "eval_steps_per_second": 38.533, "epoch": 11.0, "step": 2970}, {"loss": 0.0126, "learning_rate": 2.5e-06, "epoch": 12.0, "step": 3240}, {"eval_loss": 0.3746030032634735, "eval_precision": 0.32219827586206895, "eval_recall": 0.3409350057012543, "eval_f1": 0.3313019390581717, "eval_accuracy": 0.9384698525438122, "eval_runtime": 4.9807, "eval_samples_per_second": 307.388, "eval_steps_per_second": 38.549, "epoch": 12.0, "step": 3240}, {"loss": 0.0114, "learning_rate": 1.8750000000000003e-06, "epoch": 13.0, "step": 3510}, {"eval_loss": 0.38268616795539856, "eval_precision": 0.3412698412698413, "eval_recall": 0.34321550741163054, "eval_f1": 0.3422399090392268, "eval_accuracy": 0.9405929128387246, "eval_runtime": 4.9907, "eval_samples_per_second": 306.769, "eval_steps_per_second": 38.471, "epoch": 13.0, "step": 3510}, {"loss": 0.009, "learning_rate": 1.25e-06, "epoch": 14.0, "step": 3780}, {"eval_loss": 0.38344717025756836, "eval_precision": 0.3293478260869565, "eval_recall": 0.34549600912200684, "eval_f1": 0.337228714524207, "eval_accuracy": 0.9395892843356751, "eval_runtime": 4.9843, "eval_samples_per_second": 307.166, "eval_steps_per_second": 38.521, "epoch": 14.0, "step": 3780}, {"loss": 0.0081, "learning_rate": 6.25e-07, "epoch": 15.0, "step": 4050}, {"eval_loss": 0.3893924057483673, "eval_precision": 0.34198645598194133, "eval_recall": 0.34549600912200684, "eval_f1": 0.34373227453204763, "eval_accuracy": 0.9407859183200803, "eval_runtime": 4.9865, "eval_samples_per_second": 307.027, "eval_steps_per_second": 38.504, "epoch": 15.0, "step": 4050}, {"loss": 0.0076, "learning_rate": 0.0, "epoch": 16.0, "step": 4320}, {"eval_loss": 0.39033037424087524, "eval_precision": 0.3414364640883978, "eval_recall": 0.3523375142531357, "eval_f1": 0.3468013468013468, "eval_accuracy": 0.9402455029722844, "eval_runtime": 4.9963, "eval_samples_per_second": 306.425, "eval_steps_per_second": 38.428, "epoch": 16.0, "step": 4320}, {"train_runtime": 875.2013, "train_samples_per_second": 157.843, "train_steps_per_second": 4.936, "total_flos": 1.5815510579331156e+16, "train_loss": 0.07243371214027758, "epoch": 16.0, "step": 4320}]