[{"loss": 0.428, "learning_rate": 4.6875e-05, "epoch": 1.0, "step": 135}, {"eval_loss": 0.25792166590690613, "eval_precision": 0.19060773480662985, "eval_recall": 0.07867730900798175, "eval_f1": 0.11138014527845036, "eval_accuracy": 0.9352659615533081, "eval_runtime": 2.3298, "eval_samples_per_second": 657.151, "eval_steps_per_second": 82.412, "epoch": 1.0, "step": 135}, {"loss": 0.2597, "learning_rate": 4.375e-05, "epoch": 2.0, "step": 270}, {"eval_loss": 0.23013794422149658, "eval_precision": 0.24124513618677043, "eval_recall": 0.14139110604332952, "eval_f1": 0.17828900071890727, "eval_accuracy": 0.9368872075966957, "eval_runtime": 2.3159, "eval_samples_per_second": 661.096, "eval_steps_per_second": 82.907, "epoch": 2.0, "step": 270}, {"loss": 0.2095, "learning_rate": 4.0625000000000005e-05, "epoch": 3.0, "step": 405}, {"eval_loss": 0.22006326913833618, "eval_precision": 0.25925925925925924, "eval_recall": 0.21550741163055873, "eval_f1": 0.23536737235367375, "eval_accuracy": 0.9376206284258473, "eval_runtime": 2.3232, "eval_samples_per_second": 659.002, "eval_steps_per_second": 82.644, "epoch": 3.0, "step": 405}, {"loss": 0.1609, "learning_rate": 3.7500000000000003e-05, "epoch": 4.0, "step": 540}, {"eval_loss": 0.2331962287425995, "eval_precision": 0.27163461538461536, "eval_recall": 0.2576966932725199, "eval_f1": 0.26448215330602687, "eval_accuracy": 0.9364239944414421, "eval_runtime": 2.3184, "eval_samples_per_second": 660.378, "eval_steps_per_second": 82.817, "epoch": 4.0, "step": 540}, {"loss": 0.1238, "learning_rate": 3.4375e-05, "epoch": 5.0, "step": 675}, {"eval_loss": 0.2471352517604828, "eval_precision": 0.27125506072874495, "eval_recall": 0.2291904218928164, "eval_f1": 0.24845488257107537, "eval_accuracy": 0.9383540492549989, "eval_runtime": 2.3204, "eval_samples_per_second": 659.786, "eval_steps_per_second": 82.743, "epoch": 5.0, "step": 675}, {"loss": 0.0958, "learning_rate": 3.125e-05, "epoch": 6.0, "step": 810}, {"eval_loss": 0.27464035153388977, "eval_precision": 0.23346693386773548, "eval_recall": 0.26567844925883694, "eval_f1": 0.24853333333333336, "eval_accuracy": 0.9291283872461978, "eval_runtime": 2.3254, "eval_samples_per_second": 658.367, "eval_steps_per_second": 82.565, "epoch": 6.0, "step": 810}, {"loss": 0.0741, "learning_rate": 2.8125000000000003e-05, "epoch": 7.0, "step": 945}, {"eval_loss": 0.3033667206764221, "eval_precision": 0.24661246612466126, "eval_recall": 0.3112884834663626, "eval_f1": 0.2752016129032258, "eval_accuracy": 0.9273141357214545, "eval_runtime": 2.3245, "eval_samples_per_second": 658.631, "eval_steps_per_second": 82.598, "epoch": 7.0, "step": 945}, {"loss": 0.0578, "learning_rate": 2.5e-05, "epoch": 8.0, "step": 1080}, {"eval_loss": 0.32086437940597534, "eval_precision": 0.2531400966183575, "eval_recall": 0.29874572405929306, "eval_f1": 0.27405857740585776, "eval_accuracy": 0.9283949664170462, "eval_runtime": 2.3271, "eval_samples_per_second": 657.889, "eval_steps_per_second": 82.505, "epoch": 8.0, "step": 1080}, {"loss": 0.0458, "learning_rate": 2.1875e-05, "epoch": 9.0, "step": 1215}, {"eval_loss": 0.3442232012748718, "eval_precision": 0.23373493975903614, "eval_recall": 0.33181299885974913, "eval_f1": 0.27426955702167766, "eval_accuracy": 0.9239172392495947, "eval_runtime": 2.383, "eval_samples_per_second": 642.475, "eval_steps_per_second": 80.572, "epoch": 9.0, "step": 1215}, {"loss": 0.0369, "learning_rate": 1.8750000000000002e-05, "epoch": 10.0, "step": 1350}, {"eval_loss": 0.347421795129776, "eval_precision": 0.30424528301886794, "eval_recall": 0.29418472063854045, "eval_f1": 0.2991304347826087, "eval_accuracy": 0.937273218559407, "eval_runtime": 2.3198, "eval_samples_per_second": 659.959, "eval_steps_per_second": 82.764, "epoch": 10.0, "step": 1350}, {"loss": 0.029, "learning_rate": 1.5625e-05, "epoch": 11.0, "step": 1485}, {"eval_loss": 0.3659030795097351, "eval_precision": 0.24688995215311005, "eval_recall": 0.29418472063854045, "eval_f1": 0.26847034339229975, "eval_accuracy": 0.9285107697058597, "eval_runtime": 2.3253, "eval_samples_per_second": 658.42, "eval_steps_per_second": 82.571, "epoch": 11.0, "step": 1485}, {"loss": 0.0225, "learning_rate": 1.25e-05, "epoch": 12.0, "step": 1620}, {"eval_loss": 0.39630410075187683, "eval_precision": 0.2744539411206078, "eval_recall": 0.3295324971493729, "eval_f1": 0.2994818652849741, "eval_accuracy": 0.9301320157492473, "eval_runtime": 2.3211, "eval_samples_per_second": 659.603, "eval_steps_per_second": 82.72, "epoch": 12.0, "step": 1620}, {"loss": 0.0191, "learning_rate": 9.375000000000001e-06, "epoch": 13.0, "step": 1755}, {"eval_loss": 0.3934425115585327, "eval_precision": 0.27328556806550663, "eval_recall": 0.30444697833523376, "eval_f1": 0.28802588996763756, "eval_accuracy": 0.9319076661777195, "eval_runtime": 2.3208, "eval_samples_per_second": 659.686, "eval_steps_per_second": 82.73, "epoch": 13.0, "step": 1755}, {"loss": 0.016, "learning_rate": 6.25e-06, "epoch": 14.0, "step": 1890}, {"eval_loss": 0.39928799867630005, "eval_precision": 0.28249744114636643, "eval_recall": 0.314709236031927, "eval_f1": 0.2977346278317152, "eval_accuracy": 0.932370879332973, "eval_runtime": 2.3282, "eval_samples_per_second": 657.59, "eval_steps_per_second": 82.467, "epoch": 14.0, "step": 1890}, {"loss": 0.0141, "learning_rate": 3.125e-06, "epoch": 15.0, "step": 2025}, {"eval_loss": 0.40324854850769043, "eval_precision": 0.27345309381237526, "eval_recall": 0.3124287343215507, "eval_f1": 0.2916444917509313, "eval_accuracy": 0.9314444530224658, "eval_runtime": 2.3219, "eval_samples_per_second": 659.369, "eval_steps_per_second": 82.69, "epoch": 15.0, "step": 2025}, {"loss": 0.0124, "learning_rate": 0.0, "epoch": 16.0, "step": 2160}, {"eval_loss": 0.4017794728279114, "eval_precision": 0.2810920121334681, "eval_recall": 0.3169897377423033, "eval_f1": 0.2979635584137192, "eval_accuracy": 0.9324866826217865, "eval_runtime": 2.3155, "eval_samples_per_second": 661.202, "eval_steps_per_second": 82.92, "epoch": 16.0, "step": 2160}, {"train_runtime": 278.8013, "train_samples_per_second": 495.493, "train_steps_per_second": 7.747, "total_flos": 5791731836060808.0, "train_loss": 0.10034098801789461, "epoch": 16.0, "step": 2160}]