[{"loss": 0.3574, "learning_rate": 9.375e-05, "epoch": 1.0, "step": 135}, {"eval_loss": 0.23014192283153534, "eval_precision": 0.2459016393442623, "eval_recall": 0.11972633979475485, "eval_f1": 0.1610429447852761, "eval_accuracy": 0.9392418744692349, "eval_runtime": 2.3306, "eval_samples_per_second": 656.905, "eval_steps_per_second": 82.381, "epoch": 1.0, "step": 135}, {"loss": 0.2256, "learning_rate": 8.75e-05, "epoch": 2.0, "step": 270}, {"eval_loss": 0.21468332409858704, "eval_precision": 0.24615384615384617, "eval_recall": 0.1459521094640821, "eval_f1": 0.18324982104509666, "eval_accuracy": 0.9397436887207596, "eval_runtime": 2.3218, "eval_samples_per_second": 659.391, "eval_steps_per_second": 82.693, "epoch": 2.0, "step": 270}, {"loss": 0.1669, "learning_rate": 8.125000000000001e-05, "epoch": 3.0, "step": 405}, {"eval_loss": 0.22553303837776184, "eval_precision": 0.2654970760233918, "eval_recall": 0.2588369441277081, "eval_f1": 0.2621247113163972, "eval_accuracy": 0.9335675133173782, "eval_runtime": 2.3297, "eval_samples_per_second": 657.175, "eval_steps_per_second": 82.415, "epoch": 3.0, "step": 405}, {"loss": 0.1235, "learning_rate": 7.500000000000001e-05, "epoch": 4.0, "step": 540}, {"eval_loss": 0.2583654522895813, "eval_precision": 0.2641509433962264, "eval_recall": 0.28734321550741165, "eval_f1": 0.2752594210813763, "eval_accuracy": 0.9318690650814483, "eval_runtime": 2.3235, "eval_samples_per_second": 658.931, "eval_steps_per_second": 82.635, "epoch": 4.0, "step": 540}, {"loss": 0.0944, "learning_rate": 6.875e-05, "epoch": 5.0, "step": 675}, {"eval_loss": 0.27324798703193665, "eval_precision": 0.25925925925925924, "eval_recall": 0.2554161915621437, "eval_f1": 0.25732337736932803, "eval_accuracy": 0.9373890218482205, "eval_runtime": 2.324, "eval_samples_per_second": 658.785, "eval_steps_per_second": 82.617, "epoch": 5.0, "step": 675}, {"loss": 0.0733, "learning_rate": 6.25e-05, "epoch": 6.0, "step": 810}, {"eval_loss": 0.3077320456504822, "eval_precision": 0.25879682179341656, "eval_recall": 0.25997719498289623, "eval_f1": 0.2593856655290102, "eval_accuracy": 0.9348413494943256, "eval_runtime": 2.3228, "eval_samples_per_second": 659.118, "eval_steps_per_second": 82.659, "epoch": 6.0, "step": 810}, {"loss": 0.0512, "learning_rate": 5.6250000000000005e-05, "epoch": 7.0, "step": 945}, {"eval_loss": 0.3287956118583679, "eval_precision": 0.28216216216216217, "eval_recall": 0.2976054732041049, "eval_f1": 0.28967813540510545, "eval_accuracy": 0.9339921253763607, "eval_runtime": 2.3238, "eval_samples_per_second": 658.828, "eval_steps_per_second": 82.622, "epoch": 7.0, "step": 945}, {"loss": 0.0371, "learning_rate": 5e-05, "epoch": 8.0, "step": 1080}, {"eval_loss": 0.34051549434661865, "eval_precision": 0.26247689463955637, "eval_recall": 0.3238312428734322, "eval_f1": 0.28994384890250124, "eval_accuracy": 0.9304022234231453, "eval_runtime": 2.3205, "eval_samples_per_second": 659.761, "eval_steps_per_second": 82.739, "epoch": 8.0, "step": 1080}, {"loss": 0.0259, "learning_rate": 4.375e-05, "epoch": 9.0, "step": 1215}, {"eval_loss": 0.35785746574401855, "eval_precision": 0.2595190380761523, "eval_recall": 0.2953249714937286, "eval_f1": 0.27626666666666666, "eval_accuracy": 0.9322164749478885, "eval_runtime": 2.3776, "eval_samples_per_second": 643.94, "eval_steps_per_second": 80.755, "epoch": 9.0, "step": 1215}, {"loss": 0.0182, "learning_rate": 3.7500000000000003e-05, "epoch": 10.0, "step": 1350}, {"eval_loss": 0.39808738231658936, "eval_precision": 0.2846715328467153, "eval_recall": 0.2668187001140251, "eval_f1": 0.27545615067686874, "eval_accuracy": 0.9365011966339845, "eval_runtime": 2.3202, "eval_samples_per_second": 659.859, "eval_steps_per_second": 82.752, "epoch": 10.0, "step": 1350}, {"loss": 0.0118, "learning_rate": 3.125e-05, "epoch": 11.0, "step": 1485}, {"eval_loss": 0.41432318091392517, "eval_precision": 0.2603305785123967, "eval_recall": 0.28734321550741165, "eval_f1": 0.2731707317073171, "eval_accuracy": 0.9319076661777195, "eval_runtime": 2.3224, "eval_samples_per_second": 659.229, "eval_steps_per_second": 82.673, "epoch": 11.0, "step": 1485}, {"loss": 0.0081, "learning_rate": 2.5e-05, "epoch": 12.0, "step": 1620}, {"eval_loss": 0.4337950646877289, "eval_precision": 0.2767039674465921, "eval_recall": 0.31014823261117447, "eval_f1": 0.29247311827956995, "eval_accuracy": 0.9314058519261947, "eval_runtime": 2.3238, "eval_samples_per_second": 658.825, "eval_steps_per_second": 82.622, "epoch": 12.0, "step": 1620}, {"loss": 0.0058, "learning_rate": 1.8750000000000002e-05, "epoch": 13.0, "step": 1755}, {"eval_loss": 0.435917466878891, "eval_precision": 0.270042194092827, "eval_recall": 0.2919042189281642, "eval_f1": 0.28054794520547943, "eval_accuracy": 0.9331815023546669, "eval_runtime": 2.3211, "eval_samples_per_second": 659.609, "eval_steps_per_second": 82.72, "epoch": 13.0, "step": 1755}, {"loss": 0.0044, "learning_rate": 1.25e-05, "epoch": 14.0, "step": 1890}, {"eval_loss": 0.4429769515991211, "eval_precision": 0.27825159914712155, "eval_recall": 0.2976054732041049, "eval_f1": 0.287603305785124, "eval_accuracy": 0.9333359067397514, "eval_runtime": 2.3196, "eval_samples_per_second": 660.036, "eval_steps_per_second": 82.774, "epoch": 14.0, "step": 1890}, {"loss": 0.0036, "learning_rate": 6.25e-06, "epoch": 15.0, "step": 2025}, {"eval_loss": 0.45441609621047974, "eval_precision": 0.28792912513842744, "eval_recall": 0.29646522234891676, "eval_f1": 0.29213483146067415, "eval_accuracy": 0.9346869451092411, "eval_runtime": 2.3214, "eval_samples_per_second": 659.521, "eval_steps_per_second": 82.709, "epoch": 15.0, "step": 2025}, {"loss": 0.0027, "learning_rate": 0.0, "epoch": 16.0, "step": 2160}, {"eval_loss": 0.4572519063949585, "eval_precision": 0.2857142857142857, "eval_recall": 0.29418472063854045, "eval_f1": 0.28988764044943816, "eval_accuracy": 0.9347641473017834, "eval_runtime": 2.316, "eval_samples_per_second": 661.043, "eval_steps_per_second": 82.9, "epoch": 16.0, "step": 2160}, {"train_runtime": 278.4155, "train_samples_per_second": 496.179, "train_steps_per_second": 7.758, "total_flos": 5791731836060808.0, "train_loss": 0.07562638336309681, "epoch": 16.0, "step": 2160}]