[{"loss": 0.4328, "learning_rate": 9.375000000000001e-06, "epoch": 1.0, "step": 135}, {"eval_loss": 0.23464712500572205, "eval_precision": 0.19954128440366972, "eval_recall": 0.09920182440136831, "eval_f1": 0.13252094440213252, "eval_accuracy": 0.9380066393885587, "eval_runtime": 5.0537, "eval_samples_per_second": 302.948, "eval_steps_per_second": 37.992, "epoch": 1.0, "step": 135}, {"loss": 0.2215, "learning_rate": 8.750000000000001e-06, "epoch": 2.0, "step": 270}, {"eval_loss": 0.19941836595535278, "eval_precision": 0.23522316043425814, "eval_recall": 0.22234891676168758, "eval_f1": 0.22860492379835873, "eval_accuracy": 0.939550683239404, "eval_runtime": 4.9909, "eval_samples_per_second": 306.759, "eval_steps_per_second": 38.47, "epoch": 2.0, "step": 270}, {"loss": 0.1731, "learning_rate": 8.125000000000001e-06, "epoch": 3.0, "step": 405}, {"eval_loss": 0.19205355644226074, "eval_precision": 0.28720238095238093, "eval_recall": 0.22006841505131128, "eval_f1": 0.2491930277598451, "eval_accuracy": 0.9429475797112638, "eval_runtime": 4.9873, "eval_samples_per_second": 306.982, "eval_steps_per_second": 38.498, "epoch": 3.0, "step": 405}, {"loss": 0.1374, "learning_rate": 7.500000000000001e-06, "epoch": 4.0, "step": 540}, {"eval_loss": 0.20361168682575226, "eval_precision": 0.284325637910085, "eval_recall": 0.2668187001140251, "eval_f1": 0.2752941176470588, "eval_accuracy": 0.9428703775187215, "eval_runtime": 4.9905, "eval_samples_per_second": 306.781, "eval_steps_per_second": 38.473, "epoch": 4.0, "step": 540}, {"loss": 0.1092, "learning_rate": 6.875e-06, "epoch": 5.0, "step": 675}, {"eval_loss": 0.21808238327503204, "eval_precision": 0.3082872928176796, "eval_recall": 0.3181299885974915, "eval_f1": 0.3131313131313132, "eval_accuracy": 0.9398980931058442, "eval_runtime": 4.986, "eval_samples_per_second": 307.061, "eval_steps_per_second": 38.508, "epoch": 5.0, "step": 675}, {"loss": 0.0866, "learning_rate": 6.25e-06, "epoch": 6.0, "step": 810}, {"eval_loss": 0.2431652992963791, "eval_precision": 0.3159173754556501, "eval_recall": 0.29646522234891676, "eval_f1": 0.30588235294117644, "eval_accuracy": 0.941866749015672, "eval_runtime": 5.0522, "eval_samples_per_second": 303.039, "eval_steps_per_second": 38.004, "epoch": 6.0, "step": 810}, {"loss": 0.0718, "learning_rate": 5.625e-06, "epoch": 7.0, "step": 945}, {"eval_loss": 0.24641834199428558, "eval_precision": 0.294921875, "eval_recall": 0.3443557582668187, "eval_f1": 0.3177275118358759, "eval_accuracy": 0.9376592295221184, "eval_runtime": 4.9898, "eval_samples_per_second": 306.825, "eval_steps_per_second": 38.478, "epoch": 7.0, "step": 945}, {"loss": 0.0596, "learning_rate": 5e-06, "epoch": 8.0, "step": 1080}, {"eval_loss": 0.2614337205886841, "eval_precision": 0.31724137931034485, "eval_recall": 0.314709236031927, "eval_f1": 0.31597023468803664, "eval_accuracy": 0.941828147919401, "eval_runtime": 4.9822, "eval_samples_per_second": 307.296, "eval_steps_per_second": 38.537, "epoch": 8.0, "step": 1080}, {"loss": 0.0493, "learning_rate": 4.3750000000000005e-06, "epoch": 9.0, "step": 1215}, {"eval_loss": 0.2785003185272217, "eval_precision": 0.31981460023174973, "eval_recall": 0.314709236031927, "eval_f1": 0.31724137931034485, "eval_accuracy": 0.9402841040685556, "eval_runtime": 4.9872, "eval_samples_per_second": 306.988, "eval_steps_per_second": 38.499, "epoch": 9.0, "step": 1215}, {"loss": 0.0416, "learning_rate": 3.7500000000000005e-06, "epoch": 10.0, "step": 1350}, {"eval_loss": 0.2867635488510132, "eval_precision": 0.31777777777777777, "eval_recall": 0.3261117445838084, "eval_f1": 0.32189082723691614, "eval_accuracy": 0.9411333281865205, "eval_runtime": 4.9807, "eval_samples_per_second": 307.384, "eval_steps_per_second": 38.549, "epoch": 10.0, "step": 1350}, {"loss": 0.0356, "learning_rate": 3.125e-06, "epoch": 11.0, "step": 1485}, {"eval_loss": 0.30166077613830566, "eval_precision": 0.31069958847736623, "eval_recall": 0.3443557582668187, "eval_f1": 0.32666306111411575, "eval_accuracy": 0.9392032733729638, "eval_runtime": 4.9912, "eval_samples_per_second": 306.738, "eval_steps_per_second": 38.467, "epoch": 11.0, "step": 1485}, {"loss": 0.0317, "learning_rate": 2.5e-06, "epoch": 12.0, "step": 1620}, {"eval_loss": 0.30802685022354126, "eval_precision": 0.31952017448200654, "eval_recall": 0.33409350057012543, "eval_f1": 0.326644370122631, "eval_accuracy": 0.940708716127538, "eval_runtime": 4.9906, "eval_samples_per_second": 306.779, "eval_steps_per_second": 38.473, "epoch": 12.0, "step": 1620}, {"loss": 0.0281, "learning_rate": 1.8750000000000003e-06, "epoch": 13.0, "step": 1755}, {"eval_loss": 0.31078097224235535, "eval_precision": 0.3089519650655022, "eval_recall": 0.322690992018244, "eval_f1": 0.31567205800334636, "eval_accuracy": 0.9402841040685556, "eval_runtime": 4.9901, "eval_samples_per_second": 306.807, "eval_steps_per_second": 38.476, "epoch": 13.0, "step": 1755}, {"loss": 0.0248, "learning_rate": 1.25e-06, "epoch": 14.0, "step": 1890}, {"eval_loss": 0.3211314082145691, "eval_precision": 0.32701421800947866, "eval_recall": 0.314709236031927, "eval_f1": 0.32074375363160956, "eval_accuracy": 0.9415193391492318, "eval_runtime": 4.9907, "eval_samples_per_second": 306.77, "eval_steps_per_second": 38.471, "epoch": 14.0, "step": 1890}, {"loss": 0.0234, "learning_rate": 6.25e-07, "epoch": 15.0, "step": 2025}, {"eval_loss": 0.3248788118362427, "eval_precision": 0.3205849268841395, "eval_recall": 0.3249714937286203, "eval_f1": 0.3227633069082672, "eval_accuracy": 0.9405157106461823, "eval_runtime": 4.9793, "eval_samples_per_second": 307.472, "eval_steps_per_second": 38.56, "epoch": 15.0, "step": 2025}, {"loss": 0.0223, "learning_rate": 0.0, "epoch": 16.0, "step": 2160}, {"eval_loss": 0.324792742729187, "eval_precision": 0.31995540691192864, "eval_recall": 0.3272519954389966, "eval_f1": 0.32356257046223225, "eval_accuracy": 0.9409017216088937, "eval_runtime": 4.9769, "eval_samples_per_second": 307.621, "eval_steps_per_second": 38.578, "epoch": 16.0, "step": 2160}, {"train_runtime": 795.3594, "train_samples_per_second": 173.688, "train_steps_per_second": 2.716, "total_flos": 1.8048149503801668e+16, "train_loss": 0.09680693922219454, "epoch": 16.0, "step": 2160}]