[{"loss": 0.1934, "learning_rate": 9.375e-05, "epoch": 1.0, "step": 270}, {"eval_loss": 0.14249999821186066, "eval_precision": 0.48, "eval_recall": 0.4652223489167617, "eval_f1": 0.47249565720903297, "eval_accuracy": 0.9501659847139658, "eval_runtime": 3.0262, "eval_samples_per_second": 505.913, "eval_steps_per_second": 63.446, "epoch": 1.0, "step": 270}, {"loss": 0.0969, "learning_rate": 8.75e-05, "epoch": 2.0, "step": 540}, {"eval_loss": 0.16520796716213226, "eval_precision": 0.44008056394763345, "eval_recall": 0.4982896237172178, "eval_f1": 0.46737967914438505, "eval_accuracy": 0.9445688257546514, "eval_runtime": 3.0216, "eval_samples_per_second": 506.691, "eval_steps_per_second": 63.543, "epoch": 2.0, "step": 540}, {"loss": 0.0406, "learning_rate": 8.125000000000001e-05, "epoch": 3.0, "step": 810}, {"eval_loss": 0.1951741874217987, "eval_precision": 0.4969987995198079, "eval_recall": 0.47206385404789053, "eval_f1": 0.4842105263157895, "eval_accuracy": 0.9497413726549834, "eval_runtime": 3.0185, "eval_samples_per_second": 507.201, "eval_steps_per_second": 63.607, "epoch": 3.0, "step": 810}, {"loss": 0.0185, "learning_rate": 7.500000000000001e-05, "epoch": 4.0, "step": 1080}, {"eval_loss": 0.24357903003692627, "eval_precision": 0.4415322580645161, "eval_recall": 0.49942987457240595, "eval_f1": 0.46869983948635635, "eval_accuracy": 0.9453794487763453, "eval_runtime": 3.0145, "eval_samples_per_second": 507.88, "eval_steps_per_second": 63.692, "epoch": 4.0, "step": 1080}, {"loss": 0.0094, "learning_rate": 6.875e-05, "epoch": 5.0, "step": 1350}, {"eval_loss": 0.27163493633270264, "eval_precision": 0.474059003051882, "eval_recall": 0.5313568985176739, "eval_f1": 0.5010752688172042, "eval_accuracy": 0.9495483671736278, "eval_runtime": 3.0124, "eval_samples_per_second": 508.235, "eval_steps_per_second": 63.737, "epoch": 5.0, "step": 1350}, {"loss": 0.0054, "learning_rate": 6.25e-05, "epoch": 6.0, "step": 1620}, {"eval_loss": 0.3008356988430023, "eval_precision": 0.48614318706697457, "eval_recall": 0.48004561003420754, "eval_f1": 0.48307515777395293, "eval_accuracy": 0.9495097660773566, "eval_runtime": 3.0115, "eval_samples_per_second": 508.379, "eval_steps_per_second": 63.755, "epoch": 6.0, "step": 1620}, {"loss": 0.004, "learning_rate": 5.6250000000000005e-05, "epoch": 7.0, "step": 1890}, {"eval_loss": 0.2958436608314514, "eval_precision": 0.4658254468980021, "eval_recall": 0.5051311288483467, "eval_f1": 0.4846827133479212, "eval_accuracy": 0.9479657222265112, "eval_runtime": 3.017, "eval_samples_per_second": 507.464, "eval_steps_per_second": 63.64, "epoch": 7.0, "step": 1890}, {"loss": 0.003, "learning_rate": 5e-05, "epoch": 8.0, "step": 2160}, {"eval_loss": 0.32065722346305847, "eval_precision": 0.47744774477447743, "eval_recall": 0.49486887115165334, "eval_f1": 0.48600223964165734, "eval_accuracy": 0.9485061375743071, "eval_runtime": 3.0072, "eval_samples_per_second": 509.106, "eval_steps_per_second": 63.846, "epoch": 8.0, "step": 2160}, {"loss": 0.002, "learning_rate": 4.375e-05, "epoch": 9.0, "step": 2430}, {"eval_loss": 0.3283270299434662, "eval_precision": 0.48226950354609927, "eval_recall": 0.4652223489167617, "eval_f1": 0.47359257109692393, "eval_accuracy": 0.9503203890990504, "eval_runtime": 3.0105, "eval_samples_per_second": 508.55, "eval_steps_per_second": 63.776, "epoch": 9.0, "step": 2430}, {"loss": 0.0018, "learning_rate": 3.7500000000000003e-05, "epoch": 10.0, "step": 2700}, {"eval_loss": 0.33346453309059143, "eval_precision": 0.5074812967581047, "eval_recall": 0.4640820980615735, "eval_f1": 0.48481238832638474, "eval_accuracy": 0.9507450011580328, "eval_runtime": 3.0128, "eval_samples_per_second": 508.171, "eval_steps_per_second": 63.729, "epoch": 10.0, "step": 2700}, {"loss": 0.0008, "learning_rate": 3.125e-05, "epoch": 11.0, "step": 2970}, {"eval_loss": 0.33740508556365967, "eval_precision": 0.48401323042998895, "eval_recall": 0.500570125427594, "eval_f1": 0.49215246636771304, "eval_accuracy": 0.9495869682698989, "eval_runtime": 3.0096, "eval_samples_per_second": 508.712, "eval_steps_per_second": 63.797, "epoch": 11.0, "step": 2970}, {"loss": 0.0005, "learning_rate": 2.5e-05, "epoch": 12.0, "step": 3240}, {"eval_loss": 0.35381606221199036, "eval_precision": 0.49148694665153236, "eval_recall": 0.49372862029646525, "eval_f1": 0.49260523321956773, "eval_accuracy": 0.9495097660773566, "eval_runtime": 3.0146, "eval_samples_per_second": 507.855, "eval_steps_per_second": 63.689, "epoch": 12.0, "step": 3240}, {"loss": 0.0005, "learning_rate": 1.8750000000000002e-05, "epoch": 13.0, "step": 3510}, {"eval_loss": 0.3604901432991028, "eval_precision": 0.47955801104972373, "eval_recall": 0.49486887115165334, "eval_f1": 0.48709315375982043, "eval_accuracy": 0.9486605419593916, "eval_runtime": 3.0109, "eval_samples_per_second": 508.487, "eval_steps_per_second": 63.768, "epoch": 13.0, "step": 3510}, {"loss": 0.0002, "learning_rate": 1.25e-05, "epoch": 14.0, "step": 3780}, {"eval_loss": 0.37532147765159607, "eval_precision": 0.5168831168831168, "eval_recall": 0.45381984036488027, "eval_f1": 0.4833029751062538, "eval_accuracy": 0.9495483671736278, "eval_runtime": 3.0121, "eval_samples_per_second": 508.281, "eval_steps_per_second": 63.743, "epoch": 14.0, "step": 3780}, {"loss": 0.0002, "learning_rate": 6.25e-06, "epoch": 15.0, "step": 4050}, {"eval_loss": 0.37164977192878723, "eval_precision": 0.4947613504074505, "eval_recall": 0.4846066134549601, "eval_f1": 0.4896313364055299, "eval_accuracy": 0.9491237551146453, "eval_runtime": 3.0132, "eval_samples_per_second": 508.094, "eval_steps_per_second": 63.719, "epoch": 15.0, "step": 4050}, {"loss": 0.0002, "learning_rate": 0.0, "epoch": 16.0, "step": 4320}, {"eval_loss": 0.37222498655319214, "eval_precision": 0.4912891986062718, "eval_recall": 0.4823261117445838, "eval_f1": 0.48676639815880324, "eval_accuracy": 0.9489693507295607, "eval_runtime": 3.0119, "eval_samples_per_second": 508.315, "eval_steps_per_second": 63.747, "epoch": 16.0, "step": 4320}, {"train_runtime": 354.05, "train_samples_per_second": 390.182, "train_steps_per_second": 12.202, "total_flos": 4466533813444452.0, "train_loss": 0.023582559235014573, "epoch": 16.0, "step": 4320}]