[{"loss": 0.312, "learning_rate": 4.6875e-05, "epoch": 1.0, "step": 135}, {"eval_loss": 0.20340383052825928, "eval_precision": 0.272608125819135, "eval_recall": 0.23717217787913342, "eval_f1": 0.25365853658536586, "eval_accuracy": 0.9410175248977071, "eval_runtime": 3.1322, "eval_samples_per_second": 488.786, "eval_steps_per_second": 61.298, "epoch": 1.0, "step": 135}, {"loss": 0.1803, "learning_rate": 4.375e-05, "epoch": 2.0, "step": 270}, {"eval_loss": 0.19726060330867767, "eval_precision": 0.27114093959731544, "eval_recall": 0.23033067274800456, "eval_f1": 0.24907521578298397, "eval_accuracy": 0.9410175248977071, "eval_runtime": 3.1133, "eval_samples_per_second": 491.76, "eval_steps_per_second": 61.671, "epoch": 2.0, "step": 270}, {"loss": 0.1162, "learning_rate": 4.0625000000000005e-05, "epoch": 3.0, "step": 405}, {"eval_loss": 0.22306208312511444, "eval_precision": 0.3306878306878307, "eval_recall": 0.28506271379703535, "eval_f1": 0.3061849357011635, "eval_accuracy": 0.9419439512082143, "eval_runtime": 3.114, "eval_samples_per_second": 491.648, "eval_steps_per_second": 61.657, "epoch": 3.0, "step": 405}, {"loss": 0.0727, "learning_rate": 3.7500000000000003e-05, "epoch": 4.0, "step": 540}, {"eval_loss": 0.2566608488559723, "eval_precision": 0.3111566018423746, "eval_recall": 0.346636259977195, "eval_f1": 0.3279395900755124, "eval_accuracy": 0.9389330656990659, "eval_runtime": 3.1165, "eval_samples_per_second": 491.256, "eval_steps_per_second": 61.608, "epoch": 4.0, "step": 540}, {"loss": 0.0431, "learning_rate": 3.4375e-05, "epoch": 5.0, "step": 675}, {"eval_loss": 0.2917116582393646, "eval_precision": 0.2631086142322097, "eval_recall": 0.3204104903078677, "eval_f1": 0.28894601542416454, "eval_accuracy": 0.9346483440129699, "eval_runtime": 3.1187, "eval_samples_per_second": 490.914, "eval_steps_per_second": 61.565, "epoch": 5.0, "step": 675}, {"loss": 0.0255, "learning_rate": 3.125e-05, "epoch": 6.0, "step": 810}, {"eval_loss": 0.3261401355266571, "eval_precision": 0.2941860465116279, "eval_recall": 0.28848346636259975, "eval_f1": 0.2913068508923431, "eval_accuracy": 0.9388944646027947, "eval_runtime": 3.1166, "eval_samples_per_second": 491.239, "eval_steps_per_second": 61.605, "epoch": 6.0, "step": 810}, {"loss": 0.0145, "learning_rate": 2.8125000000000003e-05, "epoch": 7.0, "step": 945}, {"eval_loss": 0.3395971357822418, "eval_precision": 0.29366602687140114, "eval_recall": 0.34891676168757124, "eval_f1": 0.3189161021365295, "eval_accuracy": 0.9368100054041535, "eval_runtime": 3.1153, "eval_samples_per_second": 491.446, "eval_steps_per_second": 61.631, "epoch": 7.0, "step": 945}, {"loss": 0.009, "learning_rate": 2.5e-05, "epoch": 8.0, "step": 1080}, {"eval_loss": 0.36221686005592346, "eval_precision": 0.2981366459627329, "eval_recall": 0.32839224629418473, "eval_f1": 0.3125339120998372, "eval_accuracy": 0.9384698525438122, "eval_runtime": 3.1049, "eval_samples_per_second": 493.095, "eval_steps_per_second": 61.838, "epoch": 8.0, "step": 1080}, {"loss": 0.0052, "learning_rate": 2.1875e-05, "epoch": 9.0, "step": 1215}, {"eval_loss": 0.37976065278053284, "eval_precision": 0.3094983991462113, "eval_recall": 0.330672748004561, "eval_f1": 0.3197353914002205, "eval_accuracy": 0.9402841040685556, "eval_runtime": 3.175, "eval_samples_per_second": 482.212, "eval_steps_per_second": 60.473, "epoch": 9.0, "step": 1215}, {"loss": 0.0038, "learning_rate": 1.8750000000000002e-05, "epoch": 10.0, "step": 1350}, {"eval_loss": 0.39138031005859375, "eval_precision": 0.30357142857142855, "eval_recall": 0.31014823261117447, "eval_f1": 0.3068245910885505, "eval_accuracy": 0.9393190766617772, "eval_runtime": 3.1139, "eval_samples_per_second": 491.66, "eval_steps_per_second": 61.658, "epoch": 10.0, "step": 1350}, {"loss": 0.0031, "learning_rate": 1.5625e-05, "epoch": 11.0, "step": 1485}, {"eval_loss": 0.39563292264938354, "eval_precision": 0.29861849096705634, "eval_recall": 0.3204104903078677, "eval_f1": 0.30913091309130913, "eval_accuracy": 0.9382768470624566, "eval_runtime": 3.1057, "eval_samples_per_second": 492.96, "eval_steps_per_second": 61.821, "epoch": 11.0, "step": 1485}, {"loss": 0.0022, "learning_rate": 1.25e-05, "epoch": 12.0, "step": 1620}, {"eval_loss": 0.41099244356155396, "eval_precision": 0.30113636363636365, "eval_recall": 0.30216647662485746, "eval_f1": 0.3016505406943654, "eval_accuracy": 0.9397436887207596, "eval_runtime": 3.1098, "eval_samples_per_second": 492.321, "eval_steps_per_second": 61.741, "epoch": 12.0, "step": 1620}, {"loss": 0.0018, "learning_rate": 9.375000000000001e-06, "epoch": 13.0, "step": 1755}, {"eval_loss": 0.4075407087802887, "eval_precision": 0.312933025404157, "eval_recall": 0.3090079817559863, "eval_f1": 0.31095811818703384, "eval_accuracy": 0.9409403227051648, "eval_runtime": 3.1175, "eval_samples_per_second": 491.096, "eval_steps_per_second": 61.588, "epoch": 13.0, "step": 1755}, {"loss": 0.0018, "learning_rate": 6.25e-06, "epoch": 14.0, "step": 1890}, {"eval_loss": 0.4129272401332855, "eval_precision": 0.3054298642533937, "eval_recall": 0.30786773090079816, "eval_f1": 0.3066439522998296, "eval_accuracy": 0.940399907357369, "eval_runtime": 3.1111, "eval_samples_per_second": 492.11, "eval_steps_per_second": 61.715, "epoch": 14.0, "step": 1890}, {"loss": 0.0013, "learning_rate": 3.125e-06, "epoch": 15.0, "step": 2025}, {"eval_loss": 0.41540753841400146, "eval_precision": 0.3082039911308204, "eval_recall": 0.3169897377423033, "eval_f1": 0.31253513209668354, "eval_accuracy": 0.9406315139349958, "eval_runtime": 3.1138, "eval_samples_per_second": 491.683, "eval_steps_per_second": 61.661, "epoch": 15.0, "step": 2025}, {"loss": 0.0013, "learning_rate": 0.0, "epoch": 16.0, "step": 2160}, {"eval_loss": 0.41657328605651855, "eval_precision": 0.3041526374859708, "eval_recall": 0.3090079817559863, "eval_f1": 0.30656108597285064, "eval_accuracy": 0.9405543117424535, "eval_runtime": 3.1018, "eval_samples_per_second": 493.577, "eval_steps_per_second": 61.899, "epoch": 16.0, "step": 2160}, {"train_runtime": 329.1402, "train_samples_per_second": 419.712, "train_steps_per_second": 6.563, "total_flos": 5097613288541508.0, "train_loss": 0.04960956961882335, "epoch": 16.0, "step": 2160}]