[{"loss": 0.347, "learning_rate": 9.375000000000001e-06, "epoch": 1.0, "step": 270}, {"eval_loss": 0.21391132473945618, "eval_precision": 0.2087087087087087, "eval_recall": 0.15849486887115166, "eval_f1": 0.18016850291639663, "eval_accuracy": 0.9397436887207596, "eval_runtime": 5.1701, "eval_samples_per_second": 296.124, "eval_steps_per_second": 37.136, "epoch": 1.0, "step": 270}, {"loss": 0.1991, "learning_rate": 8.750000000000001e-06, "epoch": 2.0, "step": 540}, {"eval_loss": 0.1909404993057251, "eval_precision": 0.2997159090909091, "eval_recall": 0.24059293044469784, "eval_f1": 0.2669196710942442, "eval_accuracy": 0.9430633830000772, "eval_runtime": 5.1644, "eval_samples_per_second": 296.454, "eval_steps_per_second": 37.178, "epoch": 2.0, "step": 540}, {"loss": 0.1483, "learning_rate": 8.125000000000001e-06, "epoch": 3.0, "step": 810}, {"eval_loss": 0.19916261732578278, "eval_precision": 0.2731048805815161, "eval_recall": 0.2998859749144812, "eval_f1": 0.2858695652173913, "eval_accuracy": 0.9400138963946576, "eval_runtime": 5.1657, "eval_samples_per_second": 296.379, "eval_steps_per_second": 37.168, "epoch": 3.0, "step": 810}, {"loss": 0.108, "learning_rate": 7.500000000000001e-06, "epoch": 4.0, "step": 1080}, {"eval_loss": 0.21843187510967255, "eval_precision": 0.31450719822812845, "eval_recall": 0.3238312428734322, "eval_f1": 0.3191011235955056, "eval_accuracy": 0.9415965413417741, "eval_runtime": 5.1507, "eval_samples_per_second": 297.241, "eval_steps_per_second": 37.276, "epoch": 4.0, "step": 1080}, {"loss": 0.0756, "learning_rate": 6.875e-06, "epoch": 5.0, "step": 1350}, {"eval_loss": 0.2677854597568512, "eval_precision": 0.3169092945128779, "eval_recall": 0.322690992018244, "eval_f1": 0.31977401129943506, "eval_accuracy": 0.9424843665560102, "eval_runtime": 5.1439, "eval_samples_per_second": 297.632, "eval_steps_per_second": 37.326, "epoch": 5.0, "step": 1350}, {"loss": 0.0547, "learning_rate": 6.25e-06, "epoch": 6.0, "step": 1620}, {"eval_loss": 0.2867334485054016, "eval_precision": 0.34125, "eval_recall": 0.3112884834663626, "eval_f1": 0.32558139534883723, "eval_accuracy": 0.9429861808075349, "eval_runtime": 5.2115, "eval_samples_per_second": 293.774, "eval_steps_per_second": 36.842, "epoch": 6.0, "step": 1620}, {"loss": 0.0409, "learning_rate": 5.625e-06, "epoch": 7.0, "step": 1890}, {"eval_loss": 0.2940394878387451, "eval_precision": 0.326133909287257, "eval_recall": 0.3443557582668187, "eval_f1": 0.3349972268441486, "eval_accuracy": 0.9403613062610978, "eval_runtime": 5.1566, "eval_samples_per_second": 296.902, "eval_steps_per_second": 37.234, "epoch": 7.0, "step": 1890}, {"loss": 0.0303, "learning_rate": 5e-06, "epoch": 8.0, "step": 2160}, {"eval_loss": 0.3339768350124359, "eval_precision": 0.3536269430051813, "eval_recall": 0.3112884834663626, "eval_f1": 0.33110976349302607, "eval_accuracy": 0.9423685632671968, "eval_runtime": 5.1433, "eval_samples_per_second": 297.667, "eval_steps_per_second": 37.33, "epoch": 8.0, "step": 2160}, {"loss": 0.0227, "learning_rate": 4.3750000000000005e-06, "epoch": 9.0, "step": 2430}, {"eval_loss": 0.3473374843597412, "eval_precision": 0.34679334916864607, "eval_recall": 0.3329532497149373, "eval_f1": 0.3397324025596277, "eval_accuracy": 0.941866749015672, "eval_runtime": 5.1571, "eval_samples_per_second": 296.872, "eval_steps_per_second": 37.23, "epoch": 9.0, "step": 2430}, {"loss": 0.0174, "learning_rate": 3.7500000000000005e-06, "epoch": 10.0, "step": 2700}, {"eval_loss": 0.35454222559928894, "eval_precision": 0.3307174887892377, "eval_recall": 0.3363740022805017, "eval_f1": 0.33352176370830977, "eval_accuracy": 0.9397436887207596, "eval_runtime": 5.1526, "eval_samples_per_second": 297.134, "eval_steps_per_second": 37.263, "epoch": 10.0, "step": 2700}, {"loss": 0.0137, "learning_rate": 3.125e-06, "epoch": 11.0, "step": 2970}, {"eval_loss": 0.3774709105491638, "eval_precision": 0.33372641509433965, "eval_recall": 0.322690992018244, "eval_f1": 0.32811594202898553, "eval_accuracy": 0.9413263336678762, "eval_runtime": 5.1455, "eval_samples_per_second": 297.543, "eval_steps_per_second": 37.314, "epoch": 11.0, "step": 2970}, {"loss": 0.011, "learning_rate": 2.5e-06, "epoch": 12.0, "step": 3240}, {"eval_loss": 0.38098862767219543, "eval_precision": 0.3412698412698413, "eval_recall": 0.34321550741163054, "eval_f1": 0.3422399090392268, "eval_accuracy": 0.9415193391492318, "eval_runtime": 5.1449, "eval_samples_per_second": 297.578, "eval_steps_per_second": 37.319, "epoch": 12.0, "step": 3240}, {"loss": 0.0093, "learning_rate": 1.8750000000000003e-06, "epoch": 13.0, "step": 3510}, {"eval_loss": 0.38942280411720276, "eval_precision": 0.3406466512702079, "eval_recall": 0.3363740022805017, "eval_f1": 0.3384968445209409, "eval_accuracy": 0.9416737435343163, "eval_runtime": 5.144, "eval_samples_per_second": 297.631, "eval_steps_per_second": 37.325, "epoch": 13.0, "step": 3510}, {"loss": 0.0076, "learning_rate": 1.25e-06, "epoch": 14.0, "step": 3780}, {"eval_loss": 0.39289769530296326, "eval_precision": 0.33, "eval_recall": 0.338654503990878, "eval_f1": 0.33427124366910527, "eval_accuracy": 0.9407473172238091, "eval_runtime": 5.1537, "eval_samples_per_second": 297.071, "eval_steps_per_second": 37.255, "epoch": 14.0, "step": 3780}, {"loss": 0.0068, "learning_rate": 6.25e-07, "epoch": 15.0, "step": 4050}, {"eval_loss": 0.3988364338874817, "eval_precision": 0.34522439585730724, "eval_recall": 0.34207525655644244, "eval_f1": 0.3436426116838488, "eval_accuracy": 0.9419825523044855, "eval_runtime": 5.1468, "eval_samples_per_second": 297.469, "eval_steps_per_second": 37.305, "epoch": 15.0, "step": 4050}, {"loss": 0.0061, "learning_rate": 0.0, "epoch": 16.0, "step": 4320}, {"eval_loss": 0.40130436420440674, "eval_precision": 0.34059633027522934, "eval_recall": 0.338654503990878, "eval_f1": 0.33962264150943394, "eval_accuracy": 0.9411333281865205, "eval_runtime": 5.1394, "eval_samples_per_second": 297.897, "eval_steps_per_second": 37.359, "epoch": 16.0, "step": 4320}, {"train_runtime": 925.0112, "train_samples_per_second": 149.343, "train_steps_per_second": 4.67, "total_flos": 1.582379217250458e+16, "train_loss": 0.06865937039256095, "epoch": 16.0, "step": 4320}]