[{"loss": 0.1946, "learning_rate": 9.375e-05, "epoch": 1.0, "step": 135}, {"eval_loss": 0.13508327305316925, "eval_precision": 0.5403422982885085, "eval_recall": 0.5039908779931584, "eval_f1": 0.5215339233038347, "eval_accuracy": 0.9536786844746391, "eval_runtime": 5.0703, "eval_samples_per_second": 301.956, "eval_steps_per_second": 37.868, "epoch": 1.0, "step": 135}, {"loss": 0.0889, "learning_rate": 8.75e-05, "epoch": 2.0, "step": 270}, {"eval_loss": 0.14547517895698547, "eval_precision": 0.5098468271334792, "eval_recall": 0.5313568985176739, "eval_f1": 0.5203796761585706, "eval_accuracy": 0.9518644329498958, "eval_runtime": 5.0282, "eval_samples_per_second": 304.48, "eval_steps_per_second": 38.184, "epoch": 2.0, "step": 270}, {"loss": 0.0314, "learning_rate": 8.125000000000001e-05, "epoch": 3.0, "step": 405}, {"eval_loss": 0.1938437819480896, "eval_precision": 0.4832347140039448, "eval_recall": 0.5587229190421893, "eval_f1": 0.5182443151771549, "eval_accuracy": 0.950204585810237, "eval_runtime": 5.0372, "eval_samples_per_second": 303.941, "eval_steps_per_second": 38.117, "epoch": 3.0, "step": 405}, {"loss": 0.0132, "learning_rate": 7.500000000000001e-05, "epoch": 4.0, "step": 540}, {"eval_loss": 0.2356628030538559, "eval_precision": 0.5076252723311547, "eval_recall": 0.5313568985176739, "eval_f1": 0.5192200557103064, "eval_accuracy": 0.9509380066393885, "eval_runtime": 5.0305, "eval_samples_per_second": 304.344, "eval_steps_per_second": 38.167, "epoch": 4.0, "step": 540}, {"loss": 0.008, "learning_rate": 6.875e-05, "epoch": 5.0, "step": 675}, {"eval_loss": 0.2317534238100052, "eval_precision": 0.5066371681415929, "eval_recall": 0.5222348916761688, "eval_f1": 0.5143177989893317, "eval_accuracy": 0.9520960395275225, "eval_runtime": 5.0372, "eval_samples_per_second": 303.937, "eval_steps_per_second": 38.116, "epoch": 5.0, "step": 675}, {"loss": 0.0032, "learning_rate": 6.25e-05, "epoch": 6.0, "step": 810}, {"eval_loss": 0.2511654198169708, "eval_precision": 0.5393654524089306, "eval_recall": 0.5233751425313569, "eval_f1": 0.53125, "eval_accuracy": 0.9536014822820968, "eval_runtime": 5.0855, "eval_samples_per_second": 301.05, "eval_steps_per_second": 37.754, "epoch": 6.0, "step": 810}, {"loss": 0.0016, "learning_rate": 5.6250000000000005e-05, "epoch": 7.0, "step": 945}, {"eval_loss": 0.28659898042678833, "eval_precision": 0.541860465116279, "eval_recall": 0.5313568985176739, "eval_f1": 0.5365572826712723, "eval_accuracy": 0.9542963020149772, "eval_runtime": 5.0322, "eval_samples_per_second": 304.241, "eval_steps_per_second": 38.154, "epoch": 7.0, "step": 945}, {"loss": 0.0007, "learning_rate": 5e-05, "epoch": 8.0, "step": 1080}, {"eval_loss": 0.2979698181152344, "eval_precision": 0.5404494382022472, "eval_recall": 0.548460661345496, "eval_f1": 0.5444255800792304, "eval_accuracy": 0.9544507064000618, "eval_runtime": 5.0278, "eval_samples_per_second": 304.507, "eval_steps_per_second": 38.188, "epoch": 8.0, "step": 1080}, {"loss": 0.0009, "learning_rate": 4.375e-05, "epoch": 9.0, "step": 1215}, {"eval_loss": 0.2978598475456238, "eval_precision": 0.5459837019790454, "eval_recall": 0.5347776510832383, "eval_f1": 0.5403225806451614, "eval_accuracy": 0.9540646954373504, "eval_runtime": 5.0221, "eval_samples_per_second": 304.853, "eval_steps_per_second": 38.231, "epoch": 9.0, "step": 1215}, {"loss": 0.0005, "learning_rate": 3.7500000000000003e-05, "epoch": 10.0, "step": 1350}, {"eval_loss": 0.3087747097015381, "eval_precision": 0.5654261704681873, "eval_recall": 0.5370581527936146, "eval_f1": 0.5508771929824563, "eval_accuracy": 0.9559947502509071, "eval_runtime": 5.0248, "eval_samples_per_second": 304.687, "eval_steps_per_second": 38.21, "epoch": 10.0, "step": 1350}, {"loss": 0.0003, "learning_rate": 3.125e-05, "epoch": 11.0, "step": 1485}, {"eval_loss": 0.31419506669044495, "eval_precision": 0.5695284159613059, "eval_recall": 0.5370581527936146, "eval_f1": 0.5528169014084506, "eval_accuracy": 0.955685941480738, "eval_runtime": 5.0315, "eval_samples_per_second": 304.28, "eval_steps_per_second": 38.159, "epoch": 11.0, "step": 1485}, {"loss": 0.0003, "learning_rate": 2.5e-05, "epoch": 12.0, "step": 1620}, {"eval_loss": 0.31520864367485046, "eval_precision": 0.5846354166666666, "eval_recall": 0.5119726339794755, "eval_f1": 0.5458966565349542, "eval_accuracy": 0.9560333513471783, "eval_runtime": 5.0307, "eval_samples_per_second": 304.333, "eval_steps_per_second": 38.166, "epoch": 12.0, "step": 1620}, {"loss": 0.0002, "learning_rate": 1.8750000000000002e-05, "epoch": 13.0, "step": 1755}, {"eval_loss": 0.3183278739452362, "eval_precision": 0.568039950062422, "eval_recall": 0.5188141391106044, "eval_f1": 0.5423122765196663, "eval_accuracy": 0.9552227283254845, "eval_runtime": 5.0128, "eval_samples_per_second": 305.416, "eval_steps_per_second": 38.302, "epoch": 13.0, "step": 1755}, {"loss": 0.0001, "learning_rate": 1.25e-05, "epoch": 14.0, "step": 1890}, {"eval_loss": 0.31976860761642456, "eval_precision": 0.5663082437275986, "eval_recall": 0.540478905359179, "eval_f1": 0.5530921820303384, "eval_accuracy": 0.9552613294217556, "eval_runtime": 5.031, "eval_samples_per_second": 304.31, "eval_steps_per_second": 38.163, "epoch": 14.0, "step": 1890}, {"loss": 0.0001, "learning_rate": 6.25e-06, "epoch": 15.0, "step": 2025}, {"eval_loss": 0.3192894756793976, "eval_precision": 0.5581920903954802, "eval_recall": 0.5632839224629419, "eval_f1": 0.5607264472190693, "eval_accuracy": 0.9554157338068401, "eval_runtime": 5.0257, "eval_samples_per_second": 304.635, "eval_steps_per_second": 38.204, "epoch": 15.0, "step": 2025}, {"loss": 0.0001, "learning_rate": 0.0, "epoch": 16.0, "step": 2160}, {"eval_loss": 0.3208906948566437, "eval_precision": 0.5627906976744186, "eval_recall": 0.5518814139110604, "eval_f1": 0.5572826712723085, "eval_accuracy": 0.955647340384467, "eval_runtime": 5.0149, "eval_samples_per_second": 305.293, "eval_steps_per_second": 38.286, "epoch": 16.0, "step": 2160}, {"train_runtime": 803.1149, "train_samples_per_second": 172.01, "train_steps_per_second": 2.69, "total_flos": 1.8047417392008468e+16, "train_loss": 0.021507516468409447, "epoch": 16.0, "step": 2160}]