[{"loss": 0.2968, "learning_rate": 9.375e-05, "epoch": 1.0, "step": 135}, {"eval_loss": 0.20920614898204803, "eval_precision": 0.21333333333333335, "eval_recall": 0.2919042189281642, "eval_f1": 0.24650938854116514, "eval_accuracy": 0.9343009341465298, "eval_runtime": 3.6462, "eval_samples_per_second": 419.888, "eval_steps_per_second": 52.657, "epoch": 1.0, "step": 135}, {"loss": 0.1843, "learning_rate": 8.75e-05, "epoch": 2.0, "step": 270}, {"eval_loss": 0.2041408121585846, "eval_precision": 0.2795918367346939, "eval_recall": 0.3124287343215507, "eval_f1": 0.2950996230479268, "eval_accuracy": 0.9367714043078823, "eval_runtime": 3.6175, "eval_samples_per_second": 423.224, "eval_steps_per_second": 53.076, "epoch": 2.0, "step": 270}, {"loss": 0.1167, "learning_rate": 8.125000000000001e-05, "epoch": 3.0, "step": 405}, {"eval_loss": 0.22385965287685394, "eval_precision": 0.2812803103782735, "eval_recall": 0.330672748004561, "eval_f1": 0.30398322851153037, "eval_accuracy": 0.938122442677372, "eval_runtime": 3.6177, "eval_samples_per_second": 423.201, "eval_steps_per_second": 53.073, "epoch": 3.0, "step": 405}, {"loss": 0.0764, "learning_rate": 7.500000000000001e-05, "epoch": 4.0, "step": 540}, {"eval_loss": 0.28171661496162415, "eval_precision": 0.2586805555555556, "eval_recall": 0.33979475484606614, "eval_f1": 0.29374075899457863, "eval_accuracy": 0.9341079286651741, "eval_runtime": 3.6153, "eval_samples_per_second": 423.478, "eval_steps_per_second": 53.108, "epoch": 4.0, "step": 540}, {"loss": 0.0476, "learning_rate": 6.875e-05, "epoch": 5.0, "step": 675}, {"eval_loss": 0.314175009727478, "eval_precision": 0.25417075564278707, "eval_recall": 0.2953249714937286, "eval_f1": 0.2732067510548523, "eval_accuracy": 0.9344553385316143, "eval_runtime": 3.6125, "eval_samples_per_second": 423.803, "eval_steps_per_second": 53.148, "epoch": 5.0, "step": 675}, {"loss": 0.0262, "learning_rate": 6.25e-05, "epoch": 6.0, "step": 810}, {"eval_loss": 0.3412657082080841, "eval_precision": 0.2646566164154104, "eval_recall": 0.3603192702394527, "eval_f1": 0.3051665861902462, "eval_accuracy": 0.9321778738516174, "eval_runtime": 3.6162, "eval_samples_per_second": 423.369, "eval_steps_per_second": 53.094, "epoch": 6.0, "step": 810}, {"loss": 0.0158, "learning_rate": 5.6250000000000005e-05, "epoch": 7.0, "step": 945}, {"eval_loss": 0.36245107650756836, "eval_precision": 0.2938689217758985, "eval_recall": 0.3169897377423033, "eval_f1": 0.3049917718047175, "eval_accuracy": 0.9383540492549989, "eval_runtime": 3.6185, "eval_samples_per_second": 423.101, "eval_steps_per_second": 53.06, "epoch": 7.0, "step": 945}, {"loss": 0.0115, "learning_rate": 5e-05, "epoch": 8.0, "step": 1080}, {"eval_loss": 0.3861237168312073, "eval_precision": 0.284796573875803, "eval_recall": 0.3033067274800456, "eval_f1": 0.2937603533959139, "eval_accuracy": 0.9374276229444917, "eval_runtime": 3.6177, "eval_samples_per_second": 423.195, "eval_steps_per_second": 53.072, "epoch": 8.0, "step": 1080}, {"loss": 0.0056, "learning_rate": 4.375e-05, "epoch": 9.0, "step": 1215}, {"eval_loss": 0.42120596766471863, "eval_precision": 0.29189789123196447, "eval_recall": 0.2998859749144812, "eval_f1": 0.2958380202474691, "eval_accuracy": 0.9380066393885587, "eval_runtime": 3.6181, "eval_samples_per_second": 423.149, "eval_steps_per_second": 53.066, "epoch": 9.0, "step": 1215}, {"loss": 0.0037, "learning_rate": 3.7500000000000003e-05, "epoch": 10.0, "step": 1350}, {"eval_loss": 0.4256887137889862, "eval_precision": 0.2983783783783784, "eval_recall": 0.314709236031927, "eval_f1": 0.30632630410654826, "eval_accuracy": 0.9387014591214391, "eval_runtime": 3.6123, "eval_samples_per_second": 423.824, "eval_steps_per_second": 53.151, "epoch": 10.0, "step": 1350}, {"loss": 0.0019, "learning_rate": 3.125e-05, "epoch": 11.0, "step": 1485}, {"eval_loss": 0.43479666113853455, "eval_precision": 0.2829763246899662, "eval_recall": 0.2862029646522235, "eval_f1": 0.2845804988662132, "eval_accuracy": 0.9387400602177102, "eval_runtime": 3.6087, "eval_samples_per_second": 424.252, "eval_steps_per_second": 53.205, "epoch": 11.0, "step": 1485}, {"loss": 0.0015, "learning_rate": 2.5e-05, "epoch": 12.0, "step": 1620}, {"eval_loss": 0.44300198554992676, "eval_precision": 0.2857142857142857, "eval_recall": 0.3033067274800456, "eval_f1": 0.2942477876106195, "eval_accuracy": 0.9392804755655061, "eval_runtime": 3.6129, "eval_samples_per_second": 423.762, "eval_steps_per_second": 53.143, "epoch": 12.0, "step": 1620}, {"loss": 0.0007, "learning_rate": 1.8750000000000002e-05, "epoch": 13.0, "step": 1755}, {"eval_loss": 0.45493873953819275, "eval_precision": 0.28586723768736616, "eval_recall": 0.30444697833523376, "eval_f1": 0.29486471562672556, "eval_accuracy": 0.9380066393885587, "eval_runtime": 3.613, "eval_samples_per_second": 423.753, "eval_steps_per_second": 53.142, "epoch": 13.0, "step": 1755}, {"loss": 0.0004, "learning_rate": 1.25e-05, "epoch": 14.0, "step": 1890}, {"eval_loss": 0.47574448585510254, "eval_precision": 0.2908496732026144, "eval_recall": 0.30444697833523376, "eval_f1": 0.2974930362116992, "eval_accuracy": 0.9385856558326257, "eval_runtime": 3.6047, "eval_samples_per_second": 424.724, "eval_steps_per_second": 53.264, "epoch": 14.0, "step": 1890}, {"loss": 0.0004, "learning_rate": 6.25e-06, "epoch": 15.0, "step": 2025}, {"eval_loss": 0.48133185505867004, "eval_precision": 0.2898395721925134, "eval_recall": 0.3090079817559863, "eval_f1": 0.2991169977924945, "eval_accuracy": 0.9375820273295762, "eval_runtime": 3.6193, "eval_samples_per_second": 423.007, "eval_steps_per_second": 53.049, "epoch": 15.0, "step": 2025}, {"loss": 0.0004, "learning_rate": 0.0, "epoch": 16.0, "step": 2160}, {"eval_loss": 0.4819565713405609, "eval_precision": 0.2939297124600639, "eval_recall": 0.314709236031927, "eval_f1": 0.3039647577092511, "eval_accuracy": 0.9381610437736432, "eval_runtime": 3.6687, "eval_samples_per_second": 417.316, "eval_steps_per_second": 52.335, "epoch": 16.0, "step": 2160}, {"train_runtime": 537.6696, "train_samples_per_second": 256.931, "train_steps_per_second": 4.017, "total_flos": 1.7332955522604936e+16, "train_loss": 0.04938323401018149, "epoch": 16.0, "step": 2160}]