[{"loss": 0.6691, "learning_rate": 9.375000000000001e-06, "epoch": 1.0, "step": 135}, {"eval_loss": 0.29262426495552063, "eval_precision": 0.07692307692307693, "eval_recall": 0.002280501710376283, "eval_f1": 0.0044296788482835, "eval_accuracy": 0.9342623330502586, "eval_runtime": 2.9804, "eval_samples_per_second": 513.694, "eval_steps_per_second": 64.422, "epoch": 1.0, "step": 135}, {"loss": 0.289, "learning_rate": 8.750000000000001e-06, "epoch": 2.0, "step": 270}, {"eval_loss": 0.26081156730651855, "eval_precision": 0.10858585858585859, "eval_recall": 0.04903078677309008, "eval_f1": 0.06755695208169678, "eval_accuracy": 0.9336447155099205, "eval_runtime": 2.9734, "eval_samples_per_second": 514.89, "eval_steps_per_second": 64.571, "epoch": 2.0, "step": 270}, {"loss": 0.2628, "learning_rate": 8.125000000000001e-06, "epoch": 3.0, "step": 405}, {"eval_loss": 0.24707604944705963, "eval_precision": 0.13095238095238096, "eval_recall": 0.08779931584948689, "eval_f1": 0.10511945392491467, "eval_accuracy": 0.9347641473017834, "eval_runtime": 2.9776, "eval_samples_per_second": 514.17, "eval_steps_per_second": 64.481, "epoch": 3.0, "step": 405}, {"loss": 0.2462, "learning_rate": 7.500000000000001e-06, "epoch": 4.0, "step": 540}, {"eval_loss": 0.2388579547405243, "eval_precision": 0.17279411764705882, "eval_recall": 0.10718358038768529, "eval_f1": 0.13230119634060522, "eval_accuracy": 0.9367328032116112, "eval_runtime": 2.9718, "eval_samples_per_second": 515.172, "eval_steps_per_second": 64.607, "epoch": 4.0, "step": 540}, {"loss": 0.2304, "learning_rate": 6.875e-06, "epoch": 5.0, "step": 675}, {"eval_loss": 0.23725883662700653, "eval_precision": 0.1648854961832061, "eval_recall": 0.12314709236031927, "eval_f1": 0.1409921671018277, "eval_accuracy": 0.9362309889600865, "eval_runtime": 2.9734, "eval_samples_per_second": 514.9, "eval_steps_per_second": 64.573, "epoch": 5.0, "step": 675}, {"loss": 0.2199, "learning_rate": 6.25e-06, "epoch": 6.0, "step": 810}, {"eval_loss": 0.23372440040111542, "eval_precision": 0.19099099099099098, "eval_recall": 0.12086659064994298, "eval_f1": 0.14804469273743015, "eval_accuracy": 0.9376592295221184, "eval_runtime": 2.9732, "eval_samples_per_second": 514.936, "eval_steps_per_second": 64.577, "epoch": 6.0, "step": 810}, {"loss": 0.2111, "learning_rate": 5.625e-06, "epoch": 7.0, "step": 945}, {"eval_loss": 0.2361367642879486, "eval_precision": 0.19674556213017752, "eval_recall": 0.1516533637400228, "eval_f1": 0.17128139085640698, "eval_accuracy": 0.9365011966339845, "eval_runtime": 2.9656, "eval_samples_per_second": 516.248, "eval_steps_per_second": 64.742, "epoch": 7.0, "step": 945}, {"loss": 0.2002, "learning_rate": 5e-06, "epoch": 8.0, "step": 1080}, {"eval_loss": 0.2403094470500946, "eval_precision": 0.18147684605757197, "eval_recall": 0.1653363740022805, "eval_f1": 0.17303102625298328, "eval_accuracy": 0.933220103450938, "eval_runtime": 2.9694, "eval_samples_per_second": 515.591, "eval_steps_per_second": 64.659, "epoch": 8.0, "step": 1080}, {"loss": 0.1911, "learning_rate": 4.3750000000000005e-06, "epoch": 9.0, "step": 1215}, {"eval_loss": 0.23664060235023499, "eval_precision": 0.21884057971014492, "eval_recall": 0.17217787913340935, "eval_f1": 0.192724952137843, "eval_accuracy": 0.9373504207519494, "eval_runtime": 3.0232, "eval_samples_per_second": 506.412, "eval_steps_per_second": 63.508, "epoch": 9.0, "step": 1215}, {"loss": 0.183, "learning_rate": 3.7500000000000005e-06, "epoch": 10.0, "step": 1350}, {"eval_loss": 0.23853307962417603, "eval_precision": 0.21296296296296297, "eval_recall": 0.18358038768529075, "eval_f1": 0.19718309859154928, "eval_accuracy": 0.935806376901104, "eval_runtime": 2.9623, "eval_samples_per_second": 516.821, "eval_steps_per_second": 64.814, "epoch": 10.0, "step": 1350}, {"loss": 0.1772, "learning_rate": 3.125e-06, "epoch": 11.0, "step": 1485}, {"eval_loss": 0.24047979712486267, "eval_precision": 0.22102747909199522, "eval_recall": 0.21094640820980615, "eval_f1": 0.21586931155192532, "eval_accuracy": 0.9348413494943256, "eval_runtime": 2.9709, "eval_samples_per_second": 515.341, "eval_steps_per_second": 64.628, "epoch": 11.0, "step": 1485}, {"loss": 0.1734, "learning_rate": 2.5e-06, "epoch": 12.0, "step": 1620}, {"eval_loss": 0.24105143547058105, "eval_precision": 0.22860635696821516, "eval_recall": 0.21322690992018245, "eval_f1": 0.22064896755162242, "eval_accuracy": 0.9351501582644947, "eval_runtime": 2.9713, "eval_samples_per_second": 515.267, "eval_steps_per_second": 64.619, "epoch": 12.0, "step": 1620}, {"loss": 0.1704, "learning_rate": 1.8750000000000003e-06, "epoch": 13.0, "step": 1755}, {"eval_loss": 0.24043741822242737, "eval_precision": 0.221001221001221, "eval_recall": 0.2063854047890536, "eval_f1": 0.2134433962264151, "eval_accuracy": 0.9346483440129699, "eval_runtime": 2.9691, "eval_samples_per_second": 515.643, "eval_steps_per_second": 64.666, "epoch": 13.0, "step": 1755}, {"loss": 0.1672, "learning_rate": 1.25e-06, "epoch": 14.0, "step": 1890}, {"eval_loss": 0.241737961769104, "eval_precision": 0.2244418331374853, "eval_recall": 0.217787913340935, "eval_f1": 0.22106481481481483, "eval_accuracy": 0.9334131089322937, "eval_runtime": 2.9634, "eval_samples_per_second": 516.628, "eval_steps_per_second": 64.789, "epoch": 14.0, "step": 1890}, {"loss": 0.1654, "learning_rate": 6.25e-07, "epoch": 15.0, "step": 2025}, {"eval_loss": 0.24288856983184814, "eval_precision": 0.21763392857142858, "eval_recall": 0.22234891676168758, "eval_f1": 0.21996615905245345, "eval_accuracy": 0.9328340924882267, "eval_runtime": 2.9674, "eval_samples_per_second": 515.932, "eval_steps_per_second": 64.702, "epoch": 15.0, "step": 2025}, {"loss": 0.1637, "learning_rate": 0.0, "epoch": 16.0, "step": 2160}, {"eval_loss": 0.241883784532547, "eval_precision": 0.22652582159624413, "eval_recall": 0.22006841505131128, "eval_f1": 0.22325043377674955, "eval_accuracy": 0.9341079286651741, "eval_runtime": 2.968, "eval_samples_per_second": 515.829, "eval_steps_per_second": 64.689, "epoch": 16.0, "step": 2160}, {"train_runtime": 206.2186, "train_samples_per_second": 669.891, "train_steps_per_second": 10.474, "total_flos": 1276175434443588.0, "train_loss": 0.23250997154800981, "epoch": 16.0, "step": 2160}]