[{"loss": 0.2227, "learning_rate": 4.6875e-05, "epoch": 1.0, "step": 270}, {"eval_loss": 0.1603129506111145, "eval_precision": 0.41302027748132336, "eval_recall": 0.4412770809578107, "eval_f1": 0.4266813671444322, "eval_accuracy": 0.9455724542577009, "eval_runtime": 3.0149, "eval_samples_per_second": 507.812, "eval_steps_per_second": 63.684, "epoch": 1.0, "step": 270}, {"loss": 0.145, "learning_rate": 4.375e-05, "epoch": 2.0, "step": 540}, {"eval_loss": 0.15152180194854736, "eval_precision": 0.4611764705882353, "eval_recall": 0.4469783352337514, "eval_f1": 0.45396641574985525, "eval_accuracy": 0.9488921485370184, "eval_runtime": 3.0209, "eval_samples_per_second": 506.801, "eval_steps_per_second": 63.557, "epoch": 2.0, "step": 540}, {"loss": 0.0981, "learning_rate": 4.0625000000000005e-05, "epoch": 3.0, "step": 810}, {"eval_loss": 0.16451647877693176, "eval_precision": 0.47270742358078605, "eval_recall": 0.49372862029646525, "eval_f1": 0.48298940323480205, "eval_accuracy": 0.9462286728943102, "eval_runtime": 3.0163, "eval_samples_per_second": 507.568, "eval_steps_per_second": 63.653, "epoch": 3.0, "step": 810}, {"loss": 0.0656, "learning_rate": 3.7500000000000003e-05, "epoch": 4.0, "step": 1080}, {"eval_loss": 0.18776650726795197, "eval_precision": 0.4301994301994302, "eval_recall": 0.5165336374002281, "eval_f1": 0.46943005181347147, "eval_accuracy": 0.9439898093105844, "eval_runtime": 3.0189, "eval_samples_per_second": 507.133, "eval_steps_per_second": 63.599, "epoch": 4.0, "step": 1080}, {"loss": 0.043, "learning_rate": 3.4375e-05, "epoch": 5.0, "step": 1350}, {"eval_loss": 0.21685822308063507, "eval_precision": 0.4442082890541977, "eval_recall": 0.4766248574686431, "eval_f1": 0.4598459845984599, "eval_accuracy": 0.9471937003010885, "eval_runtime": 3.0118, "eval_samples_per_second": 508.326, "eval_steps_per_second": 63.748, "epoch": 5.0, "step": 1350}, {"loss": 0.0299, "learning_rate": 3.125e-05, "epoch": 6.0, "step": 1620}, {"eval_loss": 0.24949541687965393, "eval_precision": 0.4278704612365064, "eval_recall": 0.49714937286202965, "eval_f1": 0.45991561181434604, "eval_accuracy": 0.9439512082143133, "eval_runtime": 3.0084, "eval_samples_per_second": 508.915, "eval_steps_per_second": 63.822, "epoch": 6.0, "step": 1620}, {"loss": 0.0213, "learning_rate": 2.8125000000000003e-05, "epoch": 7.0, "step": 1890}, {"eval_loss": 0.2583944797515869, "eval_precision": 0.44179389312977096, "eval_recall": 0.5279361459521095, "eval_f1": 0.48103896103896104, "eval_accuracy": 0.9454566509688875, "eval_runtime": 3.0078, "eval_samples_per_second": 509.009, "eval_steps_per_second": 63.834, "epoch": 7.0, "step": 1890}, {"loss": 0.0141, "learning_rate": 2.5e-05, "epoch": 8.0, "step": 2160}, {"eval_loss": 0.2759381830692291, "eval_precision": 0.4426229508196721, "eval_recall": 0.5233751425313569, "eval_f1": 0.4796238244514106, "eval_accuracy": 0.9433335906739752, "eval_runtime": 3.0121, "eval_samples_per_second": 508.278, "eval_steps_per_second": 63.742, "epoch": 8.0, "step": 2160}, {"loss": 0.011, "learning_rate": 2.1875e-05, "epoch": 9.0, "step": 2430}, {"eval_loss": 0.29059720039367676, "eval_precision": 0.46279306829765543, "eval_recall": 0.5176738882554162, "eval_f1": 0.48869752421959095, "eval_accuracy": 0.9472709024936308, "eval_runtime": 3.0215, "eval_samples_per_second": 506.704, "eval_steps_per_second": 63.545, "epoch": 9.0, "step": 2430}, {"loss": 0.0079, "learning_rate": 1.8750000000000002e-05, "epoch": 10.0, "step": 2700}, {"eval_loss": 0.3039740025997162, "eval_precision": 0.49318463444857497, "eval_recall": 0.45381984036488027, "eval_f1": 0.47268408551068886, "eval_accuracy": 0.9488149463444762, "eval_runtime": 3.0773, "eval_samples_per_second": 497.513, "eval_steps_per_second": 62.392, "epoch": 10.0, "step": 2700}, {"loss": 0.006, "learning_rate": 1.5625e-05, "epoch": 11.0, "step": 2970}, {"eval_loss": 0.3144366145133972, "eval_precision": 0.47045454545454546, "eval_recall": 0.47206385404789053, "eval_f1": 0.47125782583949916, "eval_accuracy": 0.948197328804138, "eval_runtime": 3.0179, "eval_samples_per_second": 507.303, "eval_steps_per_second": 63.62, "epoch": 11.0, "step": 2970}, {"loss": 0.0056, "learning_rate": 1.25e-05, "epoch": 12.0, "step": 3240}, {"eval_loss": 0.3197472393512726, "eval_precision": 0.46702702702702703, "eval_recall": 0.4925883694412771, "eval_f1": 0.47946725860155387, "eval_accuracy": 0.9468848915309195, "eval_runtime": 3.0133, "eval_samples_per_second": 508.089, "eval_steps_per_second": 63.718, "epoch": 12.0, "step": 3240}, {"loss": 0.0037, "learning_rate": 9.375000000000001e-06, "epoch": 13.0, "step": 3510}, {"eval_loss": 0.33505964279174805, "eval_precision": 0.47687224669603523, "eval_recall": 0.49372862029646525, "eval_f1": 0.48515406162464986, "eval_accuracy": 0.9468462904346483, "eval_runtime": 3.0151, "eval_samples_per_second": 507.776, "eval_steps_per_second": 63.679, "epoch": 13.0, "step": 3510}, {"loss": 0.0029, "learning_rate": 6.25e-06, "epoch": 14.0, "step": 3780}, {"eval_loss": 0.3418911099433899, "eval_precision": 0.4722524483133841, "eval_recall": 0.49486887115165334, "eval_f1": 0.4832962138084632, "eval_accuracy": 0.9468076893383772, "eval_runtime": 3.0131, "eval_samples_per_second": 508.122, "eval_steps_per_second": 63.723, "epoch": 14.0, "step": 3780}, {"loss": 0.0034, "learning_rate": 3.125e-06, "epoch": 15.0, "step": 4050}, {"eval_loss": 0.3432075083255768, "eval_precision": 0.46361746361746364, "eval_recall": 0.508551881413911, "eval_f1": 0.4850462207721588, "eval_accuracy": 0.9462672739905813, "eval_runtime": 3.012, "eval_samples_per_second": 508.293, "eval_steps_per_second": 63.744, "epoch": 15.0, "step": 4050}, {"loss": 0.002, "learning_rate": 0.0, "epoch": 16.0, "step": 4320}, {"eval_loss": 0.34256765246391296, "eval_precision": 0.4703344120819849, "eval_recall": 0.49714937286202965, "eval_f1": 0.483370288248337, "eval_accuracy": 0.9472323013973597, "eval_runtime": 3.0138, "eval_samples_per_second": 507.994, "eval_steps_per_second": 63.707, "epoch": 16.0, "step": 4320}, {"train_runtime": 294.0706, "train_samples_per_second": 469.765, "train_steps_per_second": 14.69, "total_flos": 1118065705262436.0, "train_loss": 0.04264205128506378, "epoch": 16.0, "step": 4320}]