[{"loss": 0.2916, "learning_rate": 4.6875e-05, "epoch": 1.0, "step": 135}, {"eval_loss": 0.18927042186260223, "eval_precision": 0.3072847682119205, "eval_recall": 0.2645381984036488, "eval_f1": 0.28431372549019607, "eval_accuracy": 0.9437582027329576, "eval_runtime": 5.1222, "eval_samples_per_second": 298.898, "eval_steps_per_second": 37.484, "epoch": 1.0, "step": 135}, {"loss": 0.1556, "learning_rate": 4.375e-05, "epoch": 2.0, "step": 270}, {"eval_loss": 0.19223065674304962, "eval_precision": 0.301460823373174, "eval_recall": 0.2588369441277081, "eval_f1": 0.27852760736196325, "eval_accuracy": 0.9414035358604185, "eval_runtime": 5.0667, "eval_samples_per_second": 302.17, "eval_steps_per_second": 37.895, "epoch": 2.0, "step": 270}, {"loss": 0.0787, "learning_rate": 4.0625000000000005e-05, "epoch": 3.0, "step": 405}, {"eval_loss": 0.24164879322052002, "eval_precision": 0.3175182481751825, "eval_recall": 0.2976054732041049, "eval_f1": 0.3072395526780459, "eval_accuracy": 0.9405157106461823, "eval_runtime": 5.0701, "eval_samples_per_second": 301.966, "eval_steps_per_second": 37.869, "epoch": 3.0, "step": 405}, {"loss": 0.0352, "learning_rate": 3.7500000000000003e-05, "epoch": 4.0, "step": 540}, {"eval_loss": 0.2700938582420349, "eval_precision": 0.2876712328767123, "eval_recall": 0.28734321550741165, "eval_f1": 0.2875071306332002, "eval_accuracy": 0.9391260711804216, "eval_runtime": 5.0701, "eval_samples_per_second": 301.969, "eval_steps_per_second": 37.869, "epoch": 4.0, "step": 540}, {"loss": 0.0141, "learning_rate": 3.4375e-05, "epoch": 5.0, "step": 675}, {"eval_loss": 0.30007824301719666, "eval_precision": 0.3136818687430478, "eval_recall": 0.3215507411630559, "eval_f1": 0.3175675675675676, "eval_accuracy": 0.9397822898170308, "eval_runtime": 5.0648, "eval_samples_per_second": 302.282, "eval_steps_per_second": 37.909, "epoch": 5.0, "step": 675}, {"loss": 0.0056, "learning_rate": 3.125e-05, "epoch": 6.0, "step": 810}, {"eval_loss": 0.33387330174446106, "eval_precision": 0.314709236031927, "eval_recall": 0.314709236031927, "eval_f1": 0.314709236031927, "eval_accuracy": 0.9409403227051648, "eval_runtime": 5.1264, "eval_samples_per_second": 298.65, "eval_steps_per_second": 37.453, "epoch": 6.0, "step": 810}, {"loss": 0.0024, "learning_rate": 2.8125000000000003e-05, "epoch": 7.0, "step": 945}, {"eval_loss": 0.3674589991569519, "eval_precision": 0.3084016393442623, "eval_recall": 0.34321550741163054, "eval_f1": 0.3248785752833243, "eval_accuracy": 0.93839265035127, "eval_runtime": 5.0684, "eval_samples_per_second": 302.065, "eval_steps_per_second": 37.881, "epoch": 7.0, "step": 945}, {"loss": 0.0016, "learning_rate": 2.5e-05, "epoch": 8.0, "step": 1080}, {"eval_loss": 0.38679373264312744, "eval_precision": 0.3244803695150115, "eval_recall": 0.3204104903078677, "eval_f1": 0.3224325874928284, "eval_accuracy": 0.9407473172238091, "eval_runtime": 5.0639, "eval_samples_per_second": 302.339, "eval_steps_per_second": 37.916, "epoch": 8.0, "step": 1080}, {"loss": 0.0014, "learning_rate": 2.1875e-05, "epoch": 9.0, "step": 1215}, {"eval_loss": 0.39138445258140564, "eval_precision": 0.3153759820426487, "eval_recall": 0.3204104903078677, "eval_f1": 0.31787330316742085, "eval_accuracy": 0.9405157106461823, "eval_runtime": 5.0713, "eval_samples_per_second": 301.897, "eval_steps_per_second": 37.86, "epoch": 9.0, "step": 1215}, {"loss": 0.0014, "learning_rate": 1.8750000000000002e-05, "epoch": 10.0, "step": 1350}, {"eval_loss": 0.3797544538974762, "eval_precision": 0.3267670915411356, "eval_recall": 0.3215507411630559, "eval_f1": 0.3241379310344828, "eval_accuracy": 0.9410175248977071, "eval_runtime": 5.0677, "eval_samples_per_second": 302.108, "eval_steps_per_second": 37.887, "epoch": 10.0, "step": 1350}, {"loss": 0.0006, "learning_rate": 1.5625e-05, "epoch": 11.0, "step": 1485}, {"eval_loss": 0.39766576886177063, "eval_precision": 0.32790697674418606, "eval_recall": 0.3215507411630559, "eval_f1": 0.3246977547495682, "eval_accuracy": 0.9409017216088937, "eval_runtime": 5.0803, "eval_samples_per_second": 301.358, "eval_steps_per_second": 37.793, "epoch": 11.0, "step": 1485}, {"loss": 0.0004, "learning_rate": 1.25e-05, "epoch": 12.0, "step": 1620}, {"eval_loss": 0.4124489426612854, "eval_precision": 0.3333333333333333, "eval_recall": 0.3169897377423033, "eval_f1": 0.3249561659848042, "eval_accuracy": 0.9415965413417741, "eval_runtime": 5.0695, "eval_samples_per_second": 302.001, "eval_steps_per_second": 37.873, "epoch": 12.0, "step": 1620}, {"loss": 0.0003, "learning_rate": 9.375000000000001e-06, "epoch": 13.0, "step": 1755}, {"eval_loss": 0.417315810918808, "eval_precision": 0.3368298368298368, "eval_recall": 0.3295324971493729, "eval_f1": 0.33314121037463973, "eval_accuracy": 0.9417509457268587, "eval_runtime": 5.0723, "eval_samples_per_second": 301.837, "eval_steps_per_second": 37.853, "epoch": 13.0, "step": 1755}, {"loss": 0.0003, "learning_rate": 6.25e-06, "epoch": 14.0, "step": 1890}, {"eval_loss": 0.42389965057373047, "eval_precision": 0.3388042203985932, "eval_recall": 0.3295324971493729, "eval_f1": 0.33410404624277457, "eval_accuracy": 0.9417895468231298, "eval_runtime": 5.0664, "eval_samples_per_second": 302.189, "eval_steps_per_second": 37.897, "epoch": 14.0, "step": 1890}, {"loss": 0.0002, "learning_rate": 3.125e-06, "epoch": 15.0, "step": 2025}, {"eval_loss": 0.4274623990058899, "eval_precision": 0.3407755581668625, "eval_recall": 0.330672748004561, "eval_f1": 0.33564814814814814, "eval_accuracy": 0.9420597544970277, "eval_runtime": 5.0649, "eval_samples_per_second": 302.279, "eval_steps_per_second": 37.908, "epoch": 15.0, "step": 2025}, {"loss": 0.0003, "learning_rate": 0.0, "epoch": 16.0, "step": 2160}, {"eval_loss": 0.4274786710739136, "eval_precision": 0.338389731621937, "eval_recall": 0.330672748004561, "eval_f1": 0.3344867358708189, "eval_accuracy": 0.9420211534007565, "eval_runtime": 5.0653, "eval_samples_per_second": 302.254, "eval_steps_per_second": 37.905, "epoch": 16.0, "step": 2160}, {"train_runtime": 799.8257, "train_samples_per_second": 172.718, "train_steps_per_second": 2.701, "total_flos": 1.8048149503801668e+16, "train_loss": 0.03685961469697455, "epoch": 16.0, "step": 2160}]