[{"loss": 0.2132, "learning_rate": 4.6875e-05, "epoch": 1.0, "step": 135}, {"eval_loss": 0.1364530473947525, "eval_precision": 0.47761194029850745, "eval_recall": 0.5473204104903079, "eval_f1": 0.51009564293305, "eval_accuracy": 0.9530610669343009, "eval_runtime": 3.6701, "eval_samples_per_second": 417.155, "eval_steps_per_second": 52.315, "epoch": 1.0, "step": 135}, {"loss": 0.1201, "learning_rate": 4.375e-05, "epoch": 2.0, "step": 270}, {"eval_loss": 0.1390029489994049, "eval_precision": 0.4859903381642512, "eval_recall": 0.5735461801596351, "eval_f1": 0.5261506276150628, "eval_accuracy": 0.951632826372269, "eval_runtime": 3.6678, "eval_samples_per_second": 417.421, "eval_steps_per_second": 52.348, "epoch": 2.0, "step": 270}, {"loss": 0.0691, "learning_rate": 4.0625000000000005e-05, "epoch": 3.0, "step": 405}, {"eval_loss": 0.14373160898685455, "eval_precision": 0.5205047318611987, "eval_recall": 0.56442417331813, "eval_f1": 0.5415754923413566, "eval_accuracy": 0.9566123677912453, "eval_runtime": 3.6571, "eval_samples_per_second": 418.641, "eval_steps_per_second": 52.501, "epoch": 3.0, "step": 405}, {"loss": 0.038, "learning_rate": 3.7500000000000003e-05, "epoch": 4.0, "step": 540}, {"eval_loss": 0.17963719367980957, "eval_precision": 0.5586666666666666, "eval_recall": 0.47776510832383123, "eval_f1": 0.515058389674247, "eval_accuracy": 0.956264957924805, "eval_runtime": 3.6566, "eval_samples_per_second": 418.696, "eval_steps_per_second": 52.508, "epoch": 4.0, "step": 540}, {"loss": 0.0212, "learning_rate": 3.4375e-05, "epoch": 5.0, "step": 675}, {"eval_loss": 0.20344416797161102, "eval_precision": 0.5127388535031847, "eval_recall": 0.5507411630558723, "eval_f1": 0.5310610225398571, "eval_accuracy": 0.9535628811858257, "eval_runtime": 3.6572, "eval_samples_per_second": 418.624, "eval_steps_per_second": 52.499, "epoch": 5.0, "step": 675}, {"loss": 0.0122, "learning_rate": 3.125e-05, "epoch": 6.0, "step": 810}, {"eval_loss": 0.23706892132759094, "eval_precision": 0.512249443207127, "eval_recall": 0.5245153933865451, "eval_f1": 0.5183098591549296, "eval_accuracy": 0.955647340384467, "eval_runtime": 3.6666, "eval_samples_per_second": 417.557, "eval_steps_per_second": 52.365, "epoch": 6.0, "step": 810}, {"loss": 0.0068, "learning_rate": 2.8125000000000003e-05, "epoch": 7.0, "step": 945}, {"eval_loss": 0.24640052020549774, "eval_precision": 0.5364758698092031, "eval_recall": 0.5450399087799316, "eval_f1": 0.5407239819004526, "eval_accuracy": 0.9558789469620937, "eval_runtime": 3.6594, "eval_samples_per_second": 418.378, "eval_steps_per_second": 52.468, "epoch": 7.0, "step": 945}, {"loss": 0.0043, "learning_rate": 2.5e-05, "epoch": 8.0, "step": 1080}, {"eval_loss": 0.2794164717197418, "eval_precision": 0.5025025025025025, "eval_recall": 0.572405929304447, "eval_f1": 0.535181236673774, "eval_accuracy": 0.9542577009187061, "eval_runtime": 3.6581, "eval_samples_per_second": 418.521, "eval_steps_per_second": 52.486, "epoch": 8.0, "step": 1080}, {"loss": 0.003, "learning_rate": 2.1875e-05, "epoch": 9.0, "step": 1215}, {"eval_loss": 0.28561457991600037, "eval_precision": 0.5066815144766147, "eval_recall": 0.5188141391106044, "eval_f1": 0.5126760563380282, "eval_accuracy": 0.9546051107851463, "eval_runtime": 3.6724, "eval_samples_per_second": 416.896, "eval_steps_per_second": 52.282, "epoch": 9.0, "step": 1215}, {"loss": 0.002, "learning_rate": 1.8750000000000002e-05, "epoch": 10.0, "step": 1350}, {"eval_loss": 0.29831141233444214, "eval_precision": 0.5310119695321001, "eval_recall": 0.556442417331813, "eval_f1": 0.5434298440979954, "eval_accuracy": 0.9557245425770092, "eval_runtime": 3.6614, "eval_samples_per_second": 418.141, "eval_steps_per_second": 52.438, "epoch": 10.0, "step": 1350}, {"loss": 0.0012, "learning_rate": 1.5625e-05, "epoch": 11.0, "step": 1485}, {"eval_loss": 0.31830769777297974, "eval_precision": 0.5399780941949617, "eval_recall": 0.5621436716077537, "eval_f1": 0.5508379888268156, "eval_accuracy": 0.9563807612136185, "eval_runtime": 3.6661, "eval_samples_per_second": 417.615, "eval_steps_per_second": 52.372, "epoch": 11.0, "step": 1485}, {"loss": 0.0014, "learning_rate": 1.25e-05, "epoch": 12.0, "step": 1620}, {"eval_loss": 0.3239575922489166, "eval_precision": 0.5014985014985015, "eval_recall": 0.572405929304447, "eval_f1": 0.5346112886048987, "eval_accuracy": 0.9536014822820968, "eval_runtime": 3.6563, "eval_samples_per_second": 418.727, "eval_steps_per_second": 52.512, "epoch": 12.0, "step": 1620}, {"loss": 0.0011, "learning_rate": 9.375000000000001e-06, "epoch": 13.0, "step": 1755}, {"eval_loss": 0.3291451334953308, "eval_precision": 0.5349887133182845, "eval_recall": 0.540478905359179, "eval_f1": 0.5377197958026092, "eval_accuracy": 0.9560333513471783, "eval_runtime": 3.6666, "eval_samples_per_second": 417.558, "eval_steps_per_second": 52.365, "epoch": 13.0, "step": 1755}, {"loss": 0.0007, "learning_rate": 6.25e-06, "epoch": 14.0, "step": 1890}, {"eval_loss": 0.335314005613327, "eval_precision": 0.5344262295081967, "eval_recall": 0.5575826681870011, "eval_f1": 0.5457589285714285, "eval_accuracy": 0.9563807612136185, "eval_runtime": 3.6578, "eval_samples_per_second": 418.553, "eval_steps_per_second": 52.49, "epoch": 14.0, "step": 1890}, {"loss": 0.0005, "learning_rate": 3.125e-06, "epoch": 15.0, "step": 2025}, {"eval_loss": 0.3414953351020813, "eval_precision": 0.537199124726477, "eval_recall": 0.5598631698973774, "eval_f1": 0.5482970407593524, "eval_accuracy": 0.9568825754651432, "eval_runtime": 3.6613, "eval_samples_per_second": 418.155, "eval_steps_per_second": 52.44, "epoch": 15.0, "step": 2025}, {"loss": 0.0004, "learning_rate": 0.0, "epoch": 16.0, "step": 2160}, {"eval_loss": 0.3420853018760681, "eval_precision": 0.5280777537796977, "eval_recall": 0.5575826681870011, "eval_f1": 0.5424292845257903, "eval_accuracy": 0.9561491546359917, "eval_runtime": 3.6514, "eval_samples_per_second": 419.287, "eval_steps_per_second": 52.582, "epoch": 16.0, "step": 2160}, {"train_runtime": 537.8107, "train_samples_per_second": 256.864, "train_steps_per_second": 4.016, "total_flos": 1.7332250345597736e+16, "train_loss": 0.030940263899457122, "epoch": 16.0, "step": 2160}]