[{"loss": 0.2691, "learning_rate": 4.6875e-05, "epoch": 1.0, "step": 270}, {"eval_loss": 0.19186347723007202, "eval_precision": 0.30992196209587514, "eval_recall": 0.3169897377423033, "eval_f1": 0.3134160090191657, "eval_accuracy": 0.9426387709410947, "eval_runtime": 5.0849, "eval_samples_per_second": 301.089, "eval_steps_per_second": 37.759, "epoch": 1.0, "step": 270}, {"loss": 0.1453, "learning_rate": 4.375e-05, "epoch": 2.0, "step": 540}, {"eval_loss": 0.19893285632133484, "eval_precision": 0.3103448275862069, "eval_recall": 0.2976054732041049, "eval_f1": 0.30384167636786963, "eval_accuracy": 0.9432563884814329, "eval_runtime": 5.0354, "eval_samples_per_second": 304.047, "eval_steps_per_second": 38.13, "epoch": 2.0, "step": 540}, {"loss": 0.0689, "learning_rate": 4.0625000000000005e-05, "epoch": 3.0, "step": 810}, {"eval_loss": 0.2571393847465515, "eval_precision": 0.29925187032418954, "eval_recall": 0.27366020524515394, "eval_f1": 0.28588445503275756, "eval_accuracy": 0.9417895468231298, "eval_runtime": 5.0361, "eval_samples_per_second": 304.004, "eval_steps_per_second": 38.125, "epoch": 3.0, "step": 810}, {"loss": 0.0293, "learning_rate": 3.7500000000000003e-05, "epoch": 4.0, "step": 1080}, {"eval_loss": 0.3262956142425537, "eval_precision": 0.31648936170212766, "eval_recall": 0.27137970353477764, "eval_f1": 0.2922038060159607, "eval_accuracy": 0.9409403227051648, "eval_runtime": 5.0323, "eval_samples_per_second": 304.237, "eval_steps_per_second": 38.154, "epoch": 4.0, "step": 1080}, {"loss": 0.0118, "learning_rate": 3.4375e-05, "epoch": 5.0, "step": 1350}, {"eval_loss": 0.3273828327655792, "eval_precision": 0.2911534154535274, "eval_recall": 0.29646522234891676, "eval_f1": 0.29378531073446323, "eval_accuracy": 0.9382382459661854, "eval_runtime": 5.0317, "eval_samples_per_second": 304.272, "eval_steps_per_second": 38.158, "epoch": 5.0, "step": 1350}, {"loss": 0.005, "learning_rate": 3.125e-05, "epoch": 6.0, "step": 1620}, {"eval_loss": 0.3533521592617035, "eval_precision": 0.30859375, "eval_recall": 0.2702394526795895, "eval_f1": 0.28814589665653495, "eval_accuracy": 0.9413649347641473, "eval_runtime": 5.0919, "eval_samples_per_second": 300.676, "eval_steps_per_second": 37.707, "epoch": 6.0, "step": 1620}, {"loss": 0.0026, "learning_rate": 2.8125000000000003e-05, "epoch": 7.0, "step": 1890}, {"eval_loss": 0.3757229447364807, "eval_precision": 0.31126596980255516, "eval_recall": 0.3055872291904219, "eval_f1": 0.3084004602991945, "eval_accuracy": 0.941557940245503, "eval_runtime": 5.0231, "eval_samples_per_second": 304.791, "eval_steps_per_second": 38.223, "epoch": 7.0, "step": 1890}, {"loss": 0.001, "learning_rate": 2.5e-05, "epoch": 8.0, "step": 2160}, {"eval_loss": 0.4047184884548187, "eval_precision": 0.30510314875135724, "eval_recall": 0.3204104903078677, "eval_f1": 0.3125695216907675, "eval_accuracy": 0.9398594920095731, "eval_runtime": 5.0322, "eval_samples_per_second": 304.239, "eval_steps_per_second": 38.154, "epoch": 8.0, "step": 2160}, {"loss": 0.0011, "learning_rate": 2.1875e-05, "epoch": 9.0, "step": 2430}, {"eval_loss": 0.40734824538230896, "eval_precision": 0.3131201764057332, "eval_recall": 0.3238312428734322, "eval_f1": 0.3183856502242152, "eval_accuracy": 0.9396664865282174, "eval_runtime": 5.0349, "eval_samples_per_second": 304.075, "eval_steps_per_second": 38.133, "epoch": 9.0, "step": 2430}, {"loss": 0.0008, "learning_rate": 1.8750000000000002e-05, "epoch": 10.0, "step": 2700}, {"eval_loss": 0.4155052602291107, "eval_precision": 0.32066508313539194, "eval_recall": 0.30786773090079816, "eval_f1": 0.31413612565445026, "eval_accuracy": 0.9403227051648266, "eval_runtime": 5.0336, "eval_samples_per_second": 304.158, "eval_steps_per_second": 38.144, "epoch": 10.0, "step": 2700}, {"loss": 0.0004, "learning_rate": 1.5625e-05, "epoch": 11.0, "step": 2970}, {"eval_loss": 0.4336032271385193, "eval_precision": 0.3268765133171913, "eval_recall": 0.30786773090079816, "eval_f1": 0.31708749266001174, "eval_accuracy": 0.9412491314753338, "eval_runtime": 5.029, "eval_samples_per_second": 304.434, "eval_steps_per_second": 38.178, "epoch": 11.0, "step": 2970}, {"loss": 0.0002, "learning_rate": 1.25e-05, "epoch": 12.0, "step": 3240}, {"eval_loss": 0.45091500878334045, "eval_precision": 0.3438287153652393, "eval_recall": 0.3112884834663626, "eval_f1": 0.3267504488330341, "eval_accuracy": 0.9421755577858412, "eval_runtime": 5.0178, "eval_samples_per_second": 305.115, "eval_steps_per_second": 38.264, "epoch": 12.0, "step": 3240}, {"loss": 0.0003, "learning_rate": 9.375000000000001e-06, "epoch": 13.0, "step": 3510}, {"eval_loss": 0.45069149136543274, "eval_precision": 0.32273838630806845, "eval_recall": 0.3010262257696693, "eval_f1": 0.31150442477876106, "eval_accuracy": 0.9415965413417741, "eval_runtime": 5.0123, "eval_samples_per_second": 305.451, "eval_steps_per_second": 38.306, "epoch": 13.0, "step": 3510}, {"loss": 0.0002, "learning_rate": 6.25e-06, "epoch": 14.0, "step": 3780}, {"eval_loss": 0.4523654282093048, "eval_precision": 0.32461355529131986, "eval_recall": 0.3112884834663626, "eval_f1": 0.3178114086146682, "eval_accuracy": 0.9411719292827916, "eval_runtime": 5.0188, "eval_samples_per_second": 305.051, "eval_steps_per_second": 38.256, "epoch": 14.0, "step": 3780}, {"loss": 0.0002, "learning_rate": 3.125e-06, "epoch": 15.0, "step": 4050}, {"eval_loss": 0.45455363392829895, "eval_precision": 0.3234597156398104, "eval_recall": 0.3112884834663626, "eval_f1": 0.31725740848343986, "eval_accuracy": 0.9414035358604185, "eval_runtime": 5.0201, "eval_samples_per_second": 304.973, "eval_steps_per_second": 38.246, "epoch": 15.0, "step": 4050}, {"loss": 0.0001, "learning_rate": 0.0, "epoch": 16.0, "step": 4320}, {"eval_loss": 0.4588560163974762, "eval_precision": 0.32185273159144895, "eval_recall": 0.3090079817559863, "eval_f1": 0.31529959278650377, "eval_accuracy": 0.9412105303790628, "eval_runtime": 5.0243, "eval_samples_per_second": 304.72, "eval_steps_per_second": 38.214, "epoch": 16.0, "step": 4320}, {"train_runtime": 873.3448, "train_samples_per_second": 158.178, "train_steps_per_second": 4.946, "total_flos": 1.5815510579331156e+16, "train_loss": 0.03352317107686152, "epoch": 16.0, "step": 4320}]