[{"loss": 0.3263, "learning_rate": 9.375e-05, "epoch": 1.0, "step": 135}, {"eval_loss": 0.21982702612876892, "eval_precision": 0.28719723183391005, "eval_recall": 0.09464082098061574, "eval_f1": 0.1423670668953688, "eval_accuracy": 0.9349185516868679, "eval_runtime": 2.4313, "eval_samples_per_second": 629.696, "eval_steps_per_second": 78.969, "epoch": 1.0, "step": 135}, {"loss": 0.2208, "learning_rate": 8.75e-05, "epoch": 2.0, "step": 270}, {"eval_loss": 0.18586646020412445, "eval_precision": 0.3601637107776262, "eval_recall": 0.3010262257696693, "eval_f1": 0.3279503105590062, "eval_accuracy": 0.9395892843356751, "eval_runtime": 2.3141, "eval_samples_per_second": 661.586, "eval_steps_per_second": 82.968, "epoch": 2.0, "step": 270}, {"loss": 0.1785, "learning_rate": 8.125000000000001e-05, "epoch": 3.0, "step": 405}, {"eval_loss": 0.17732124030590057, "eval_precision": 0.4172661870503597, "eval_recall": 0.330672748004561, "eval_f1": 0.36895674300254455, "eval_accuracy": 0.9435265961553309, "eval_runtime": 2.312, "eval_samples_per_second": 662.187, "eval_steps_per_second": 83.044, "epoch": 3.0, "step": 405}, {"loss": 0.134, "learning_rate": 7.500000000000001e-05, "epoch": 4.0, "step": 540}, {"eval_loss": 0.1878581941127777, "eval_precision": 0.40969696969696967, "eval_recall": 0.38540478905359177, "eval_f1": 0.39717978848413626, "eval_accuracy": 0.9442986180807534, "eval_runtime": 2.3114, "eval_samples_per_second": 662.375, "eval_steps_per_second": 83.067, "epoch": 4.0, "step": 540}, {"loss": 0.0978, "learning_rate": 6.875e-05, "epoch": 5.0, "step": 675}, {"eval_loss": 0.19439855217933655, "eval_precision": 0.44711538461538464, "eval_recall": 0.3181299885974915, "eval_f1": 0.3717521652231846, "eval_accuracy": 0.9429861808075349, "eval_runtime": 2.3077, "eval_samples_per_second": 663.421, "eval_steps_per_second": 83.198, "epoch": 5.0, "step": 675}, {"loss": 0.0676, "learning_rate": 6.25e-05, "epoch": 6.0, "step": 810}, {"eval_loss": 0.2475670427083969, "eval_precision": 0.4296875, "eval_recall": 0.43899657924743446, "eval_f1": 0.4342921601804851, "eval_accuracy": 0.9422141588821122, "eval_runtime": 2.3088, "eval_samples_per_second": 663.126, "eval_steps_per_second": 83.162, "epoch": 6.0, "step": 810}, {"loss": 0.0501, "learning_rate": 5.6250000000000005e-05, "epoch": 7.0, "step": 945}, {"eval_loss": 0.26843878626823425, "eval_precision": 0.4026236125126135, "eval_recall": 0.4549600912200684, "eval_f1": 0.4271948608137045, "eval_accuracy": 0.940978923801436, "eval_runtime": 2.3139, "eval_samples_per_second": 661.657, "eval_steps_per_second": 82.977, "epoch": 7.0, "step": 945}, {"loss": 0.034, "learning_rate": 5e-05, "epoch": 8.0, "step": 1080}, {"eval_loss": 0.276714026927948, "eval_precision": 0.3663453111305872, "eval_recall": 0.4766248574686431, "eval_f1": 0.41427155599603566, "eval_accuracy": 0.9363467922488998, "eval_runtime": 2.3129, "eval_samples_per_second": 661.93, "eval_steps_per_second": 83.011, "epoch": 8.0, "step": 1080}, {"loss": 0.0237, "learning_rate": 4.375e-05, "epoch": 9.0, "step": 1215}, {"eval_loss": 0.30273452401161194, "eval_precision": 0.3983983983983984, "eval_recall": 0.45381984036488027, "eval_f1": 0.4243070362473348, "eval_accuracy": 0.9402841040685556, "eval_runtime": 2.3662, "eval_samples_per_second": 647.043, "eval_steps_per_second": 81.144, "epoch": 9.0, "step": 1215}, {"loss": 0.0174, "learning_rate": 3.7500000000000003e-05, "epoch": 10.0, "step": 1350}, {"eval_loss": 0.33194953203201294, "eval_precision": 0.41580756013745707, "eval_recall": 0.41391106043329534, "eval_f1": 0.4148571428571429, "eval_accuracy": 0.9414035358604185, "eval_runtime": 2.307, "eval_samples_per_second": 663.641, "eval_steps_per_second": 83.226, "epoch": 10.0, "step": 1350}, {"loss": 0.0123, "learning_rate": 3.125e-05, "epoch": 11.0, "step": 1485}, {"eval_loss": 0.33597448468208313, "eval_precision": 0.40122824974411464, "eval_recall": 0.4469783352337514, "eval_f1": 0.4228694714131608, "eval_accuracy": 0.940978923801436, "eval_runtime": 2.316, "eval_samples_per_second": 661.049, "eval_steps_per_second": 82.901, "epoch": 11.0, "step": 1485}, {"loss": 0.0092, "learning_rate": 2.5e-05, "epoch": 12.0, "step": 1620}, {"eval_loss": 0.3571268618106842, "eval_precision": 0.40520833333333334, "eval_recall": 0.443557582668187, "eval_f1": 0.4235166031573217, "eval_accuracy": 0.9400524974909288, "eval_runtime": 2.3103, "eval_samples_per_second": 662.695, "eval_steps_per_second": 83.107, "epoch": 12.0, "step": 1620}, {"loss": 0.0061, "learning_rate": 1.8750000000000002e-05, "epoch": 13.0, "step": 1755}, {"eval_loss": 0.3654015064239502, "eval_precision": 0.4248878923766816, "eval_recall": 0.4321550741163056, "eval_f1": 0.42849067269643865, "eval_accuracy": 0.9441056125993978, "eval_runtime": 2.3142, "eval_samples_per_second": 661.576, "eval_steps_per_second": 82.967, "epoch": 13.0, "step": 1755}, {"loss": 0.0042, "learning_rate": 1.25e-05, "epoch": 14.0, "step": 1890}, {"eval_loss": 0.374770849943161, "eval_precision": 0.4178154825026511, "eval_recall": 0.4492588369441277, "eval_f1": 0.432967032967033, "eval_accuracy": 0.9419439512082143, "eval_runtime": 2.315, "eval_samples_per_second": 661.351, "eval_steps_per_second": 82.939, "epoch": 14.0, "step": 1890}, {"loss": 0.0036, "learning_rate": 6.25e-06, "epoch": 15.0, "step": 2025}, {"eval_loss": 0.38252031803131104, "eval_precision": 0.42680180180180183, "eval_recall": 0.4321550741163056, "eval_f1": 0.4294617563739377, "eval_accuracy": 0.9431405851926195, "eval_runtime": 2.3114, "eval_samples_per_second": 662.365, "eval_steps_per_second": 83.066, "epoch": 15.0, "step": 2025}, {"loss": 0.0029, "learning_rate": 0.0, "epoch": 16.0, "step": 2160}, {"eval_loss": 0.38546106219291687, "eval_precision": 0.4185068349106204, "eval_recall": 0.45381984036488027, "eval_f1": 0.43544857768052514, "eval_accuracy": 0.9422527599783834, "eval_runtime": 2.3105, "eval_samples_per_second": 662.626, "eval_steps_per_second": 83.099, "epoch": 16.0, "step": 2160}, {"train_runtime": 277.0191, "train_samples_per_second": 498.68, "train_steps_per_second": 7.797, "total_flos": 5791103568942120.0, "train_loss": 0.0742830868948389, "epoch": 16.0, "step": 2160}]