[{"loss": 0.2094, "learning_rate": 4.6875e-05, "epoch": 1.0, "step": 135}, {"eval_loss": 0.1383412480354309, "eval_precision": 0.4855421686746988, "eval_recall": 0.45952109464082097, "eval_f1": 0.4721734036321031, "eval_accuracy": 0.9530610669343009, "eval_runtime": 3.0318, "eval_samples_per_second": 504.972, "eval_steps_per_second": 63.328, "epoch": 1.0, "step": 135}, {"loss": 0.1122, "learning_rate": 4.375e-05, "epoch": 2.0, "step": 270}, {"eval_loss": 0.14111541211605072, "eval_precision": 0.5026795284030011, "eval_recall": 0.5347776510832383, "eval_f1": 0.5182320441988949, "eval_accuracy": 0.9521732417200649, "eval_runtime": 3.0203, "eval_samples_per_second": 506.903, "eval_steps_per_second": 63.57, "epoch": 2.0, "step": 270}, {"loss": 0.0577, "learning_rate": 4.0625000000000005e-05, "epoch": 3.0, "step": 405}, {"eval_loss": 0.17101874947547913, "eval_precision": 0.5450704225352113, "eval_recall": 0.4412770809578107, "eval_f1": 0.4877126654064272, "eval_accuracy": 0.9536786844746391, "eval_runtime": 3.009, "eval_samples_per_second": 508.808, "eval_steps_per_second": 63.809, "epoch": 3.0, "step": 405}, {"loss": 0.0278, "learning_rate": 3.7500000000000003e-05, "epoch": 4.0, "step": 540}, {"eval_loss": 0.2029496282339096, "eval_precision": 0.5120614035087719, "eval_recall": 0.5324971493728621, "eval_f1": 0.5220793739519285, "eval_accuracy": 0.9529452636454875, "eval_runtime": 3.0159, "eval_samples_per_second": 507.647, "eval_steps_per_second": 63.663, "epoch": 4.0, "step": 540}, {"loss": 0.0154, "learning_rate": 3.4375e-05, "epoch": 5.0, "step": 675}, {"eval_loss": 0.22537699341773987, "eval_precision": 0.5010989010989011, "eval_recall": 0.5199543899657925, "eval_f1": 0.51035254616676, "eval_accuracy": 0.9512082143132865, "eval_runtime": 3.0112, "eval_samples_per_second": 508.428, "eval_steps_per_second": 63.761, "epoch": 5.0, "step": 675}, {"loss": 0.0086, "learning_rate": 3.125e-05, "epoch": 6.0, "step": 810}, {"eval_loss": 0.24660754203796387, "eval_precision": 0.5055187637969095, "eval_recall": 0.5222348916761688, "eval_f1": 0.5137408861469434, "eval_accuracy": 0.9509380066393885, "eval_runtime": 3.0087, "eval_samples_per_second": 508.866, "eval_steps_per_second": 63.816, "epoch": 6.0, "step": 810}, {"loss": 0.0048, "learning_rate": 2.8125000000000003e-05, "epoch": 7.0, "step": 945}, {"eval_loss": 0.2796255052089691, "eval_precision": 0.5082327113062569, "eval_recall": 0.5279361459521095, "eval_f1": 0.517897091722595, "eval_accuracy": 0.9517100285648112, "eval_runtime": 3.0083, "eval_samples_per_second": 508.92, "eval_steps_per_second": 63.823, "epoch": 7.0, "step": 945}, {"loss": 0.0031, "learning_rate": 2.5e-05, "epoch": 8.0, "step": 1080}, {"eval_loss": 0.28138551115989685, "eval_precision": 0.5088888888888888, "eval_recall": 0.5222348916761688, "eval_f1": 0.5154755205402364, "eval_accuracy": 0.9522504439126072, "eval_runtime": 3.0143, "eval_samples_per_second": 507.915, "eval_steps_per_second": 63.697, "epoch": 8.0, "step": 1080}, {"loss": 0.0019, "learning_rate": 2.1875e-05, "epoch": 9.0, "step": 1215}, {"eval_loss": 0.30209895968437195, "eval_precision": 0.5011111111111111, "eval_recall": 0.5142531356898518, "eval_f1": 0.5075970737197524, "eval_accuracy": 0.9525592526827762, "eval_runtime": 3.0705, "eval_samples_per_second": 498.61, "eval_steps_per_second": 62.53, "epoch": 9.0, "step": 1215}, {"loss": 0.0016, "learning_rate": 1.8750000000000002e-05, "epoch": 10.0, "step": 1350}, {"eval_loss": 0.31315454840660095, "eval_precision": 0.5342298288508558, "eval_recall": 0.4982896237172178, "eval_f1": 0.5156342182890856, "eval_accuracy": 0.9535628811858257, "eval_runtime": 3.0087, "eval_samples_per_second": 508.853, "eval_steps_per_second": 63.814, "epoch": 10.0, "step": 1350}, {"loss": 0.0014, "learning_rate": 1.5625e-05, "epoch": 11.0, "step": 1485}, {"eval_loss": 0.308213472366333, "eval_precision": 0.5021598272138229, "eval_recall": 0.5302166476624858, "eval_f1": 0.5158069883527455, "eval_accuracy": 0.951632826372269, "eval_runtime": 3.012, "eval_samples_per_second": 508.299, "eval_steps_per_second": 63.745, "epoch": 11.0, "step": 1485}, {"loss": 0.001, "learning_rate": 1.25e-05, "epoch": 12.0, "step": 1620}, {"eval_loss": 0.32626134157180786, "eval_precision": 0.5201421800947867, "eval_recall": 0.500570125427594, "eval_f1": 0.5101685066821616, "eval_accuracy": 0.9529066625492164, "eval_runtime": 3.0086, "eval_samples_per_second": 508.878, "eval_steps_per_second": 63.818, "epoch": 12.0, "step": 1620}, {"loss": 0.0007, "learning_rate": 9.375000000000001e-06, "epoch": 13.0, "step": 1755}, {"eval_loss": 0.3262919485569, "eval_precision": 0.5218855218855218, "eval_recall": 0.5302166476624858, "eval_f1": 0.5260180995475112, "eval_accuracy": 0.9529066625492164, "eval_runtime": 3.0059, "eval_samples_per_second": 509.333, "eval_steps_per_second": 63.875, "epoch": 13.0, "step": 1755}, {"loss": 0.0008, "learning_rate": 6.25e-06, "epoch": 14.0, "step": 1890}, {"eval_loss": 0.3273104727268219, "eval_precision": 0.5137299771167048, "eval_recall": 0.5119726339794755, "eval_f1": 0.5128498001142204, "eval_accuracy": 0.952520651586505, "eval_runtime": 3.0085, "eval_samples_per_second": 508.898, "eval_steps_per_second": 63.82, "epoch": 14.0, "step": 1890}, {"loss": 0.0005, "learning_rate": 3.125e-06, "epoch": 15.0, "step": 2025}, {"eval_loss": 0.3315410315990448, "eval_precision": 0.5208333333333334, "eval_recall": 0.5131128848346637, "eval_f1": 0.5169442848937392, "eval_accuracy": 0.9527136570678607, "eval_runtime": 3.0065, "eval_samples_per_second": 509.231, "eval_steps_per_second": 63.862, "epoch": 15.0, "step": 2025}, {"loss": 0.0004, "learning_rate": 0.0, "epoch": 16.0, "step": 2160}, {"eval_loss": 0.3335617184638977, "eval_precision": 0.52046783625731, "eval_recall": 0.507411630558723, "eval_f1": 0.5138568129330254, "eval_accuracy": 0.9528294603566742, "eval_runtime": 3.011, "eval_samples_per_second": 508.471, "eval_steps_per_second": 63.766, "epoch": 16.0, "step": 2160}, {"train_runtime": 318.7432, "train_samples_per_second": 433.402, "train_steps_per_second": 6.777, "total_flos": 5097064026132756.0, "train_loss": 0.027951280481216534, "epoch": 16.0, "step": 2160}]