[{"loss": 0.2028, "learning_rate": 9.375e-05, "epoch": 1.0, "step": 270}, {"eval_loss": 0.14256013929843903, "eval_precision": 0.45133587786259544, "eval_recall": 0.5393386545039909, "eval_f1": 0.4914285714285715, "eval_accuracy": 0.9495097660773566, "eval_runtime": 3.6625, "eval_samples_per_second": 418.018, "eval_steps_per_second": 52.423, "epoch": 1.0, "step": 270}, {"loss": 0.1176, "learning_rate": 8.75e-05, "epoch": 2.0, "step": 540}, {"eval_loss": 0.16093003749847412, "eval_precision": 0.6177685950413223, "eval_recall": 0.3409350057012543, "eval_f1": 0.43938280675973546, "eval_accuracy": 0.9532540724156566, "eval_runtime": 3.6619, "eval_samples_per_second": 418.087, "eval_steps_per_second": 52.432, "epoch": 2.0, "step": 540}, {"loss": 0.0684, "learning_rate": 8.125000000000001e-05, "epoch": 3.0, "step": 810}, {"eval_loss": 0.1817920207977295, "eval_precision": 0.42749371332774516, "eval_recall": 0.5815279361459521, "eval_f1": 0.4927536231884058, "eval_accuracy": 0.9406701150312669, "eval_runtime": 3.6586, "eval_samples_per_second": 418.466, "eval_steps_per_second": 52.479, "epoch": 3.0, "step": 810}, {"loss": 0.0385, "learning_rate": 7.500000000000001e-05, "epoch": 4.0, "step": 1080}, {"eval_loss": 0.20733195543289185, "eval_precision": 0.4722513089005236, "eval_recall": 0.5142531356898518, "eval_f1": 0.4923580786026201, "eval_accuracy": 0.9476955145526132, "eval_runtime": 3.6599, "eval_samples_per_second": 418.316, "eval_steps_per_second": 52.46, "epoch": 4.0, "step": 1080}, {"loss": 0.0241, "learning_rate": 6.875e-05, "epoch": 5.0, "step": 1350}, {"eval_loss": 0.261698454618454, "eval_precision": 0.5288590604026846, "eval_recall": 0.4492588369441277, "eval_f1": 0.4858199753390876, "eval_accuracy": 0.950204585810237, "eval_runtime": 3.6646, "eval_samples_per_second": 417.783, "eval_steps_per_second": 52.393, "epoch": 5.0, "step": 1350}, {"loss": 0.015, "learning_rate": 6.25e-05, "epoch": 6.0, "step": 1620}, {"eval_loss": 0.2951226532459259, "eval_precision": 0.5159090909090909, "eval_recall": 0.5176738882554162, "eval_f1": 0.5167899829254411, "eval_accuracy": 0.9515556241797267, "eval_runtime": 3.7217, "eval_samples_per_second": 411.375, "eval_steps_per_second": 51.59, "epoch": 6.0, "step": 1620}, {"loss": 0.0098, "learning_rate": 5.6250000000000005e-05, "epoch": 7.0, "step": 1890}, {"eval_loss": 0.272543340921402, "eval_precision": 0.531812725090036, "eval_recall": 0.5051311288483467, "eval_f1": 0.5181286549707602, "eval_accuracy": 0.9536400833783679, "eval_runtime": 3.6694, "eval_samples_per_second": 417.24, "eval_steps_per_second": 52.325, "epoch": 7.0, "step": 1890}, {"loss": 0.006, "learning_rate": 5e-05, "epoch": 8.0, "step": 2160}, {"eval_loss": 0.2835070490837097, "eval_precision": 0.5183066361556065, "eval_recall": 0.5165336374002281, "eval_f1": 0.51741861793261, "eval_accuracy": 0.9524048482976917, "eval_runtime": 3.6621, "eval_samples_per_second": 418.062, "eval_steps_per_second": 52.428, "epoch": 8.0, "step": 2160}, {"loss": 0.0034, "learning_rate": 4.375e-05, "epoch": 9.0, "step": 2430}, {"eval_loss": 0.3207424283027649, "eval_precision": 0.5158264947245017, "eval_recall": 0.5017103762827823, "eval_f1": 0.508670520231214, "eval_accuracy": 0.9507064000617618, "eval_runtime": 3.6659, "eval_samples_per_second": 417.635, "eval_steps_per_second": 52.375, "epoch": 9.0, "step": 2430}, {"loss": 0.0028, "learning_rate": 3.7500000000000003e-05, "epoch": 10.0, "step": 2700}, {"eval_loss": 0.3365040719509125, "eval_precision": 0.5212888377445339, "eval_recall": 0.5165336374002281, "eval_f1": 0.5189003436426117, "eval_accuracy": 0.9512854165058288, "eval_runtime": 3.6585, "eval_samples_per_second": 418.481, "eval_steps_per_second": 52.481, "epoch": 10.0, "step": 2700}, {"loss": 0.0023, "learning_rate": 3.125e-05, "epoch": 11.0, "step": 2970}, {"eval_loss": 0.3489960730075836, "eval_precision": 0.5215419501133787, "eval_recall": 0.5245153933865451, "eval_f1": 0.5230244457077884, "eval_accuracy": 0.9523662472014205, "eval_runtime": 3.6649, "eval_samples_per_second": 417.745, "eval_steps_per_second": 52.389, "epoch": 11.0, "step": 2970}, {"loss": 0.0013, "learning_rate": 2.5e-05, "epoch": 12.0, "step": 3240}, {"eval_loss": 0.3448067605495453, "eval_precision": 0.5134228187919463, "eval_recall": 0.5233751425313569, "eval_f1": 0.5183512140033878, "eval_accuracy": 0.9527136570678607, "eval_runtime": 3.6597, "eval_samples_per_second": 418.337, "eval_steps_per_second": 52.463, "epoch": 12.0, "step": 3240}, {"loss": 0.0011, "learning_rate": 1.8750000000000002e-05, "epoch": 13.0, "step": 3510}, {"eval_loss": 0.35193032026290894, "eval_precision": 0.5373831775700935, "eval_recall": 0.5245153933865451, "eval_f1": 0.530871321407963, "eval_accuracy": 0.9529838647417587, "eval_runtime": 3.659, "eval_samples_per_second": 418.426, "eval_steps_per_second": 52.474, "epoch": 13.0, "step": 3510}, {"loss": 0.0006, "learning_rate": 1.25e-05, "epoch": 14.0, "step": 3780}, {"eval_loss": 0.3642440140247345, "eval_precision": 0.5344418052256532, "eval_recall": 0.5131128848346637, "eval_f1": 0.5235602094240839, "eval_accuracy": 0.9534470778970123, "eval_runtime": 3.6576, "eval_samples_per_second": 418.575, "eval_steps_per_second": 52.493, "epoch": 14.0, "step": 3780}, {"loss": 0.0004, "learning_rate": 6.25e-06, "epoch": 15.0, "step": 4050}, {"eval_loss": 0.36267244815826416, "eval_precision": 0.5360824742268041, "eval_recall": 0.5336374002280502, "eval_f1": 0.5348571428571428, "eval_accuracy": 0.9536400833783679, "eval_runtime": 3.6622, "eval_samples_per_second": 418.051, "eval_steps_per_second": 52.427, "epoch": 15.0, "step": 4050}, {"loss": 0.0003, "learning_rate": 0.0, "epoch": 16.0, "step": 4320}, {"eval_loss": 0.3640572428703308, "eval_precision": 0.5234375, "eval_recall": 0.5347776510832383, "eval_f1": 0.5290468133107727, "eval_accuracy": 0.9530996680305721, "eval_runtime": 3.6606, "eval_samples_per_second": 418.236, "eval_steps_per_second": 52.45, "epoch": 16.0, "step": 4320}, {"train_runtime": 609.5902, "train_samples_per_second": 226.618, "train_steps_per_second": 7.087, "total_flos": 1.5235107049041048e+16, "train_loss": 0.030897917132824658, "epoch": 16.0, "step": 4320}]