[{"loss": 0.2708, "learning_rate": 9.375e-05, "epoch": 1.0, "step": 270}, {"eval_loss": 0.19318200647830963, "eval_precision": 0.298989898989899, "eval_recall": 0.16875712656784492, "eval_f1": 0.21574344023323613, "eval_accuracy": 0.9409403227051648, "eval_runtime": 2.3078, "eval_samples_per_second": 663.397, "eval_steps_per_second": 83.195, "epoch": 1.0, "step": 270}, {"loss": 0.1912, "learning_rate": 8.75e-05, "epoch": 2.0, "step": 540}, {"eval_loss": 0.18254713714122772, "eval_precision": 0.44871794871794873, "eval_recall": 0.2394526795895097, "eval_f1": 0.31226765799256506, "eval_accuracy": 0.9453408476800741, "eval_runtime": 2.2812, "eval_samples_per_second": 671.138, "eval_steps_per_second": 84.166, "epoch": 2.0, "step": 540}, {"loss": 0.1518, "learning_rate": 8.125000000000001e-05, "epoch": 3.0, "step": 810}, {"eval_loss": 0.17961689829826355, "eval_precision": 0.39932508436445446, "eval_recall": 0.4047890535917902, "eval_f1": 0.4020385050962627, "eval_accuracy": 0.9414807380529607, "eval_runtime": 2.2768, "eval_samples_per_second": 672.424, "eval_steps_per_second": 84.327, "epoch": 3.0, "step": 810}, {"loss": 0.2235, "learning_rate": 7.500000000000001e-05, "epoch": 4.0, "step": 1080}, {"eval_loss": 0.2677305042743683, "eval_precision": 0.27906976744186046, "eval_recall": 0.05473204104903079, "eval_f1": 0.09151572926596759, "eval_accuracy": 0.9390874700841504, "eval_runtime": 2.2784, "eval_samples_per_second": 671.966, "eval_steps_per_second": 84.27, "epoch": 4.0, "step": 1080}, {"loss": 0.1054, "learning_rate": 6.875e-05, "epoch": 5.0, "step": 1350}, {"eval_loss": 0.19922389090061188, "eval_precision": 0.4085432639649507, "eval_recall": 0.42531356898517675, "eval_f1": 0.41675977653631285, "eval_accuracy": 0.9403227051648266, "eval_runtime": 2.2835, "eval_samples_per_second": 670.45, "eval_steps_per_second": 84.08, "epoch": 5.0, "step": 1350}, {"loss": 0.0757, "learning_rate": 6.25e-05, "epoch": 6.0, "step": 1620}, {"eval_loss": 0.21133068203926086, "eval_precision": 0.43118148599269185, "eval_recall": 0.40364880273660203, "eval_f1": 0.41696113074204944, "eval_accuracy": 0.9424843665560102, "eval_runtime": 2.2808, "eval_samples_per_second": 671.26, "eval_steps_per_second": 84.181, "epoch": 6.0, "step": 1620}, {"loss": 0.0549, "learning_rate": 5.6250000000000005e-05, "epoch": 7.0, "step": 1890}, {"eval_loss": 0.2563070058822632, "eval_precision": 0.41824249165739713, "eval_recall": 0.42873432155074115, "eval_f1": 0.4234234234234234, "eval_accuracy": 0.9417509457268587, "eval_runtime": 2.278, "eval_samples_per_second": 672.083, "eval_steps_per_second": 84.285, "epoch": 7.0, "step": 1890}, {"loss": 0.0363, "learning_rate": 5e-05, "epoch": 8.0, "step": 2160}, {"eval_loss": 0.2796080410480499, "eval_precision": 0.4094094094094094, "eval_recall": 0.4663625997719498, "eval_f1": 0.43603411513859275, "eval_accuracy": 0.9401683007797421, "eval_runtime": 2.2794, "eval_samples_per_second": 671.678, "eval_steps_per_second": 84.234, "epoch": 8.0, "step": 2160}, {"loss": 0.0256, "learning_rate": 4.375e-05, "epoch": 9.0, "step": 2430}, {"eval_loss": 0.31508907675743103, "eval_precision": 0.3862581244196843, "eval_recall": 0.47434435575826683, "eval_f1": 0.4257932446264074, "eval_accuracy": 0.938122442677372, "eval_runtime": 2.278, "eval_samples_per_second": 672.09, "eval_steps_per_second": 84.286, "epoch": 9.0, "step": 2430}, {"loss": 0.0182, "learning_rate": 3.7500000000000003e-05, "epoch": 10.0, "step": 2700}, {"eval_loss": 0.32711061835289, "eval_precision": 0.41962174940898345, "eval_recall": 0.4047890535917902, "eval_f1": 0.412071967498549, "eval_accuracy": 0.9417123446305875, "eval_runtime": 2.3346, "eval_samples_per_second": 655.785, "eval_steps_per_second": 82.241, "epoch": 10.0, "step": 2700}, {"loss": 0.0141, "learning_rate": 3.125e-05, "epoch": 11.0, "step": 2970}, {"eval_loss": 0.3629301190376282, "eval_precision": 0.38589981447124305, "eval_recall": 0.47434435575826683, "eval_f1": 0.4255754475703325, "eval_accuracy": 0.938122442677372, "eval_runtime": 2.2741, "eval_samples_per_second": 673.24, "eval_steps_per_second": 84.43, "epoch": 11.0, "step": 2970}, {"loss": 0.0088, "learning_rate": 2.5e-05, "epoch": 12.0, "step": 3240}, {"eval_loss": 0.3750820457935333, "eval_precision": 0.42808607021517553, "eval_recall": 0.43101482326111745, "eval_f1": 0.42954545454545456, "eval_accuracy": 0.9414421369566895, "eval_runtime": 2.2813, "eval_samples_per_second": 671.115, "eval_steps_per_second": 84.163, "epoch": 12.0, "step": 3240}, {"loss": 0.0064, "learning_rate": 1.8750000000000002e-05, "epoch": 13.0, "step": 3510}, {"eval_loss": 0.39348578453063965, "eval_precision": 0.4330117899249732, "eval_recall": 0.4606613454960091, "eval_f1": 0.4464088397790055, "eval_accuracy": 0.9434879950590597, "eval_runtime": 2.2769, "eval_samples_per_second": 672.404, "eval_steps_per_second": 84.325, "epoch": 13.0, "step": 3510}, {"loss": 0.0048, "learning_rate": 1.25e-05, "epoch": 14.0, "step": 3780}, {"eval_loss": 0.40252092480659485, "eval_precision": 0.45465393794749404, "eval_recall": 0.43443557582668185, "eval_f1": 0.44431486880466475, "eval_accuracy": 0.9439512082143133, "eval_runtime": 2.2835, "eval_samples_per_second": 670.448, "eval_steps_per_second": 84.08, "epoch": 14.0, "step": 3780}, {"loss": 0.0033, "learning_rate": 6.25e-06, "epoch": 15.0, "step": 4050}, {"eval_loss": 0.41335001587867737, "eval_precision": 0.4363438520130577, "eval_recall": 0.4572405929304447, "eval_f1": 0.44654788418708247, "eval_accuracy": 0.9431405851926195, "eval_runtime": 2.2821, "eval_samples_per_second": 670.88, "eval_steps_per_second": 84.134, "epoch": 15.0, "step": 4050}, {"loss": 0.0027, "learning_rate": 0.0, "epoch": 16.0, "step": 4320}, {"eval_loss": 0.4117087125778198, "eval_precision": 0.4467120181405896, "eval_recall": 0.4492588369441277, "eval_f1": 0.4479818078453667, "eval_accuracy": 0.9446074268509226, "eval_runtime": 2.2767, "eval_samples_per_second": 672.469, "eval_steps_per_second": 84.333, "epoch": 16.0, "step": 4320}, {"train_runtime": 336.1174, "train_samples_per_second": 410.999, "train_steps_per_second": 12.853, "total_flos": 5103030325741140.0, "train_loss": 0.07459721359665747, "epoch": 16.0, "step": 4320}]