[{"loss": 0.3216, "learning_rate": 9.375000000000001e-06, "epoch": 1.0, "step": 270}, {"eval_loss": 0.18257959187030792, "eval_precision": 0.38636363636363635, "eval_recall": 0.29076396807297605, "eval_f1": 0.33181522446324013, "eval_accuracy": 0.9427545742299082, "eval_runtime": 2.3318, "eval_samples_per_second": 656.566, "eval_steps_per_second": 82.339, "epoch": 1.0, "step": 270}, {"loss": 0.1864, "learning_rate": 8.750000000000001e-06, "epoch": 2.0, "step": 540}, {"eval_loss": 0.1578335165977478, "eval_precision": 0.47076023391812866, "eval_recall": 0.3671607753705815, "eval_f1": 0.41255605381165916, "eval_accuracy": 0.9485833397668494, "eval_runtime": 2.3188, "eval_samples_per_second": 660.255, "eval_steps_per_second": 82.801, "epoch": 2.0, "step": 540}, {"loss": 0.152, "learning_rate": 8.125000000000001e-06, "epoch": 3.0, "step": 810}, {"eval_loss": 0.1517065465450287, "eval_precision": 0.45643153526970953, "eval_recall": 0.5017103762827823, "eval_f1": 0.4780010863661054, "eval_accuracy": 0.948197328804138, "eval_runtime": 2.323, "eval_samples_per_second": 659.059, "eval_steps_per_second": 82.651, "epoch": 3.0, "step": 810}, {"loss": 0.1258, "learning_rate": 7.500000000000001e-06, "epoch": 4.0, "step": 1080}, {"eval_loss": 0.15692293643951416, "eval_precision": 0.45321637426900585, "eval_recall": 0.5302166476624858, "eval_f1": 0.488702049395691, "eval_accuracy": 0.9481201266115957, "eval_runtime": 2.3269, "eval_samples_per_second": 657.946, "eval_steps_per_second": 82.512, "epoch": 4.0, "step": 1080}, {"loss": 0.1066, "learning_rate": 6.875e-06, "epoch": 5.0, "step": 1350}, {"eval_loss": 0.15670055150985718, "eval_precision": 0.47576099210823, "eval_recall": 0.4811858608893957, "eval_f1": 0.4784580498866213, "eval_accuracy": 0.9491623562109164, "eval_runtime": 2.3211, "eval_samples_per_second": 659.615, "eval_steps_per_second": 82.721, "epoch": 5.0, "step": 1350}, {"loss": 0.0897, "learning_rate": 6.25e-06, "epoch": 6.0, "step": 1620}, {"eval_loss": 0.16890741884708405, "eval_precision": 0.49522673031026254, "eval_recall": 0.4732041049030787, "eval_f1": 0.4839650145772595, "eval_accuracy": 0.9498957770400679, "eval_runtime": 2.3186, "eval_samples_per_second": 660.313, "eval_steps_per_second": 82.809, "epoch": 6.0, "step": 1620}, {"loss": 0.0784, "learning_rate": 5.625e-06, "epoch": 7.0, "step": 1890}, {"eval_loss": 0.17542655766010284, "eval_precision": 0.4610951008645533, "eval_recall": 0.5473204104903079, "eval_f1": 0.5005213764337852, "eval_accuracy": 0.947309503589902, "eval_runtime": 2.3223, "eval_samples_per_second": 659.253, "eval_steps_per_second": 82.676, "epoch": 7.0, "step": 1890}, {"loss": 0.0673, "learning_rate": 5e-06, "epoch": 8.0, "step": 2160}, {"eval_loss": 0.18614915013313293, "eval_precision": 0.4422907488986784, "eval_recall": 0.572405929304447, "eval_f1": 0.4990059642147117, "eval_accuracy": 0.9449934378136339, "eval_runtime": 2.3224, "eval_samples_per_second": 659.237, "eval_steps_per_second": 82.674, "epoch": 8.0, "step": 2160}, {"loss": 0.0601, "learning_rate": 4.3750000000000005e-06, "epoch": 9.0, "step": 2430}, {"eval_loss": 0.19711729884147644, "eval_precision": 0.40941176470588236, "eval_recall": 0.5952109464082098, "eval_f1": 0.4851301115241636, "eval_accuracy": 0.9420983555932988, "eval_runtime": 2.3234, "eval_samples_per_second": 658.942, "eval_steps_per_second": 82.637, "epoch": 9.0, "step": 2430}, {"loss": 0.0528, "learning_rate": 3.7500000000000005e-06, "epoch": 10.0, "step": 2700}, {"eval_loss": 0.1996205598115921, "eval_precision": 0.46509341199606685, "eval_recall": 0.5393386545039909, "eval_f1": 0.4994720168954594, "eval_accuracy": 0.9475797112637999, "eval_runtime": 2.3771, "eval_samples_per_second": 644.067, "eval_steps_per_second": 80.771, "epoch": 10.0, "step": 2700}, {"loss": 0.047, "learning_rate": 3.125e-06, "epoch": 11.0, "step": 2970}, {"eval_loss": 0.21446466445922852, "eval_precision": 0.4357446808510638, "eval_recall": 0.5838084378563284, "eval_f1": 0.49902534113060426, "eval_accuracy": 0.9435265961553309, "eval_runtime": 2.3188, "eval_samples_per_second": 660.259, "eval_steps_per_second": 82.802, "epoch": 11.0, "step": 2970}, {"loss": 0.0423, "learning_rate": 2.5e-06, "epoch": 12.0, "step": 3240}, {"eval_loss": 0.2144739329814911, "eval_precision": 0.4300979519145147, "eval_recall": 0.5507411630558723, "eval_f1": 0.483, "eval_accuracy": 0.9440670115031267, "eval_runtime": 2.3266, "eval_samples_per_second": 658.044, "eval_steps_per_second": 82.524, "epoch": 12.0, "step": 3240}, {"loss": 0.0406, "learning_rate": 1.8750000000000003e-06, "epoch": 13.0, "step": 3510}, {"eval_loss": 0.2180202305316925, "eval_precision": 0.45436893203883494, "eval_recall": 0.5336374002280502, "eval_f1": 0.49082328264289465, "eval_accuracy": 0.9464216783756658, "eval_runtime": 2.3274, "eval_samples_per_second": 657.818, "eval_steps_per_second": 82.496, "epoch": 13.0, "step": 3510}, {"loss": 0.0374, "learning_rate": 1.25e-06, "epoch": 14.0, "step": 3780}, {"eval_loss": 0.22271832823753357, "eval_precision": 0.4406934306569343, "eval_recall": 0.5507411630558723, "eval_f1": 0.4896097313735428, "eval_accuracy": 0.9454180498726164, "eval_runtime": 2.3262, "eval_samples_per_second": 658.148, "eval_steps_per_second": 82.537, "epoch": 14.0, "step": 3780}, {"loss": 0.0357, "learning_rate": 6.25e-07, "epoch": 15.0, "step": 4050}, {"eval_loss": 0.22715486586093903, "eval_precision": 0.4303242769500438, "eval_recall": 0.5598631698973774, "eval_f1": 0.48662041625371655, "eval_accuracy": 0.9442214158882112, "eval_runtime": 2.3288, "eval_samples_per_second": 657.434, "eval_steps_per_second": 82.448, "epoch": 15.0, "step": 4050}, {"loss": 0.0347, "learning_rate": 0.0, "epoch": 16.0, "step": 4320}, {"eval_loss": 0.22764387726783752, "eval_precision": 0.44036697247706424, "eval_recall": 0.5473204104903079, "eval_f1": 0.4880528723945094, "eval_accuracy": 0.9448776345248205, "eval_runtime": 2.3209, "eval_samples_per_second": 659.651, "eval_steps_per_second": 82.726, "epoch": 16.0, "step": 4320}, {"train_runtime": 335.6998, "train_samples_per_second": 411.511, "train_steps_per_second": 12.869, "total_flos": 5103030325741140.0, "train_loss": 0.09240550420902394, "epoch": 16.0, "step": 4320}]