[{"loss": 0.2785, "learning_rate": 9.375e-05, "epoch": 1.0, "step": 270}, {"eval_loss": 0.21364891529083252, "eval_precision": 0.3036144578313253, "eval_recall": 0.14367160775370583, "eval_f1": 0.19504643962848298, "eval_accuracy": 0.9387014591214391, "eval_runtime": 3.6993, "eval_samples_per_second": 413.859, "eval_steps_per_second": 51.901, "epoch": 1.0, "step": 270}, {"loss": 0.1809, "learning_rate": 8.75e-05, "epoch": 2.0, "step": 540}, {"eval_loss": 0.21171142160892487, "eval_precision": 0.3016666666666667, "eval_recall": 0.2063854047890536, "eval_f1": 0.24509140148950578, "eval_accuracy": 0.941287732571605, "eval_runtime": 3.6806, "eval_samples_per_second": 415.96, "eval_steps_per_second": 52.165, "epoch": 2.0, "step": 540}, {"loss": 0.1223, "learning_rate": 8.125000000000001e-05, "epoch": 3.0, "step": 810}, {"eval_loss": 0.23398227989673615, "eval_precision": 0.25095419847328243, "eval_recall": 0.2998859749144812, "eval_f1": 0.27324675324675324, "eval_accuracy": 0.9318304639851772, "eval_runtime": 3.6753, "eval_samples_per_second": 416.561, "eval_steps_per_second": 52.24, "epoch": 3.0, "step": 810}, {"loss": 0.0826, "learning_rate": 7.500000000000001e-05, "epoch": 4.0, "step": 1080}, {"eval_loss": 0.3017009496688843, "eval_precision": 0.25506756756756754, "eval_recall": 0.3443557582668187, "eval_f1": 0.2930616205725376, "eval_accuracy": 0.9273141357214545, "eval_runtime": 3.6751, "eval_samples_per_second": 416.59, "eval_steps_per_second": 52.244, "epoch": 4.0, "step": 1080}, {"loss": 0.0549, "learning_rate": 6.875e-05, "epoch": 5.0, "step": 1350}, {"eval_loss": 0.30697616934776306, "eval_precision": 0.2610062893081761, "eval_recall": 0.2839224629418472, "eval_f1": 0.27198252321135996, "eval_accuracy": 0.9353817648421215, "eval_runtime": 3.6791, "eval_samples_per_second": 416.135, "eval_steps_per_second": 52.187, "epoch": 5.0, "step": 1350}, {"loss": 0.0336, "learning_rate": 6.25e-05, "epoch": 6.0, "step": 1620}, {"eval_loss": 0.34554755687713623, "eval_precision": 0.28447339847991315, "eval_recall": 0.29874572405929306, "eval_f1": 0.29143492769744156, "eval_accuracy": 0.9385084536400834, "eval_runtime": 3.683, "eval_samples_per_second": 415.696, "eval_steps_per_second": 52.132, "epoch": 6.0, "step": 1620}, {"loss": 0.0196, "learning_rate": 5.6250000000000005e-05, "epoch": 7.0, "step": 1890}, {"eval_loss": 0.37869566679000854, "eval_precision": 0.2745314222712238, "eval_recall": 0.2839224629418472, "eval_f1": 0.2791479820627803, "eval_accuracy": 0.9363081911526288, "eval_runtime": 3.7405, "eval_samples_per_second": 409.303, "eval_steps_per_second": 51.33, "epoch": 7.0, "step": 1890}, {"loss": 0.012, "learning_rate": 5e-05, "epoch": 8.0, "step": 2160}, {"eval_loss": 0.40263816714286804, "eval_precision": 0.2677543186180422, "eval_recall": 0.3181299885974915, "eval_f1": 0.29077644606565917, "eval_accuracy": 0.9350729560719524, "eval_runtime": 3.6847, "eval_samples_per_second": 415.504, "eval_steps_per_second": 52.108, "epoch": 8.0, "step": 2160}, {"loss": 0.0084, "learning_rate": 4.375e-05, "epoch": 9.0, "step": 2430}, {"eval_loss": 0.405046284198761, "eval_precision": 0.2772166105499439, "eval_recall": 0.28164196123147095, "eval_f1": 0.27941176470588236, "eval_accuracy": 0.9365011966339845, "eval_runtime": 3.688, "eval_samples_per_second": 415.132, "eval_steps_per_second": 52.061, "epoch": 9.0, "step": 2430}, {"loss": 0.0036, "learning_rate": 3.7500000000000003e-05, "epoch": 10.0, "step": 2700}, {"eval_loss": 0.4566502869129181, "eval_precision": 0.31573033707865167, "eval_recall": 0.3204104903078677, "eval_f1": 0.31805319750990374, "eval_accuracy": 0.9382768470624566, "eval_runtime": 3.6795, "eval_samples_per_second": 416.092, "eval_steps_per_second": 52.181, "epoch": 10.0, "step": 2700}, {"loss": 0.0032, "learning_rate": 3.125e-05, "epoch": 11.0, "step": 2970}, {"eval_loss": 0.4649348855018616, "eval_precision": 0.28966346153846156, "eval_recall": 0.2748004561003421, "eval_f1": 0.2820362785254535, "eval_accuracy": 0.9376592295221184, "eval_runtime": 3.6825, "eval_samples_per_second": 415.755, "eval_steps_per_second": 52.139, "epoch": 11.0, "step": 2970}, {"loss": 0.037, "learning_rate": 2.5e-05, "epoch": 12.0, "step": 3240}, {"eval_loss": 0.4585113227367401, "eval_precision": 0.24408602150537634, "eval_recall": 0.2588369441277081, "eval_f1": 0.2512451577199778, "eval_accuracy": 0.9315216552150081, "eval_runtime": 3.6812, "eval_samples_per_second": 415.896, "eval_steps_per_second": 52.157, "epoch": 12.0, "step": 3240}, {"loss": 0.0159, "learning_rate": 1.8750000000000002e-05, "epoch": 13.0, "step": 3510}, {"eval_loss": 0.46358853578567505, "eval_precision": 0.28447339847991315, "eval_recall": 0.29874572405929306, "eval_f1": 0.29143492769744156, "eval_accuracy": 0.937273218559407, "eval_runtime": 3.6774, "eval_samples_per_second": 416.321, "eval_steps_per_second": 52.21, "epoch": 13.0, "step": 3510}, {"loss": 0.0305, "learning_rate": 1.25e-05, "epoch": 14.0, "step": 3780}, {"eval_loss": 0.4591151475906372, "eval_precision": 0.20467032967032966, "eval_recall": 0.16989737742303307, "eval_f1": 0.18566978193146416, "eval_accuracy": 0.9316374585038215, "eval_runtime": 3.6866, "eval_samples_per_second": 415.286, "eval_steps_per_second": 52.08, "epoch": 14.0, "step": 3780}, {"loss": 0.0693, "learning_rate": 6.25e-06, "epoch": 15.0, "step": 4050}, {"eval_loss": 0.4404844641685486, "eval_precision": 0.17685305591677503, "eval_recall": 0.15507411630558723, "eval_f1": 0.1652490886998785, "eval_accuracy": 0.9293985949200957, "eval_runtime": 3.679, "eval_samples_per_second": 416.143, "eval_steps_per_second": 52.188, "epoch": 15.0, "step": 4050}, {"loss": 0.1085, "learning_rate": 0.0, "epoch": 16.0, "step": 4320}, {"eval_loss": 0.43268874287605286, "eval_precision": 0.1301989150090416, "eval_recall": 0.08209806157354618, "eval_f1": 0.10069930069930069, "eval_accuracy": 0.9290897861499267, "eval_runtime": 3.6605, "eval_samples_per_second": 418.246, "eval_steps_per_second": 52.452, "epoch": 16.0, "step": 4320}, {"train_runtime": 611.9072, "train_samples_per_second": 225.76, "train_steps_per_second": 7.06, "total_flos": 1.5235726902030648e+16, "train_loss": 0.06630218175274355, "epoch": 16.0, "step": 4320}]