[{"loss": 0.2546, "learning_rate": 4.6875e-05, "epoch": 1.0, "step": 135}, {"eval_loss": 0.17315922677516937, "eval_precision": 0.37656529516994636, "eval_recall": 0.48004561003420754, "eval_f1": 0.4220551378446115, "eval_accuracy": 0.9396664865282174, "eval_runtime": 2.9729, "eval_samples_per_second": 514.979, "eval_steps_per_second": 64.583, "epoch": 1.0, "step": 135}, {"loss": 0.1536, "learning_rate": 4.375e-05, "epoch": 2.0, "step": 270}, {"eval_loss": 0.14583003520965576, "eval_precision": 0.5341246290801187, "eval_recall": 0.4104903078677309, "eval_f1": 0.46421663442940037, "eval_accuracy": 0.9507450011580328, "eval_runtime": 2.9553, "eval_samples_per_second": 518.052, "eval_steps_per_second": 64.968, "epoch": 2.0, "step": 270}, {"loss": 0.1129, "learning_rate": 4.0625000000000005e-05, "epoch": 3.0, "step": 405}, {"eval_loss": 0.1554539054632187, "eval_precision": 0.47729918509895225, "eval_recall": 0.467502850627138, "eval_f1": 0.47235023041474655, "eval_accuracy": 0.9490465529221029, "eval_runtime": 2.9573, "eval_samples_per_second": 517.71, "eval_steps_per_second": 64.925, "epoch": 3.0, "step": 405}, {"loss": 0.0807, "learning_rate": 3.7500000000000003e-05, "epoch": 4.0, "step": 540}, {"eval_loss": 0.17719946801662445, "eval_precision": 0.45472249269717624, "eval_recall": 0.5324971493728621, "eval_f1": 0.490546218487395, "eval_accuracy": 0.9434879950590597, "eval_runtime": 2.9627, "eval_samples_per_second": 516.758, "eval_steps_per_second": 64.806, "epoch": 4.0, "step": 540}, {"loss": 0.06, "learning_rate": 3.4375e-05, "epoch": 5.0, "step": 675}, {"eval_loss": 0.1902347058057785, "eval_precision": 0.42594296228150874, "eval_recall": 0.5279361459521095, "eval_f1": 0.4714867617107943, "eval_accuracy": 0.9420597544970277, "eval_runtime": 2.9568, "eval_samples_per_second": 517.791, "eval_steps_per_second": 64.935, "epoch": 5.0, "step": 675}, {"loss": 0.0439, "learning_rate": 3.125e-05, "epoch": 6.0, "step": 810}, {"eval_loss": 0.2069336324930191, "eval_precision": 0.47167755991285404, "eval_recall": 0.49372862029646525, "eval_f1": 0.48245125348189416, "eval_accuracy": 0.9458040608353278, "eval_runtime": 2.9618, "eval_samples_per_second": 516.909, "eval_steps_per_second": 64.825, "epoch": 6.0, "step": 810}, {"loss": 0.0332, "learning_rate": 2.8125000000000003e-05, "epoch": 7.0, "step": 945}, {"eval_loss": 0.22503332793712616, "eval_precision": 0.446480231436837, "eval_recall": 0.5279361459521095, "eval_f1": 0.48380355276907, "eval_accuracy": 0.9448390334285494, "eval_runtime": 2.9531, "eval_samples_per_second": 518.447, "eval_steps_per_second": 65.017, "epoch": 7.0, "step": 945}, {"loss": 0.0243, "learning_rate": 2.5e-05, "epoch": 8.0, "step": 1080}, {"eval_loss": 0.2458317130804062, "eval_precision": 0.45871559633027525, "eval_recall": 0.5131128848346637, "eval_f1": 0.48439181916038754, "eval_accuracy": 0.9442986180807534, "eval_runtime": 2.9544, "eval_samples_per_second": 518.207, "eval_steps_per_second": 64.987, "epoch": 8.0, "step": 1080}, {"loss": 0.0195, "learning_rate": 2.1875e-05, "epoch": 9.0, "step": 1215}, {"eval_loss": 0.2528351843357086, "eval_precision": 0.49718785151856015, "eval_recall": 0.5039908779931584, "eval_f1": 0.5005662514156285, "eval_accuracy": 0.9487763452482051, "eval_runtime": 3.0135, "eval_samples_per_second": 508.047, "eval_steps_per_second": 63.713, "epoch": 9.0, "step": 1215}, {"loss": 0.0146, "learning_rate": 1.8750000000000002e-05, "epoch": 10.0, "step": 1350}, {"eval_loss": 0.2637464106082916, "eval_precision": 0.47438752783964366, "eval_recall": 0.48574686431014824, "eval_f1": 0.48, "eval_accuracy": 0.9475797112637999, "eval_runtime": 2.9518, "eval_samples_per_second": 518.663, "eval_steps_per_second": 65.045, "epoch": 10.0, "step": 1350}, {"loss": 0.0124, "learning_rate": 1.5625e-05, "epoch": 11.0, "step": 1485}, {"eval_loss": 0.2765897214412689, "eval_precision": 0.47781217750258, "eval_recall": 0.5279361459521095, "eval_f1": 0.5016251354279524, "eval_accuracy": 0.9470778970122752, "eval_runtime": 2.962, "eval_samples_per_second": 516.883, "eval_steps_per_second": 64.821, "epoch": 11.0, "step": 1485}, {"loss": 0.0105, "learning_rate": 1.25e-05, "epoch": 12.0, "step": 1620}, {"eval_loss": 0.288632333278656, "eval_precision": 0.48156424581005586, "eval_recall": 0.49144811858608894, "eval_f1": 0.4864559819413093, "eval_accuracy": 0.947039295916004, "eval_runtime": 2.9566, "eval_samples_per_second": 517.831, "eval_steps_per_second": 64.94, "epoch": 12.0, "step": 1620}, {"loss": 0.0083, "learning_rate": 9.375000000000001e-06, "epoch": 13.0, "step": 1755}, {"eval_loss": 0.2909787595272064, "eval_precision": 0.48068669527896996, "eval_recall": 0.5108323831242874, "eval_f1": 0.4953012714206744, "eval_accuracy": 0.9463058750868525, "eval_runtime": 2.9618, "eval_samples_per_second": 516.923, "eval_steps_per_second": 64.826, "epoch": 13.0, "step": 1755}, {"loss": 0.0079, "learning_rate": 6.25e-06, "epoch": 14.0, "step": 1890}, {"eval_loss": 0.2944394648075104, "eval_precision": 0.48903508771929827, "eval_recall": 0.508551881413911, "eval_f1": 0.4986025712688653, "eval_accuracy": 0.9480429244190535, "eval_runtime": 2.9555, "eval_samples_per_second": 518.011, "eval_steps_per_second": 64.963, "epoch": 14.0, "step": 1890}, {"loss": 0.0066, "learning_rate": 3.125e-06, "epoch": 15.0, "step": 2025}, {"eval_loss": 0.2995826303958893, "eval_precision": 0.489432703003337, "eval_recall": 0.5017103762827823, "eval_f1": 0.4954954954954955, "eval_accuracy": 0.9471937003010885, "eval_runtime": 2.9546, "eval_samples_per_second": 518.17, "eval_steps_per_second": 64.983, "epoch": 15.0, "step": 2025}, {"loss": 0.0061, "learning_rate": 0.0, "epoch": 16.0, "step": 2160}, {"eval_loss": 0.2992646098136902, "eval_precision": 0.48253275109170307, "eval_recall": 0.5039908779931584, "eval_f1": 0.49302844394868933, "eval_accuracy": 0.9471164981085463, "eval_runtime": 2.9552, "eval_samples_per_second": 518.062, "eval_steps_per_second": 64.969, "epoch": 16.0, "step": 2160}, {"train_runtime": 207.0237, "train_samples_per_second": 667.286, "train_steps_per_second": 10.434, "total_flos": 1275900446111508.0, "train_loss": 0.05307551423708598, "epoch": 16.0, "step": 2160}]