[{"loss": 0.2326, "learning_rate": 9.375000000000001e-06, "epoch": 1.0, "step": 270}, {"eval_loss": 0.13833469152450562, "eval_precision": 0.5387453874538746, "eval_recall": 0.49942987457240595, "eval_f1": 0.5183431952662723, "eval_accuracy": 0.9542577009187061, "eval_runtime": 5.1999, "eval_samples_per_second": 294.426, "eval_steps_per_second": 36.924, "epoch": 1.0, "step": 270}, {"loss": 0.1286, "learning_rate": 8.750000000000001e-06, "epoch": 2.0, "step": 540}, {"eval_loss": 0.13424021005630493, "eval_precision": 0.5628891656288917, "eval_recall": 0.5153933865450399, "eval_f1": 0.538095238095238, "eval_accuracy": 0.955106925036671, "eval_runtime": 5.1543, "eval_samples_per_second": 297.035, "eval_steps_per_second": 37.251, "epoch": 2.0, "step": 540}, {"loss": 0.0855, "learning_rate": 8.125000000000001e-06, "epoch": 3.0, "step": 810}, {"eval_loss": 0.1451205164194107, "eval_precision": 0.5140771637122002, "eval_recall": 0.5621436716077537, "eval_f1": 0.5370370370370371, "eval_accuracy": 0.9535628811858257, "eval_runtime": 5.161, "eval_samples_per_second": 296.648, "eval_steps_per_second": 37.202, "epoch": 3.0, "step": 810}, {"loss": 0.0542, "learning_rate": 7.500000000000001e-06, "epoch": 4.0, "step": 1080}, {"eval_loss": 0.17244847118854523, "eval_precision": 0.5272536687631028, "eval_recall": 0.5735461801596351, "eval_f1": 0.5494265428727472, "eval_accuracy": 0.9547595151702308, "eval_runtime": 5.1625, "eval_samples_per_second": 296.56, "eval_steps_per_second": 37.191, "epoch": 4.0, "step": 1080}, {"loss": 0.0338, "learning_rate": 6.875e-06, "epoch": 5.0, "step": 1350}, {"eval_loss": 0.21452262997627258, "eval_precision": 0.5521191294387171, "eval_recall": 0.5496009122006842, "eval_f1": 0.5508571428571429, "eval_accuracy": 0.954798116266502, "eval_runtime": 5.1505, "eval_samples_per_second": 297.251, "eval_steps_per_second": 37.278, "epoch": 5.0, "step": 1350}, {"loss": 0.0217, "learning_rate": 6.25e-06, "epoch": 6.0, "step": 1620}, {"eval_loss": 0.22802339494228363, "eval_precision": 0.5315508021390374, "eval_recall": 0.5667046750285063, "eval_f1": 0.5485651214128036, "eval_accuracy": 0.9537558866671814, "eval_runtime": 5.226, "eval_samples_per_second": 292.96, "eval_steps_per_second": 36.74, "epoch": 6.0, "step": 1620}, {"loss": 0.0145, "learning_rate": 5.625e-06, "epoch": 7.0, "step": 1890}, {"eval_loss": 0.25428855419158936, "eval_precision": 0.5593023255813954, "eval_recall": 0.548460661345496, "eval_f1": 0.5538284398388025, "eval_accuracy": 0.9546051107851463, "eval_runtime": 5.1687, "eval_samples_per_second": 296.206, "eval_steps_per_second": 37.147, "epoch": 7.0, "step": 1890}, {"loss": 0.0095, "learning_rate": 5e-06, "epoch": 8.0, "step": 2160}, {"eval_loss": 0.2819227874279022, "eval_precision": 0.5478787878787879, "eval_recall": 0.5153933865450399, "eval_f1": 0.5311398354876614, "eval_accuracy": 0.9535242800895546, "eval_runtime": 5.1783, "eval_samples_per_second": 295.655, "eval_steps_per_second": 37.078, "epoch": 8.0, "step": 2160}, {"loss": 0.0063, "learning_rate": 4.3750000000000005e-06, "epoch": 9.0, "step": 2430}, {"eval_loss": 0.30190351605415344, "eval_precision": 0.5317796610169492, "eval_recall": 0.572405929304447, "eval_f1": 0.5513454146073586, "eval_accuracy": 0.9525978537790474, "eval_runtime": 5.1626, "eval_samples_per_second": 296.554, "eval_steps_per_second": 37.19, "epoch": 9.0, "step": 2430}, {"loss": 0.005, "learning_rate": 3.7500000000000005e-06, "epoch": 10.0, "step": 2700}, {"eval_loss": 0.30286410450935364, "eval_precision": 0.5512082853855006, "eval_recall": 0.5461801596351197, "eval_f1": 0.5486827033218785, "eval_accuracy": 0.9543735042075195, "eval_runtime": 5.1693, "eval_samples_per_second": 296.174, "eval_steps_per_second": 37.143, "epoch": 10.0, "step": 2700}, {"loss": 0.0033, "learning_rate": 3.125e-06, "epoch": 11.0, "step": 2970}, {"eval_loss": 0.32008105516433716, "eval_precision": 0.558926487747958, "eval_recall": 0.5461801596351197, "eval_f1": 0.552479815455594, "eval_accuracy": 0.9543349031112484, "eval_runtime": 5.1693, "eval_samples_per_second": 296.169, "eval_steps_per_second": 37.142, "epoch": 11.0, "step": 2970}, {"loss": 0.0024, "learning_rate": 2.5e-06, "epoch": 12.0, "step": 3240}, {"eval_loss": 0.3304539620876312, "eval_precision": 0.5576036866359447, "eval_recall": 0.5518814139110604, "eval_f1": 0.554727793696275, "eval_accuracy": 0.9539488921485371, "eval_runtime": 5.1685, "eval_samples_per_second": 296.22, "eval_steps_per_second": 37.148, "epoch": 12.0, "step": 3240}, {"loss": 0.0023, "learning_rate": 1.8750000000000003e-06, "epoch": 13.0, "step": 3510}, {"eval_loss": 0.33901476860046387, "eval_precision": 0.5702179176755447, "eval_recall": 0.5370581527936146, "eval_f1": 0.553141514973576, "eval_accuracy": 0.9546051107851463, "eval_runtime": 5.1644, "eval_samples_per_second": 296.451, "eval_steps_per_second": 37.177, "epoch": 13.0, "step": 3510}, {"loss": 0.0019, "learning_rate": 1.25e-06, "epoch": 14.0, "step": 3780}, {"eval_loss": 0.349898099899292, "eval_precision": 0.5698924731182796, "eval_recall": 0.5438996579247435, "eval_f1": 0.5565927654609101, "eval_accuracy": 0.9544121053037906, "eval_runtime": 5.1803, "eval_samples_per_second": 295.542, "eval_steps_per_second": 37.063, "epoch": 14.0, "step": 3780}, {"loss": 0.0015, "learning_rate": 6.25e-07, "epoch": 15.0, "step": 4050}, {"eval_loss": 0.35464319586753845, "eval_precision": 0.5740291262135923, "eval_recall": 0.5393386545039909, "eval_f1": 0.5561434450323339, "eval_accuracy": 0.9544893074963329, "eval_runtime": 5.1885, "eval_samples_per_second": 295.078, "eval_steps_per_second": 37.005, "epoch": 15.0, "step": 4050}, {"loss": 0.0013, "learning_rate": 0.0, "epoch": 16.0, "step": 4320}, {"eval_loss": 0.3486924171447754, "eval_precision": 0.563953488372093, "eval_recall": 0.5530216647662486, "eval_f1": 0.558434081750144, "eval_accuracy": 0.9542577009187061, "eval_runtime": 5.1817, "eval_samples_per_second": 295.461, "eval_steps_per_second": 37.053, "epoch": 16.0, "step": 4320}, {"train_runtime": 926.2138, "train_samples_per_second": 149.149, "train_steps_per_second": 4.664, "total_flos": 1.582315029036258e+16, "train_loss": 0.03777603177284753, "epoch": 16.0, "step": 4320}]