[{"loss": 0.3713, "learning_rate": 9.375000000000001e-06, "epoch": 1.0, "step": 270}, {"eval_loss": 0.22450019419193268, "eval_precision": 0.18566775244299674, "eval_recall": 0.12998859749144812, "eval_f1": 0.1529175050301811, "eval_accuracy": 0.9377364317146607, "eval_runtime": 5.2125, "eval_samples_per_second": 293.719, "eval_steps_per_second": 36.835, "epoch": 1.0, "step": 270}, {"loss": 0.2074, "learning_rate": 8.750000000000001e-06, "epoch": 2.0, "step": 540}, {"eval_loss": 0.19551870226860046, "eval_precision": 0.29952456418383516, "eval_recall": 0.21550741163055873, "eval_f1": 0.25066312997347484, "eval_accuracy": 0.9436037983478731, "eval_runtime": 5.1831, "eval_samples_per_second": 295.386, "eval_steps_per_second": 37.044, "epoch": 2.0, "step": 540}, {"loss": 0.1559, "learning_rate": 8.125000000000001e-06, "epoch": 3.0, "step": 810}, {"eval_loss": 0.20525680482387543, "eval_precision": 0.26944757609921083, "eval_recall": 0.2725199543899658, "eval_f1": 0.2709750566893424, "eval_accuracy": 0.9388558635065236, "eval_runtime": 5.1816, "eval_samples_per_second": 295.47, "eval_steps_per_second": 37.054, "epoch": 3.0, "step": 810}, {"loss": 0.1155, "learning_rate": 7.500000000000001e-06, "epoch": 4.0, "step": 1080}, {"eval_loss": 0.21817098557949066, "eval_precision": 0.296, "eval_recall": 0.2953249714937286, "eval_f1": 0.29566210045662106, "eval_accuracy": 0.9395892843356751, "eval_runtime": 5.1808, "eval_samples_per_second": 295.512, "eval_steps_per_second": 37.06, "epoch": 4.0, "step": 1080}, {"loss": 0.0859, "learning_rate": 6.875e-06, "epoch": 5.0, "step": 1350}, {"eval_loss": 0.2483963966369629, "eval_precision": 0.3008048289738431, "eval_recall": 0.3409350057012543, "eval_f1": 0.3196151790486371, "eval_accuracy": 0.9390102678916081, "eval_runtime": 5.1738, "eval_samples_per_second": 295.914, "eval_steps_per_second": 37.11, "epoch": 5.0, "step": 1350}, {"loss": 0.0634, "learning_rate": 6.25e-06, "epoch": 6.0, "step": 1620}, {"eval_loss": 0.26712262630462646, "eval_precision": 0.31120783460282914, "eval_recall": 0.3261117445838084, "eval_f1": 0.3184855233853007, "eval_accuracy": 0.9411333281865205, "eval_runtime": 5.2322, "eval_samples_per_second": 292.613, "eval_steps_per_second": 36.696, "epoch": 6.0, "step": 1620}, {"loss": 0.0465, "learning_rate": 5.625e-06, "epoch": 7.0, "step": 1890}, {"eval_loss": 0.2955408990383148, "eval_precision": 0.3124287343215507, "eval_recall": 0.3124287343215507, "eval_f1": 0.3124287343215507, "eval_accuracy": 0.9409403227051648, "eval_runtime": 5.1753, "eval_samples_per_second": 295.827, "eval_steps_per_second": 37.099, "epoch": 7.0, "step": 1890}, {"loss": 0.0363, "learning_rate": 5e-06, "epoch": 8.0, "step": 2160}, {"eval_loss": 0.30609074234962463, "eval_precision": 0.33373349339735897, "eval_recall": 0.3169897377423033, "eval_f1": 0.3251461988304094, "eval_accuracy": 0.941287732571605, "eval_runtime": 5.1917, "eval_samples_per_second": 294.892, "eval_steps_per_second": 36.982, "epoch": 8.0, "step": 2160}, {"loss": 0.0265, "learning_rate": 4.3750000000000005e-06, "epoch": 9.0, "step": 2430}, {"eval_loss": 0.33632180094718933, "eval_precision": 0.3087912087912088, "eval_recall": 0.3204104903078677, "eval_f1": 0.3144935646334639, "eval_accuracy": 0.9395892843356751, "eval_runtime": 5.1804, "eval_samples_per_second": 295.536, "eval_steps_per_second": 37.063, "epoch": 9.0, "step": 2430}, {"loss": 0.0204, "learning_rate": 3.7500000000000005e-06, "epoch": 10.0, "step": 2700}, {"eval_loss": 0.3592347502708435, "eval_precision": 0.307776560788609, "eval_recall": 0.3204104903078677, "eval_f1": 0.31396648044692743, "eval_accuracy": 0.9393190766617772, "eval_runtime": 5.1811, "eval_samples_per_second": 295.497, "eval_steps_per_second": 37.058, "epoch": 10.0, "step": 2700}, {"loss": 0.0163, "learning_rate": 3.125e-06, "epoch": 11.0, "step": 2970}, {"eval_loss": 0.3600810170173645, "eval_precision": 0.3088718510405257, "eval_recall": 0.3215507411630559, "eval_f1": 0.31508379888268156, "eval_accuracy": 0.9398980931058442, "eval_runtime": 5.1839, "eval_samples_per_second": 295.338, "eval_steps_per_second": 37.038, "epoch": 11.0, "step": 2970}, {"loss": 0.0131, "learning_rate": 2.5e-06, "epoch": 12.0, "step": 3240}, {"eval_loss": 0.3874662518501282, "eval_precision": 0.3210161662817552, "eval_recall": 0.3169897377423033, "eval_f1": 0.3189902467010901, "eval_accuracy": 0.9410175248977071, "eval_runtime": 5.1804, "eval_samples_per_second": 295.539, "eval_steps_per_second": 37.063, "epoch": 12.0, "step": 3240}, {"loss": 0.0111, "learning_rate": 1.8750000000000003e-06, "epoch": 13.0, "step": 3510}, {"eval_loss": 0.3857678174972534, "eval_precision": 0.3194291986827662, "eval_recall": 0.33181299885974913, "eval_f1": 0.325503355704698, "eval_accuracy": 0.9393576777580483, "eval_runtime": 5.1773, "eval_samples_per_second": 295.714, "eval_steps_per_second": 37.085, "epoch": 13.0, "step": 3510}, {"loss": 0.0092, "learning_rate": 1.25e-06, "epoch": 14.0, "step": 3780}, {"eval_loss": 0.39524292945861816, "eval_precision": 0.31949250288350634, "eval_recall": 0.31584948688711517, "eval_f1": 0.3176605504587156, "eval_accuracy": 0.9401683007797421, "eval_runtime": 5.1773, "eval_samples_per_second": 295.714, "eval_steps_per_second": 37.085, "epoch": 14.0, "step": 3780}, {"loss": 0.0081, "learning_rate": 6.25e-07, "epoch": 15.0, "step": 4050}, {"eval_loss": 0.40038609504699707, "eval_precision": 0.3124300111982083, "eval_recall": 0.3181299885974915, "eval_f1": 0.3152542372881356, "eval_accuracy": 0.9392032733729638, "eval_runtime": 5.1851, "eval_samples_per_second": 295.271, "eval_steps_per_second": 37.029, "epoch": 15.0, "step": 4050}, {"loss": 0.0073, "learning_rate": 0.0, "epoch": 16.0, "step": 4320}, {"eval_loss": 0.40124666690826416, "eval_precision": 0.3100338218714769, "eval_recall": 0.31356898517673887, "eval_f1": 0.3117913832199546, "eval_accuracy": 0.9392804755655061, "eval_runtime": 5.1747, "eval_samples_per_second": 295.86, "eval_steps_per_second": 37.103, "epoch": 16.0, "step": 4320}, {"train_runtime": 926.9952, "train_samples_per_second": 149.023, "train_steps_per_second": 4.66, "total_flos": 1.5821048621866284e+16, "train_loss": 0.0746380474280428, "epoch": 16.0, "step": 4320}]