[{"loss": 0.2482, "learning_rate": 9.375000000000001e-06, "epoch": 1.0, "step": 270}, {"eval_loss": 0.1411428153514862, "eval_precision": 0.5103359173126615, "eval_recall": 0.45039908779931587, "eval_f1": 0.4784978800726832, "eval_accuracy": 0.9524434493939627, "eval_runtime": 5.2068, "eval_samples_per_second": 294.037, "eval_steps_per_second": 36.875, "epoch": 1.0, "step": 270}, {"loss": 0.1309, "learning_rate": 8.750000000000001e-06, "epoch": 2.0, "step": 540}, {"eval_loss": 0.13153520226478577, "eval_precision": 0.5568326947637292, "eval_recall": 0.49714937286202965, "eval_f1": 0.5253012048192772, "eval_accuracy": 0.9567281710800587, "eval_runtime": 5.1904, "eval_samples_per_second": 294.968, "eval_steps_per_second": 36.991, "epoch": 2.0, "step": 540}, {"loss": 0.0864, "learning_rate": 8.125000000000001e-06, "epoch": 3.0, "step": 810}, {"eval_loss": 0.1428164392709732, "eval_precision": 0.49952874646559847, "eval_recall": 0.6043329532497149, "eval_f1": 0.5469556243550051, "eval_accuracy": 0.954798116266502, "eval_runtime": 5.1933, "eval_samples_per_second": 294.805, "eval_steps_per_second": 36.971, "epoch": 3.0, "step": 810}, {"loss": 0.0547, "learning_rate": 7.500000000000001e-06, "epoch": 4.0, "step": 1080}, {"eval_loss": 0.17505265772342682, "eval_precision": 0.5649038461538461, "eval_recall": 0.5359179019384265, "eval_f1": 0.5500292568753656, "eval_accuracy": 0.9557245425770092, "eval_runtime": 5.1911, "eval_samples_per_second": 294.927, "eval_steps_per_second": 36.986, "epoch": 4.0, "step": 1080}, {"loss": 0.0352, "learning_rate": 6.875e-06, "epoch": 5.0, "step": 1350}, {"eval_loss": 0.1850183755159378, "eval_precision": 0.5250245338567223, "eval_recall": 0.6100342075256556, "eval_f1": 0.5643459915611814, "eval_accuracy": 0.9544121053037906, "eval_runtime": 5.1895, "eval_samples_per_second": 295.02, "eval_steps_per_second": 36.998, "epoch": 5.0, "step": 1350}, {"loss": 0.022, "learning_rate": 6.25e-06, "epoch": 6.0, "step": 1620}, {"eval_loss": 0.2238839715719223, "eval_precision": 0.5509964830011723, "eval_recall": 0.5359179019384265, "eval_f1": 0.5433526011560694, "eval_accuracy": 0.9561491546359917, "eval_runtime": 5.2648, "eval_samples_per_second": 290.799, "eval_steps_per_second": 36.469, "epoch": 6.0, "step": 1620}, {"loss": 0.0143, "learning_rate": 5.625e-06, "epoch": 7.0, "step": 1890}, {"eval_loss": 0.23057076334953308, "eval_precision": 0.5504994450610433, "eval_recall": 0.5655644241733181, "eval_f1": 0.5579302587176603, "eval_accuracy": 0.9555315370956535, "eval_runtime": 5.1826, "eval_samples_per_second": 295.413, "eval_steps_per_second": 37.047, "epoch": 7.0, "step": 1890}, {"loss": 0.0095, "learning_rate": 5e-06, "epoch": 8.0, "step": 2160}, {"eval_loss": 0.2540842890739441, "eval_precision": 0.5498866213151927, "eval_recall": 0.5530216647662486, "eval_f1": 0.5514496873223421, "eval_accuracy": 0.9554929359993823, "eval_runtime": 5.2018, "eval_samples_per_second": 294.323, "eval_steps_per_second": 36.911, "epoch": 8.0, "step": 2160}, {"loss": 0.0067, "learning_rate": 4.3750000000000005e-06, "epoch": 9.0, "step": 2430}, {"eval_loss": 0.2745870053768158, "eval_precision": 0.5343915343915344, "eval_recall": 0.5758266818700114, "eval_f1": 0.5543358946212954, "eval_accuracy": 0.9542190998224349, "eval_runtime": 5.1914, "eval_samples_per_second": 294.909, "eval_steps_per_second": 36.984, "epoch": 9.0, "step": 2430}, {"loss": 0.005, "learning_rate": 3.7500000000000005e-06, "epoch": 10.0, "step": 2700}, {"eval_loss": 0.2966659367084503, "eval_precision": 0.5582278481012658, "eval_recall": 0.5028506271379704, "eval_f1": 0.5290941811637673, "eval_accuracy": 0.9555701381919246, "eval_runtime": 5.1942, "eval_samples_per_second": 294.753, "eval_steps_per_second": 36.965, "epoch": 10.0, "step": 2700}, {"loss": 0.0038, "learning_rate": 3.125e-06, "epoch": 11.0, "step": 2970}, {"eval_loss": 0.29898422956466675, "eval_precision": 0.573170731707317, "eval_recall": 0.5359179019384265, "eval_f1": 0.553918680023571, "eval_accuracy": 0.9566509688875164, "eval_runtime": 5.1871, "eval_samples_per_second": 295.157, "eval_steps_per_second": 37.015, "epoch": 11.0, "step": 2970}, {"loss": 0.003, "learning_rate": 2.5e-06, "epoch": 12.0, "step": 3240}, {"eval_loss": 0.3072455823421478, "eval_precision": 0.5738705738705738, "eval_recall": 0.5359179019384265, "eval_f1": 0.554245283018868, "eval_accuracy": 0.9564193623098896, "eval_runtime": 5.1758, "eval_samples_per_second": 295.8, "eval_steps_per_second": 37.096, "epoch": 12.0, "step": 3240}, {"loss": 0.0025, "learning_rate": 1.8750000000000003e-06, "epoch": 13.0, "step": 3510}, {"eval_loss": 0.3127237558364868, "eval_precision": 0.5707602339181287, "eval_recall": 0.556442417331813, "eval_f1": 0.5635103926096999, "eval_accuracy": 0.9561877557322628, "eval_runtime": 5.1818, "eval_samples_per_second": 295.459, "eval_steps_per_second": 37.053, "epoch": 13.0, "step": 3510}, {"loss": 0.0019, "learning_rate": 1.25e-06, "epoch": 14.0, "step": 3780}, {"eval_loss": 0.3131285011768341, "eval_precision": 0.5785024154589372, "eval_recall": 0.5461801596351197, "eval_f1": 0.5618768328445748, "eval_accuracy": 0.9566123677912453, "eval_runtime": 5.1595, "eval_samples_per_second": 296.736, "eval_steps_per_second": 37.213, "epoch": 14.0, "step": 3780}, {"loss": 0.0016, "learning_rate": 6.25e-07, "epoch": 15.0, "step": 4050}, {"eval_loss": 0.32255613803863525, "eval_precision": 0.5724465558194775, "eval_recall": 0.5496009122006842, "eval_f1": 0.5607911576497965, "eval_accuracy": 0.956264957924805, "eval_runtime": 5.1723, "eval_samples_per_second": 295.999, "eval_steps_per_second": 37.121, "epoch": 15.0, "step": 4050}, {"loss": 0.0015, "learning_rate": 0.0, "epoch": 16.0, "step": 4320}, {"eval_loss": 0.3197319209575653, "eval_precision": 0.5649651972157773, "eval_recall": 0.5553021664766249, "eval_f1": 0.5600920069005176, "eval_accuracy": 0.9563035590210762, "eval_runtime": 5.159, "eval_samples_per_second": 296.762, "eval_steps_per_second": 37.216, "epoch": 16.0, "step": 4320}, {"train_runtime": 928.434, "train_samples_per_second": 148.792, "train_steps_per_second": 4.653, "total_flos": 1.5820406851014684e+16, "train_loss": 0.03918820460223489, "epoch": 16.0, "step": 4320}]