[{"loss": 0.227, "learning_rate": 9.375000000000001e-06, "epoch": 1.0, "step": 270}, {"eval_loss": 0.14449968934059143, "eval_precision": 0.5056433408577878, "eval_recall": 0.5108323831242874, "eval_f1": 0.5082246171298922, "eval_accuracy": 0.9520960395275225, "eval_runtime": 5.1871, "eval_samples_per_second": 295.157, "eval_steps_per_second": 37.015, "epoch": 1.0, "step": 270}, {"loss": 0.1312, "learning_rate": 8.750000000000001e-06, "epoch": 2.0, "step": 540}, {"eval_loss": 0.13063989579677582, "eval_precision": 0.49628844114528103, "eval_recall": 0.5336374002280502, "eval_f1": 0.5142857142857143, "eval_accuracy": 0.9530610669343009, "eval_runtime": 5.1752, "eval_samples_per_second": 295.835, "eval_steps_per_second": 37.1, "epoch": 2.0, "step": 540}, {"loss": 0.0876, "learning_rate": 8.125000000000001e-06, "epoch": 3.0, "step": 810}, {"eval_loss": 0.13986699283123016, "eval_precision": 0.5324232081911263, "eval_recall": 0.5336374002280502, "eval_f1": 0.5330296127562643, "eval_accuracy": 0.9546823129776886, "eval_runtime": 5.1786, "eval_samples_per_second": 295.637, "eval_steps_per_second": 37.075, "epoch": 3.0, "step": 810}, {"loss": 0.0554, "learning_rate": 7.500000000000001e-06, "epoch": 4.0, "step": 1080}, {"eval_loss": 0.16524088382720947, "eval_precision": 0.5208747514910537, "eval_recall": 0.5974914481185861, "eval_f1": 0.556558682952735, "eval_accuracy": 0.9530610669343009, "eval_runtime": 5.1816, "eval_samples_per_second": 295.466, "eval_steps_per_second": 37.054, "epoch": 4.0, "step": 1080}, {"loss": 0.0333, "learning_rate": 6.875e-06, "epoch": 5.0, "step": 1350}, {"eval_loss": 0.2029796838760376, "eval_precision": 0.575187969924812, "eval_recall": 0.5233751425313569, "eval_f1": 0.5480597014925374, "eval_accuracy": 0.9546051107851463, "eval_runtime": 5.1698, "eval_samples_per_second": 296.141, "eval_steps_per_second": 37.139, "epoch": 5.0, "step": 1350}, {"loss": 0.0209, "learning_rate": 6.25e-06, "epoch": 6.0, "step": 1620}, {"eval_loss": 0.21633198857307434, "eval_precision": 0.5392857142857143, "eval_recall": 0.5165336374002281, "eval_f1": 0.5276645311589984, "eval_accuracy": 0.9538330888597236, "eval_runtime": 5.2403, "eval_samples_per_second": 292.157, "eval_steps_per_second": 36.639, "epoch": 6.0, "step": 1620}, {"loss": 0.0144, "learning_rate": 5.625e-06, "epoch": 7.0, "step": 1890}, {"eval_loss": 0.2579989731311798, "eval_precision": 0.5779141104294478, "eval_recall": 0.5370581527936146, "eval_f1": 0.5567375886524824, "eval_accuracy": 0.9557631436732803, "eval_runtime": 5.1797, "eval_samples_per_second": 295.578, "eval_steps_per_second": 37.068, "epoch": 7.0, "step": 1890}, {"loss": 0.0096, "learning_rate": 5e-06, "epoch": 8.0, "step": 2160}, {"eval_loss": 0.24728494882583618, "eval_precision": 0.5477777777777778, "eval_recall": 0.5621436716077537, "eval_f1": 0.5548677546426561, "eval_accuracy": 0.9546823129776886, "eval_runtime": 5.182, "eval_samples_per_second": 295.448, "eval_steps_per_second": 37.052, "epoch": 8.0, "step": 2160}, {"loss": 0.0063, "learning_rate": 4.3750000000000005e-06, "epoch": 9.0, "step": 2430}, {"eval_loss": 0.2806180417537689, "eval_precision": 0.5435501653803748, "eval_recall": 0.5621436716077537, "eval_f1": 0.5526905829596411, "eval_accuracy": 0.9558789469620937, "eval_runtime": 5.1557, "eval_samples_per_second": 296.955, "eval_steps_per_second": 37.241, "epoch": 9.0, "step": 2430}, {"loss": 0.0044, "learning_rate": 3.7500000000000005e-06, "epoch": 10.0, "step": 2700}, {"eval_loss": 0.2960749566555023, "eval_precision": 0.5619930475086906, "eval_recall": 0.5530216647662486, "eval_f1": 0.5574712643678161, "eval_accuracy": 0.9563421601173473, "eval_runtime": 5.1605, "eval_samples_per_second": 296.676, "eval_steps_per_second": 37.206, "epoch": 10.0, "step": 2700}, {"loss": 0.0032, "learning_rate": 3.125e-06, "epoch": 11.0, "step": 2970}, {"eval_loss": 0.31169387698173523, "eval_precision": 0.5673758865248227, "eval_recall": 0.5473204104903079, "eval_f1": 0.5571677307022634, "eval_accuracy": 0.9557631436732803, "eval_runtime": 5.1601, "eval_samples_per_second": 296.7, "eval_steps_per_second": 37.209, "epoch": 11.0, "step": 2970}, {"loss": 0.0028, "learning_rate": 2.5e-06, "epoch": 12.0, "step": 3240}, {"eval_loss": 0.3121934235095978, "eval_precision": 0.5494994438264739, "eval_recall": 0.5632839224629419, "eval_f1": 0.5563063063063064, "eval_accuracy": 0.955377132710569, "eval_runtime": 5.1607, "eval_samples_per_second": 296.665, "eval_steps_per_second": 37.204, "epoch": 12.0, "step": 3240}, {"loss": 0.002, "learning_rate": 1.8750000000000003e-06, "epoch": 13.0, "step": 3510}, {"eval_loss": 0.3221144378185272, "eval_precision": 0.5844471445929527, "eval_recall": 0.548460661345496, "eval_f1": 0.5658823529411764, "eval_accuracy": 0.9564579634061607, "eval_runtime": 5.1627, "eval_samples_per_second": 296.55, "eval_steps_per_second": 37.19, "epoch": 13.0, "step": 3510}, {"loss": 0.0015, "learning_rate": 1.25e-06, "epoch": 14.0, "step": 3780}, {"eval_loss": 0.3276214599609375, "eval_precision": 0.5769230769230769, "eval_recall": 0.5473204104903079, "eval_f1": 0.5617320070216502, "eval_accuracy": 0.956843974368872, "eval_runtime": 5.166, "eval_samples_per_second": 296.361, "eval_steps_per_second": 37.166, "epoch": 14.0, "step": 3780}, {"loss": 0.0014, "learning_rate": 6.25e-07, "epoch": 15.0, "step": 4050}, {"eval_loss": 0.3312417268753052, "eval_precision": 0.5790697674418605, "eval_recall": 0.5678449258836944, "eval_f1": 0.5734024179620034, "eval_accuracy": 0.9565737666949742, "eval_runtime": 5.1753, "eval_samples_per_second": 295.828, "eval_steps_per_second": 37.099, "epoch": 15.0, "step": 4050}, {"loss": 0.0013, "learning_rate": 0.0, "epoch": 16.0, "step": 4320}, {"eval_loss": 0.33125725388526917, "eval_precision": 0.5737514518002322, "eval_recall": 0.5632839224629419, "eval_f1": 0.5684695051783659, "eval_accuracy": 0.9565737666949742, "eval_runtime": 5.1797, "eval_samples_per_second": 295.579, "eval_steps_per_second": 37.068, "epoch": 16.0, "step": 4320}, {"train_runtime": 925.3386, "train_samples_per_second": 149.29, "train_steps_per_second": 4.669, "total_flos": 1.5814869033126756e+16, "train_loss": 0.03764058319782769, "epoch": 16.0, "step": 4320}]