{"NorBERT_3_x-small": "ltg/norbert3-xs", "NorBERT_3_small": "ltg/norbert3-small", "NorBERT_1": "ltg/norbert", "NorBERT_2": "ltg/norbert2", "NB-BERT_base": "NbAiLab/nb-bert-base", "ScandiBERT": "vesteinn/ScandiBERT", "mBERT": "bert-base-multilingual-cased", "XLM-R_base": "xlm-roberta-base", "NorBERT_3_base": "ltg/norbert3-base", "XLM-R_large": "xlm-roberta-large", "NB-BERT_large": "NbAiLab/nb-bert-large", "NorBERT_3_large": "ltg/norbert3-large", "Combined": "ltg/norbert3-base", "Oversampled": "ltg/norbert3-oversampled-base", "NAK": "ltg/norbert3-nak-base", "NCC": "ltg/norbert3-ncc-base", "mC4": "ltg/norbert3-c4-base", "Wiki": "ltg/norbert3-wiki-base", "NBDigital": "ltg/norbert3-nb-base"}