{"timestamp": "08161327", "num_seeds": 5, "task": "tsa-intensity", "model_shortname": "NorBERT_3_base", "machinery": "fox", "args_dict": {"model_name_or_path": "ltg/norbert3-base", "dataset_name": "data/tsa_intensity", "seed": 101, "per_device_train_batch_size": 64, "task_name": "08161327_tsa-intensity_NorBERT_3_base", "output_dir": "/cluster/work/projects/ec30/egilron/tsa-hf/08161327_tsa-intensity_NorBERT_3_base", "overwrite_cache": true, "overwrite_output_dir": true, "do_train": true, "num_train_epochs": 16, "do_eval": true, "return_entity_level_metrics": false, "use_auth_token": false, "logging_strategy": "epoch", "save_strategy": "epoch", "evaluation_strategy": "epoch", "save_total_limit": 1, "load_best_model_at_end": true, "label_column_name": "tsa_tags", "disable_tqdm": true, "do_predict": true, "text_column_name": "tokens", "learning_rate": 1e-05}, "best_epoch": 10, "train_epochs_val": [{"eval_loss": 0.24471697211265564, "eval_precision": 0.31796690307328607, "eval_recall": 0.30672748004561, "eval_f1": 0.31224608241439356, "eval_accuracy": 0.9407473172238091, "eval_runtime": 3.0007, "eval_samples_per_second": 510.212, "eval_steps_per_second": 63.985, "epoch": 10.0, "step": 1350}, {"eval_loss": 0.26347142457962036, "eval_precision": 0.3014145810663765, "eval_recall": 0.31584948688711517, "eval_f1": 0.3084632516703786, "eval_accuracy": 0.9390488689878792, "eval_runtime": 3.0012, "eval_samples_per_second": 510.134, "eval_steps_per_second": 63.975, "epoch": 16.0, "step": 2160}, {"eval_loss": 0.2628626823425293, "eval_precision": 0.3003264417845484, "eval_recall": 0.314709236031927, "eval_f1": 0.3073496659242762, "eval_accuracy": 0.9384698525438122, "eval_runtime": 3.0024, "eval_samples_per_second": 509.928, "eval_steps_per_second": 63.949, "epoch": 15.0, "step": 2025}, {"eval_loss": 0.26282668113708496, "eval_precision": 0.30672748004561, "eval_recall": 0.30672748004561, "eval_f1": 0.30672748004561, "eval_accuracy": 0.9398208909133019, "eval_runtime": 3.0062, "eval_samples_per_second": 509.288, "eval_steps_per_second": 63.869, "epoch": 14.0, "step": 1890}, {"eval_loss": 0.21729212999343872, "eval_precision": 0.315018315018315, "eval_recall": 0.29418472063854045, "eval_f1": 0.30424528301886794, "eval_accuracy": 0.9417123446305875, "eval_runtime": 3.0029, "eval_samples_per_second": 509.836, "eval_steps_per_second": 63.938, "epoch": 7.0, "step": 945}, {"eval_loss": 0.25590190291404724, "eval_precision": 0.2986425339366516, "eval_recall": 0.3010262257696693, "eval_f1": 0.29982964224872233, "eval_accuracy": 0.9396278854319463, "eval_runtime": 3.0046, "eval_samples_per_second": 509.56, "eval_steps_per_second": 63.903, "epoch": 13.0, "step": 1755}, {"eval_loss": 0.2468850016593933, "eval_precision": 0.28294177732379977, "eval_recall": 0.31584948688711517, "eval_f1": 0.29849137931034475, "eval_accuracy": 0.9374662240407627, "eval_runtime": 3.0052, "eval_samples_per_second": 509.447, "eval_steps_per_second": 63.889, "epoch": 11.0, "step": 1485}, {"eval_loss": 0.22594843804836273, "eval_precision": 0.2958380202474691, "eval_recall": 0.2998859749144812, "eval_f1": 0.29784824462061155, "eval_accuracy": 0.9407859183200803, "eval_runtime": 3.004, "eval_samples_per_second": 509.646, "eval_steps_per_second": 63.914, "epoch": 8.0, "step": 1080}, {"eval_loss": 0.2553802728652954, "eval_precision": 0.2836801752464403, "eval_recall": 0.2953249714937286, "eval_f1": 0.2893854748603352, "eval_accuracy": 0.9399752952983865, "eval_runtime": 3.0043, "eval_samples_per_second": 509.609, "eval_steps_per_second": 63.909, "epoch": 12.0, "step": 1620}, {"eval_loss": 0.2327074557542801, "eval_precision": 0.28460686600221485, "eval_recall": 0.29304446978335236, "eval_f1": 0.2887640449438202, "eval_accuracy": 0.9390488689878792, "eval_runtime": 3.0567, "eval_samples_per_second": 500.864, "eval_steps_per_second": 62.812, "epoch": 9.0, "step": 1215}, {"eval_loss": 0.21370933949947357, "eval_precision": 0.2792207792207792, "eval_recall": 0.29418472063854045, "eval_f1": 0.28650749583564683, "eval_accuracy": 0.9378908360997452, "eval_runtime": 3.0042, "eval_samples_per_second": 509.613, "eval_steps_per_second": 63.91, "epoch": 5.0, "step": 675}, {"eval_loss": 0.21573422849178314, "eval_precision": 0.3031496062992126, "eval_recall": 0.2633979475484607, "eval_f1": 0.2818791946308725, "eval_accuracy": 0.9417895468231298, "eval_runtime": 3.0022, "eval_samples_per_second": 509.957, "eval_steps_per_second": 63.953, "epoch": 6.0, "step": 810}, {"eval_loss": 0.2074008733034134, "eval_precision": 0.2842377260981912, "eval_recall": 0.2508551881413911, "eval_f1": 0.26650514839491213, "eval_accuracy": 0.9416351424380452, "eval_runtime": 3.003, "eval_samples_per_second": 509.815, "eval_steps_per_second": 63.935, "epoch": 4.0, "step": 540}, {"eval_loss": 0.20508615672588348, "eval_precision": 0.2514367816091954, "eval_recall": 0.19954389965792474, "eval_f1": 0.22250476795931343, "eval_accuracy": 0.9410947270902493, "eval_runtime": 3.0023, "eval_samples_per_second": 509.943, "eval_steps_per_second": 63.951, "epoch": 3.0, "step": 405}, {"eval_loss": 0.22183269262313843, "eval_precision": 0.20775193798449612, "eval_recall": 0.15279361459521096, "eval_f1": 0.17608409986859394, "eval_accuracy": 0.9381996448699143, "eval_runtime": 3.0019, "eval_samples_per_second": 510.008, "eval_steps_per_second": 63.959, "epoch": 2.0, "step": 270}, {"eval_loss": 0.2521892189979553, "eval_precision": 0.2012987012987013, "eval_recall": 0.07069555302166476, "eval_f1": 0.10464135021097047, "eval_accuracy": 0.9365397977302555, "eval_runtime": 3.0214, "eval_samples_per_second": 506.717, "eval_steps_per_second": 63.546, "epoch": 1.0, "step": 135}]}