{"timestamp": "08161531", "num_seeds": 5, "task": "tsa-bin", "model_shortname": "NorBERT_3_small", "machinery": "fox", "args_dict": {"model_name_or_path": "ltg/norbert3-small", "dataset_name": "data/tsa_binary", "seed": 101, "per_device_train_batch_size": 64, "task_name": "08161531_tsa-bin_NorBERT_3_small", "output_dir": "/cluster/work/projects/ec30/egilron/tsa-hf/08161531_tsa-bin_NorBERT_3_small", "overwrite_cache": true, "overwrite_output_dir": true, "do_train": true, "num_train_epochs": 16, "do_eval": true, "return_entity_level_metrics": false, "use_auth_token": false, "logging_strategy": "epoch", "save_strategy": "epoch", "evaluation_strategy": "epoch", "save_total_limit": 1, "load_best_model_at_end": true, "label_column_name": "tsa_tags", "disable_tqdm": true, "do_predict": true, "text_column_name": "tokens", "learning_rate": 0.0001}, "best_epoch": 13, "train_epochs_val": [{"eval_loss": 0.3229964077472687, "eval_precision": 0.5097142857142857, "eval_recall": 0.508551881413911, "eval_f1": 0.5091324200913242, "eval_accuracy": 0.9503203890990504, "eval_runtime": 2.9913, "eval_samples_per_second": 511.813, "eval_steps_per_second": 64.186, "epoch": 13.0, "step": 1755}, {"eval_loss": 0.3332638442516327, "eval_precision": 0.5122235157159488, "eval_recall": 0.5017103762827823, "eval_f1": 0.5069124423963134, "eval_accuracy": 0.9503203890990504, "eval_runtime": 2.9864, "eval_samples_per_second": 512.653, "eval_steps_per_second": 64.291, "epoch": 16.0, "step": 2160}, {"eval_loss": 0.3273466229438782, "eval_precision": 0.49889135254988914, "eval_recall": 0.5131128848346637, "eval_f1": 0.5059021922428331, "eval_accuracy": 0.9490079518258319, "eval_runtime": 2.9886, "eval_samples_per_second": 512.282, "eval_steps_per_second": 64.244, "epoch": 12.0, "step": 1620}, {"eval_loss": 0.3136151432991028, "eval_precision": 0.4929270946681175, "eval_recall": 0.5165336374002281, "eval_f1": 0.5044543429844098, "eval_accuracy": 0.9494325638848143, "eval_runtime": 2.9892, "eval_samples_per_second": 512.184, "eval_steps_per_second": 64.232, "epoch": 11.0, "step": 1485}, {"eval_loss": 0.33294352889060974, "eval_precision": 0.5105140186915887, "eval_recall": 0.4982896237172178, "eval_f1": 0.5043277553375649, "eval_accuracy": 0.9502817880027793, "eval_runtime": 2.9886, "eval_samples_per_second": 512.278, "eval_steps_per_second": 64.244, "epoch": 15.0, "step": 2025}, {"eval_loss": 0.32708632946014404, "eval_precision": 0.49134199134199136, "eval_recall": 0.5176738882554162, "eval_f1": 0.504164353137146, "eval_accuracy": 0.9493939627885432, "eval_runtime": 2.9896, "eval_samples_per_second": 512.101, "eval_steps_per_second": 64.222, "epoch": 14.0, "step": 1890}, {"eval_loss": 0.28203144669532776, "eval_precision": 0.48723404255319147, "eval_recall": 0.5222348916761688, "eval_f1": 0.5041276829939461, "eval_accuracy": 0.9494325638848143, "eval_runtime": 3.0454, "eval_samples_per_second": 502.721, "eval_steps_per_second": 63.045, "epoch": 9.0, "step": 1215}, {"eval_loss": 0.3048185110092163, "eval_precision": 0.4814410480349345, "eval_recall": 0.5028506271379704, "eval_f1": 0.49191299498047963, "eval_accuracy": 0.9484289353817649, "eval_runtime": 2.9918, "eval_samples_per_second": 511.733, "eval_steps_per_second": 64.176, "epoch": 10.0, "step": 1350}, {"eval_loss": 0.2129087597131729, "eval_precision": 0.4819277108433735, "eval_recall": 0.5017103762827823, "eval_f1": 0.4916201117318436, "eval_accuracy": 0.9487763452482051, "eval_runtime": 2.9877, "eval_samples_per_second": 512.429, "eval_steps_per_second": 64.263, "epoch": 5.0, "step": 675}, {"eval_loss": 0.2805313766002655, "eval_precision": 0.469601677148847, "eval_recall": 0.5108323831242874, "eval_f1": 0.4893500819224468, "eval_accuracy": 0.9483131320929514, "eval_runtime": 2.9891, "eval_samples_per_second": 512.201, "eval_steps_per_second": 64.234, "epoch": 8.0, "step": 1080}, {"eval_loss": 0.26853305101394653, "eval_precision": 0.4988038277511962, "eval_recall": 0.475484606613455, "eval_f1": 0.4868651488616462, "eval_accuracy": 0.9504361923878638, "eval_runtime": 2.9894, "eval_samples_per_second": 512.151, "eval_steps_per_second": 64.228, "epoch": 7.0, "step": 945}, {"eval_loss": 0.24143844842910767, "eval_precision": 0.4859484777517564, "eval_recall": 0.4732041049030787, "eval_f1": 0.4794916233391104, "eval_accuracy": 0.9485833397668494, "eval_runtime": 2.9903, "eval_samples_per_second": 511.997, "eval_steps_per_second": 64.209, "epoch": 6.0, "step": 810}, {"eval_loss": 0.21524372696876526, "eval_precision": 0.4219600725952813, "eval_recall": 0.5302166476624858, "eval_f1": 0.4699343102577059, "eval_accuracy": 0.9404385084536401, "eval_runtime": 2.9857, "eval_samples_per_second": 512.781, "eval_steps_per_second": 64.307, "epoch": 4.0, "step": 540}, {"eval_loss": 0.14827853441238403, "eval_precision": 0.4553472987872106, "eval_recall": 0.4709236031927024, "eval_f1": 0.46300448430493274, "eval_accuracy": 0.9471164981085463, "eval_runtime": 2.9892, "eval_samples_per_second": 512.182, "eval_steps_per_second": 64.232, "epoch": 2.0, "step": 270}, {"eval_loss": 0.1749327927827835, "eval_precision": 0.4705188679245283, "eval_recall": 0.4549600912200684, "eval_f1": 0.46260869565217394, "eval_accuracy": 0.9468076893383772, "eval_runtime": 2.9932, "eval_samples_per_second": 511.488, "eval_steps_per_second": 64.145, "epoch": 3.0, "step": 405}, {"eval_loss": 0.1548362523317337, "eval_precision": 0.4314558979808714, "eval_recall": 0.4629418472063854, "eval_f1": 0.44664466446644663, "eval_accuracy": 0.9479657222265112, "eval_runtime": 3.0019, "eval_samples_per_second": 510.017, "eval_steps_per_second": 63.96, "epoch": 1.0, "step": 135}]}