{"timestamp": "08161327", "num_seeds": 5, "task": "tsa-intensity", "model_shortname": "NB-Roberta_base", "machinery": "fox", "args_dict": {"model_name_or_path": "NbAiLab/nb-roberta-base-ncc-plus-scandi-1e4", "dataset_name": "data/tsa_intensity", "seed": 101, "per_device_train_batch_size": 32, "task_name": "08161327_tsa-intensity_NB-Roberta_base", "output_dir": "/cluster/work/projects/ec30/egilron/tsa-hf/08161327_tsa-intensity_NB-Roberta_base", "overwrite_cache": true, "overwrite_output_dir": true, "do_train": true, "num_train_epochs": 16, "do_eval": true, "return_entity_level_metrics": false, "use_auth_token": false, "logging_strategy": "epoch", "save_strategy": "epoch", "evaluation_strategy": "epoch", "save_total_limit": 1, "load_best_model_at_end": true, "label_column_name": "tsa_tags", "disable_tqdm": true, "do_predict": true, "text_column_name": "tokens", "learning_rate": 0.0001}, "best_epoch": 7, "train_epochs_val": [{"eval_loss": 0.3510132133960724, "eval_precision": 0.28451882845188287, "eval_recall": 0.31014823261117447, "eval_f1": 0.29678123295144576, "eval_accuracy": 0.9332973056434802, "eval_runtime": 2.3, "eval_samples_per_second": 665.666, "eval_steps_per_second": 83.48, "epoch": 7.0, "step": 1890}, {"eval_loss": 0.46990540623664856, "eval_precision": 0.2747603833865815, "eval_recall": 0.29418472063854045, "eval_f1": 0.28414096916299564, "eval_accuracy": 0.9341851308577164, "eval_runtime": 2.2977, "eval_samples_per_second": 666.31, "eval_steps_per_second": 83.561, "epoch": 15.0, "step": 4050}, {"eval_loss": 0.46469005942344666, "eval_precision": 0.28306264501160094, "eval_recall": 0.2782212086659065, "eval_f1": 0.28062104657849335, "eval_accuracy": 0.9351501582644947, "eval_runtime": 2.2969, "eval_samples_per_second": 666.554, "eval_steps_per_second": 83.591, "epoch": 13.0, "step": 3510}, {"eval_loss": 0.4777062237262726, "eval_precision": 0.2639593908629442, "eval_recall": 0.29646522234891676, "eval_f1": 0.27926960257787325, "eval_accuracy": 0.9320234694665328, "eval_runtime": 2.3043, "eval_samples_per_second": 664.401, "eval_steps_per_second": 83.321, "epoch": 14.0, "step": 3780}, {"eval_loss": 0.4416070878505707, "eval_precision": 0.2667375132837407, "eval_recall": 0.2862029646522235, "eval_f1": 0.2761276127612762, "eval_accuracy": 0.9336061144136494, "eval_runtime": 2.2966, "eval_samples_per_second": 666.645, "eval_steps_per_second": 83.603, "epoch": 12.0, "step": 3240}, {"eval_loss": 0.46890556812286377, "eval_precision": 0.2746878547105562, "eval_recall": 0.2759407069555302, "eval_f1": 0.2753128555176336, "eval_accuracy": 0.9353431637458504, "eval_runtime": 2.2999, "eval_samples_per_second": 665.675, "eval_steps_per_second": 83.481, "epoch": 16.0, "step": 4320}, {"eval_loss": 0.43545058369636536, "eval_precision": 0.25918367346938775, "eval_recall": 0.2896237172177879, "eval_f1": 0.2735595045772751, "eval_accuracy": 0.932062070562804, "eval_runtime": 2.2968, "eval_samples_per_second": 666.583, "eval_steps_per_second": 83.595, "epoch": 11.0, "step": 2970}, {"eval_loss": 0.3906945288181305, "eval_precision": 0.27876631079478054, "eval_recall": 0.26795895096921324, "eval_f1": 0.2732558139534884, "eval_accuracy": 0.9374662240407627, "eval_runtime": 2.2989, "eval_samples_per_second": 665.972, "eval_steps_per_second": 83.518, "epoch": 9.0, "step": 2430}, {"eval_loss": 0.4171828329563141, "eval_precision": 0.24583741429970618, "eval_recall": 0.2862029646522235, "eval_f1": 0.2644889357218125, "eval_accuracy": 0.9303250212306029, "eval_runtime": 2.356, "eval_samples_per_second": 649.842, "eval_steps_per_second": 81.496, "epoch": 10.0, "step": 2700}, {"eval_loss": 0.3865325450897217, "eval_precision": 0.22655601659751037, "eval_recall": 0.3112884834663626, "eval_f1": 0.2622478386167147, "eval_accuracy": 0.9241874469234926, "eval_runtime": 2.3056, "eval_samples_per_second": 664.041, "eval_steps_per_second": 83.276, "epoch": 8.0, "step": 2160}, {"eval_loss": 0.3262580931186676, "eval_precision": 0.26394052044609667, "eval_recall": 0.24287343215507412, "eval_f1": 0.2529691211401425, "eval_accuracy": 0.93669420211534, "eval_runtime": 2.3025, "eval_samples_per_second": 664.921, "eval_steps_per_second": 83.387, "epoch": 6.0, "step": 1620}, {"eval_loss": 0.2347535640001297, "eval_precision": 0.22981956315289648, "eval_recall": 0.2759407069555302, "eval_f1": 0.25077720207253884, "eval_accuracy": 0.9292827916312824, "eval_runtime": 2.3022, "eval_samples_per_second": 665.026, "eval_steps_per_second": 83.4, "epoch": 3.0, "step": 810}, {"eval_loss": 0.297616183757782, "eval_precision": 0.2557544757033248, "eval_recall": 0.22805017103762829, "eval_f1": 0.24110910186859555, "eval_accuracy": 0.936076584575002, "eval_runtime": 2.2965, "eval_samples_per_second": 666.666, "eval_steps_per_second": 83.605, "epoch": 5.0, "step": 1350}, {"eval_loss": 0.261951208114624, "eval_precision": 0.23430493273542602, "eval_recall": 0.23831242873432154, "eval_f1": 0.23629169022046356, "eval_accuracy": 0.9332973056434802, "eval_runtime": 2.3022, "eval_samples_per_second": 665.014, "eval_steps_per_second": 83.398, "epoch": 4.0, "step": 1080}, {"eval_loss": 0.22513709962368011, "eval_precision": 0.21509433962264152, "eval_recall": 0.12998859749144812, "eval_f1": 0.162046908315565, "eval_accuracy": 0.9390102678916081, "eval_runtime": 2.3021, "eval_samples_per_second": 665.059, "eval_steps_per_second": 83.404, "epoch": 2.0, "step": 540}, {"eval_loss": 0.22671012580394745, "eval_precision": 0.2693409742120344, "eval_recall": 0.10718358038768529, "eval_f1": 0.1533442088091354, "eval_accuracy": 0.9379680382922875, "eval_runtime": 2.3225, "eval_samples_per_second": 659.201, "eval_steps_per_second": 82.669, "epoch": 1.0, "step": 270}]}