{"timestamp": "08161531", "num_seeds": 5, "task": "tsa-bin", "model_shortname": "NorBERT_3_small", "machinery": "fox", "args_dict": {"model_name_or_path": "ltg/norbert3-small", "dataset_name": "data/tsa_binary", "seed": 101, "per_device_train_batch_size": 32, "task_name": "08161531_tsa-bin_NorBERT_3_small", "output_dir": "/cluster/work/projects/ec30/egilron/tsa-hf/08161531_tsa-bin_NorBERT_3_small", "overwrite_cache": true, "overwrite_output_dir": true, "do_train": true, "num_train_epochs": 16, "do_eval": true, "return_entity_level_metrics": false, "use_auth_token": false, "logging_strategy": "epoch", "save_strategy": "epoch", "evaluation_strategy": "epoch", "save_total_limit": 1, "load_best_model_at_end": true, "label_column_name": "tsa_tags", "disable_tqdm": true, "do_predict": true, "text_column_name": "tokens", "learning_rate": 0.0001}, "best_epoch": 15, "train_epochs_val": [{"eval_loss": 0.3675687313079834, "eval_precision": 0.48152295632698766, "eval_recall": 0.4903078677309008, "eval_f1": 0.4858757062146893, "eval_accuracy": 0.9478499189376979, "eval_runtime": 2.9605, "eval_samples_per_second": 517.144, "eval_steps_per_second": 64.854, "epoch": 15.0, "step": 4050}, {"eval_loss": 0.36845746636390686, "eval_precision": 0.48623853211009177, "eval_recall": 0.48346636259977194, "eval_f1": 0.48484848484848486, "eval_accuracy": 0.9479657222265112, "eval_runtime": 2.9637, "eval_samples_per_second": 516.592, "eval_steps_per_second": 64.785, "epoch": 16.0, "step": 4320}, {"eval_loss": 0.364529013633728, "eval_precision": 0.4893867924528302, "eval_recall": 0.4732041049030787, "eval_f1": 0.48115942028985503, "eval_accuracy": 0.9475025090712577, "eval_runtime": 2.961, "eval_samples_per_second": 517.056, "eval_steps_per_second": 64.843, "epoch": 13.0, "step": 3510}, {"eval_loss": 0.3514809310436249, "eval_precision": 0.4768883878241263, "eval_recall": 0.4823261117445838, "eval_f1": 0.4795918367346939, "eval_accuracy": 0.9475411101675287, "eval_runtime": 2.9626, "eval_samples_per_second": 516.776, "eval_steps_per_second": 64.808, "epoch": 12.0, "step": 3240}, {"eval_loss": 0.34158724546432495, "eval_precision": 0.47667804323094426, "eval_recall": 0.47776510832383123, "eval_f1": 0.47722095671981773, "eval_accuracy": 0.9457268586427855, "eval_runtime": 3.0062, "eval_samples_per_second": 509.277, "eval_steps_per_second": 63.868, "epoch": 10.0, "step": 2700}, {"eval_loss": 0.32608944177627563, "eval_precision": 0.4710467706013363, "eval_recall": 0.4823261117445838, "eval_f1": 0.47661971830985916, "eval_accuracy": 0.9464988805682082, "eval_runtime": 2.9472, "eval_samples_per_second": 519.469, "eval_steps_per_second": 65.146, "epoch": 9.0, "step": 2430}, {"eval_loss": 0.3679181635379791, "eval_precision": 0.46986607142857145, "eval_recall": 0.48004561003420754, "eval_f1": 0.4749012972363226, "eval_accuracy": 0.9463444761831236, "eval_runtime": 2.9535, "eval_samples_per_second": 518.37, "eval_steps_per_second": 65.008, "epoch": 14.0, "step": 3780}, {"eval_loss": 0.1588747650384903, "eval_precision": 0.49625935162094764, "eval_recall": 0.45381984036488027, "eval_f1": 0.47409172126265636, "eval_accuracy": 0.9478499189376979, "eval_runtime": 2.9509, "eval_samples_per_second": 518.831, "eval_steps_per_second": 65.066, "epoch": 2.0, "step": 540}, {"eval_loss": 0.3518810272216797, "eval_precision": 0.47206385404789053, "eval_recall": 0.47206385404789053, "eval_f1": 0.47206385404789053, "eval_accuracy": 0.9462672739905813, "eval_runtime": 2.9546, "eval_samples_per_second": 518.176, "eval_steps_per_second": 64.983, "epoch": 11.0, "step": 2970}, {"eval_loss": 0.31470903754234314, "eval_precision": 0.4494264859228363, "eval_recall": 0.49144811858608894, "eval_f1": 0.4694989106753813, "eval_accuracy": 0.9449162356210916, "eval_runtime": 2.95, "eval_samples_per_second": 518.985, "eval_steps_per_second": 65.085, "epoch": 8.0, "step": 2160}, {"eval_loss": 0.292031466960907, "eval_precision": 0.44650205761316875, "eval_recall": 0.49486887115165334, "eval_f1": 0.46944294213088156, "eval_accuracy": 0.9446074268509226, "eval_runtime": 2.9561, "eval_samples_per_second": 517.914, "eval_steps_per_second": 64.951, "epoch": 7.0, "step": 1890}, {"eval_loss": 0.1807350069284439, "eval_precision": 0.49293966623876767, "eval_recall": 0.4378563283922463, "eval_f1": 0.463768115942029, "eval_accuracy": 0.9477727167451555, "eval_runtime": 2.9502, "eval_samples_per_second": 518.954, "eval_steps_per_second": 65.081, "epoch": 3.0, "step": 810}, {"eval_loss": 0.21384167671203613, "eval_precision": 0.43478260869565216, "eval_recall": 0.4903078677309008, "eval_f1": 0.4608788853161843, "eval_accuracy": 0.9420597544970277, "eval_runtime": 2.964, "eval_samples_per_second": 516.531, "eval_steps_per_second": 64.777, "epoch": 4.0, "step": 1080}, {"eval_loss": 0.24650020897388458, "eval_precision": 0.4581901489117984, "eval_recall": 0.45610034207525657, "eval_f1": 0.45714285714285713, "eval_accuracy": 0.9445688257546514, "eval_runtime": 2.9429, "eval_samples_per_second": 520.234, "eval_steps_per_second": 65.242, "epoch": 5.0, "step": 1350}, {"eval_loss": 0.2883603870868683, "eval_precision": 0.4126357354392892, "eval_recall": 0.4766248574686431, "eval_f1": 0.4423280423280423, "eval_accuracy": 0.9410947270902493, "eval_runtime": 2.9486, "eval_samples_per_second": 519.225, "eval_steps_per_second": 65.115, "epoch": 6.0, "step": 1620}, {"eval_loss": 0.16007211804389954, "eval_precision": 0.4175475687103594, "eval_recall": 0.45039908779931587, "eval_f1": 0.4333516182117389, "eval_accuracy": 0.9463058750868525, "eval_runtime": 2.9514, "eval_samples_per_second": 518.742, "eval_steps_per_second": 65.055, "epoch": 1.0, "step": 270}]}