{"timestamp": "08161531", "num_seeds": 5, "task": "tsa-bin", "model_shortname": "NB-Roberta_base", "machinery": "fox", "args_dict": {"model_name_or_path": "NbAiLab/nb-roberta-base-ncc-plus-scandi-1e4", "dataset_name": "data/tsa_binary", "seed": 101, "per_device_train_batch_size": 64, "task_name": "08161531_tsa-bin_NB-Roberta_base", "output_dir": "/cluster/work/projects/ec30/egilron/tsa-hf/08161531_tsa-bin_NB-Roberta_base", "overwrite_cache": true, "overwrite_output_dir": true, "do_train": true, "num_train_epochs": 16, "do_eval": true, "return_entity_level_metrics": false, "use_auth_token": false, "logging_strategy": "epoch", "save_strategy": "epoch", "evaluation_strategy": "epoch", "save_total_limit": 1, "load_best_model_at_end": true, "label_column_name": "tsa_tags", "disable_tqdm": true, "do_predict": true, "text_column_name": "tokens", "learning_rate": 0.0001}, "best_epoch": 16, "train_epochs_val": [{"eval_loss": 0.3792523741722107, "eval_precision": 0.4714285714285714, "eval_recall": 0.45153933865450396, "eval_f1": 0.4612696563774024, "eval_accuracy": 0.946460279471937, "eval_runtime": 2.3131, "eval_samples_per_second": 661.889, "eval_steps_per_second": 83.006, "epoch": 16.0, "step": 2160}, {"eval_loss": 0.3220706284046173, "eval_precision": 0.4375, "eval_recall": 0.4709236031927024, "eval_f1": 0.45359692476661173, "eval_accuracy": 0.9442600169844824, "eval_runtime": 2.3205, "eval_samples_per_second": 659.769, "eval_steps_per_second": 82.741, "epoch": 10.0, "step": 1350}, {"eval_loss": 0.3792693614959717, "eval_precision": 0.44127332601536773, "eval_recall": 0.4583808437856328, "eval_f1": 0.44966442953020136, "eval_accuracy": 0.9446074268509226, "eval_runtime": 2.3223, "eval_samples_per_second": 659.251, "eval_steps_per_second": 82.675, "epoch": 15.0, "step": 2025}, {"eval_loss": 0.36627814173698425, "eval_precision": 0.44886363636363635, "eval_recall": 0.45039908779931587, "eval_f1": 0.4496300512236767, "eval_accuracy": 0.9441442136956689, "eval_runtime": 2.3216, "eval_samples_per_second": 659.452, "eval_steps_per_second": 82.701, "epoch": 13.0, "step": 1755}, {"eval_loss": 0.37396520376205444, "eval_precision": 0.4576877234803337, "eval_recall": 0.4378563283922463, "eval_f1": 0.44755244755244755, "eval_accuracy": 0.945302246583803, "eval_runtime": 2.32, "eval_samples_per_second": 659.907, "eval_steps_per_second": 82.758, "epoch": 14.0, "step": 1890}, {"eval_loss": 0.30777573585510254, "eval_precision": 0.41274509803921566, "eval_recall": 0.48004561003420754, "eval_f1": 0.44385872430152873, "eval_accuracy": 0.9428317764224504, "eval_runtime": 2.3796, "eval_samples_per_second": 643.396, "eval_steps_per_second": 80.687, "epoch": 9.0, "step": 1215}, {"eval_loss": 0.24039866030216217, "eval_precision": 0.43043478260869567, "eval_recall": 0.45153933865450396, "eval_f1": 0.44073455759599334, "eval_accuracy": 0.9453408476800741, "eval_runtime": 2.3204, "eval_samples_per_second": 659.796, "eval_steps_per_second": 82.744, "epoch": 6.0, "step": 810}, {"eval_loss": 0.3445132076740265, "eval_precision": 0.4519230769230769, "eval_recall": 0.42873432155074115, "eval_f1": 0.44002340550029256, "eval_accuracy": 0.9453408476800741, "eval_runtime": 2.3239, "eval_samples_per_second": 658.809, "eval_steps_per_second": 82.62, "epoch": 11.0, "step": 1485}, {"eval_loss": 0.36382582783699036, "eval_precision": 0.43813847900113506, "eval_recall": 0.44013683010262256, "eval_f1": 0.4391353811149033, "eval_accuracy": 0.9436810005404154, "eval_runtime": 2.3212, "eval_samples_per_second": 659.573, "eval_steps_per_second": 82.716, "epoch": 12.0, "step": 1620}, {"eval_loss": 0.26569053530693054, "eval_precision": 0.40973630831643004, "eval_recall": 0.4606613454960091, "eval_f1": 0.43370907139023085, "eval_accuracy": 0.9427545742299082, "eval_runtime": 2.321, "eval_samples_per_second": 659.637, "eval_steps_per_second": 82.724, "epoch": 7.0, "step": 945}, {"eval_loss": 0.3113958537578583, "eval_precision": 0.40756756756756757, "eval_recall": 0.4298745724059293, "eval_f1": 0.41842397336293013, "eval_accuracy": 0.9394734810468617, "eval_runtime": 2.3206, "eval_samples_per_second": 659.738, "eval_steps_per_second": 82.737, "epoch": 8.0, "step": 1080}, {"eval_loss": 0.2083558887243271, "eval_precision": 0.4077669902912621, "eval_recall": 0.3831242873432155, "eval_f1": 0.3950617283950617, "eval_accuracy": 0.9428703775187215, "eval_runtime": 2.3272, "eval_samples_per_second": 657.859, "eval_steps_per_second": 82.501, "epoch": 5.0, "step": 675}, {"eval_loss": 0.16852279007434845, "eval_precision": 0.4491392801251956, "eval_recall": 0.3272519954389966, "eval_f1": 0.3786279683377309, "eval_accuracy": 0.9457654597390566, "eval_runtime": 2.3211, "eval_samples_per_second": 659.614, "eval_steps_per_second": 82.721, "epoch": 3.0, "step": 405}, {"eval_loss": 0.20094969868659973, "eval_precision": 0.4562043795620438, "eval_recall": 0.28506271379703535, "eval_f1": 0.3508771929824562, "eval_accuracy": 0.9452250443912608, "eval_runtime": 2.3222, "eval_samples_per_second": 659.276, "eval_steps_per_second": 82.679, "epoch": 4.0, "step": 540}, {"eval_loss": 0.20645461976528168, "eval_precision": 0.2688413948256468, "eval_recall": 0.2725199543899658, "eval_f1": 0.27066817667044163, "eval_accuracy": 0.9327182891994132, "eval_runtime": 2.3398, "eval_samples_per_second": 654.33, "eval_steps_per_second": 82.058, "epoch": 1.0, "step": 135}, {"eval_loss": 0.1800476312637329, "eval_precision": 0.4152744630071599, "eval_recall": 0.19840364880273662, "eval_f1": 0.26851851851851855, "eval_accuracy": 0.9414421369566895, "eval_runtime": 2.3168, "eval_samples_per_second": 660.813, "eval_steps_per_second": 82.871, "epoch": 2.0, "step": 270}]}