{"timestamp": "08161327", "num_seeds": 5, "task": "tsa-intensity", "model_shortname": "NorBERT_3_small", "machinery": "fox", "args_dict": {"model_name_or_path": "ltg/norbert3-small", "dataset_name": "data/tsa_intensity", "seed": 101, "per_device_train_batch_size": 32, "task_name": "08161327_tsa-intensity_NorBERT_3_small", "output_dir": "/cluster/work/projects/ec30/egilron/tsa-hf/08161327_tsa-intensity_NorBERT_3_small", "overwrite_cache": true, "overwrite_output_dir": true, "do_train": true, "num_train_epochs": 16, "do_eval": true, "return_entity_level_metrics": false, "use_auth_token": false, "logging_strategy": "epoch", "save_strategy": "epoch", "evaluation_strategy": "epoch", "save_total_limit": 1, "load_best_model_at_end": true, "label_column_name": "tsa_tags", "disable_tqdm": true, "do_predict": true, "text_column_name": "tokens", "learning_rate": 5e-05}, "best_epoch": 14, "train_epochs_val": [{"eval_loss": 0.4059388339519501, "eval_precision": 0.26455566905005107, "eval_recall": 0.2953249714937286, "eval_f1": 0.27909482758620685, "eval_accuracy": 0.9328340924882267, "eval_runtime": 2.9877, "eval_samples_per_second": 512.438, "eval_steps_per_second": 64.264, "epoch": 14.0, "step": 3780}, {"eval_loss": 0.3821282386779785, "eval_precision": 0.26666666666666666, "eval_recall": 0.2919042189281642, "eval_f1": 0.27871529667936856, "eval_accuracy": 0.932641087006871, "eval_runtime": 2.9912, "eval_samples_per_second": 511.833, "eval_steps_per_second": 64.188, "epoch": 11.0, "step": 2970}, {"eval_loss": 0.3491191864013672, "eval_precision": 0.2595573440643863, "eval_recall": 0.29418472063854045, "eval_f1": 0.2757883484767504, "eval_accuracy": 0.9322164749478885, "eval_runtime": 2.9952, "eval_samples_per_second": 511.148, "eval_steps_per_second": 64.102, "epoch": 9.0, "step": 2430}, {"eval_loss": 0.3091972768306732, "eval_precision": 0.2559760956175299, "eval_recall": 0.29304446978335236, "eval_f1": 0.2732589048378522, "eval_accuracy": 0.9330270979695824, "eval_runtime": 2.9956, "eval_samples_per_second": 511.091, "eval_steps_per_second": 64.095, "epoch": 7.0, "step": 1890}, {"eval_loss": 0.28810790181159973, "eval_precision": 0.27039106145251396, "eval_recall": 0.2759407069555302, "eval_f1": 0.27313769751693, "eval_accuracy": 0.9356519725160195, "eval_runtime": 2.9871, "eval_samples_per_second": 512.538, "eval_steps_per_second": 64.276, "epoch": 6.0, "step": 1620}, {"eval_loss": 0.3286963403224945, "eval_precision": 0.2479030754892824, "eval_recall": 0.3033067274800456, "eval_f1": 0.27282051282051284, "eval_accuracy": 0.9287423762834864, "eval_runtime": 3.0004, "eval_samples_per_second": 510.272, "eval_steps_per_second": 63.992, "epoch": 8.0, "step": 2160}, {"eval_loss": 0.3933798372745514, "eval_precision": 0.2527040314650934, "eval_recall": 0.29304446978335236, "eval_f1": 0.2713833157338965, "eval_accuracy": 0.9321392727553462, "eval_runtime": 2.9916, "eval_samples_per_second": 511.771, "eval_steps_per_second": 64.18, "epoch": 12.0, "step": 3240}, {"eval_loss": 0.3682361841201782, "eval_precision": 0.253227408142999, "eval_recall": 0.29076396807297605, "eval_f1": 0.27070063694267515, "eval_accuracy": 0.9304408245194163, "eval_runtime": 2.9925, "eval_samples_per_second": 511.608, "eval_steps_per_second": 64.16, "epoch": 10.0, "step": 2700}, {"eval_loss": 0.41079583764076233, "eval_precision": 0.2586750788643533, "eval_recall": 0.2805017103762828, "eval_f1": 0.2691466083150985, "eval_accuracy": 0.9334131089322937, "eval_runtime": 2.9906, "eval_samples_per_second": 511.935, "eval_steps_per_second": 64.201, "epoch": 16.0, "step": 4320}, {"eval_loss": 0.4094092845916748, "eval_precision": 0.25738396624472576, "eval_recall": 0.2782212086659065, "eval_f1": 0.2673972602739726, "eval_accuracy": 0.9330270979695824, "eval_runtime": 2.9882, "eval_samples_per_second": 512.343, "eval_steps_per_second": 64.252, "epoch": 15.0, "step": 4050}, {"eval_loss": 0.40244948863983154, "eval_precision": 0.25925925925925924, "eval_recall": 0.27137970353477764, "eval_f1": 0.26518105849582174, "eval_accuracy": 0.9337219177024627, "eval_runtime": 2.9997, "eval_samples_per_second": 510.393, "eval_steps_per_second": 64.007, "epoch": 13.0, "step": 3510}, {"eval_loss": 0.23823852837085724, "eval_precision": 0.24664602683178535, "eval_recall": 0.2725199543899658, "eval_f1": 0.2589382448537378, "eval_accuracy": 0.9332973056434802, "eval_runtime": 2.9944, "eval_samples_per_second": 511.291, "eval_steps_per_second": 64.12, "epoch": 4.0, "step": 1080}, {"eval_loss": 0.2183426469564438, "eval_precision": 0.3, "eval_recall": 0.22576966932725198, "eval_f1": 0.25764476252439816, "eval_accuracy": 0.9419825523044855, "eval_runtime": 2.9873, "eval_samples_per_second": 512.508, "eval_steps_per_second": 64.273, "epoch": 3.0, "step": 810}, {"eval_loss": 0.26958227157592773, "eval_precision": 0.23977272727272728, "eval_recall": 0.24059293044469784, "eval_f1": 0.24018212862834376, "eval_accuracy": 0.9342237319539874, "eval_runtime": 2.9909, "eval_samples_per_second": 511.884, "eval_steps_per_second": 64.195, "epoch": 5.0, "step": 1350}, {"eval_loss": 0.2132403701543808, "eval_precision": 0.2651162790697674, "eval_recall": 0.1949828962371722, "eval_f1": 0.22470433639947437, "eval_accuracy": 0.9400524974909288, "eval_runtime": 2.9897, "eval_samples_per_second": 512.093, "eval_steps_per_second": 64.221, "epoch": 2.0, "step": 540}, {"eval_loss": 0.22542093694210052, "eval_precision": 0.2088495575221239, "eval_recall": 0.1345496009122007, "eval_f1": 0.1636615811373093, "eval_accuracy": 0.9381996448699143, "eval_runtime": 3.0041, "eval_samples_per_second": 509.636, "eval_steps_per_second": 63.912, "epoch": 1.0, "step": 270}]}