{"timestamp": "08161531", "num_seeds": 5, "task": "tsa-bin", "model_shortname": "NorBERT_3_small", "machinery": "fox", "args_dict": {"model_name_or_path": "ltg/norbert3-small", "dataset_name": "data/tsa_binary", "seed": 101, "per_device_train_batch_size": 32, "task_name": "08161531_tsa-bin_NorBERT_3_small", "output_dir": "/cluster/work/projects/ec30/egilron/tsa-hf/08161531_tsa-bin_NorBERT_3_small", "overwrite_cache": true, "overwrite_output_dir": true, "do_train": true, "num_train_epochs": 16, "do_eval": true, "return_entity_level_metrics": false, "use_auth_token": false, "logging_strategy": "epoch", "save_strategy": "epoch", "evaluation_strategy": "epoch", "save_total_limit": 1, "load_best_model_at_end": true, "label_column_name": "tsa_tags", "disable_tqdm": true, "do_predict": true, "text_column_name": "tokens", "learning_rate": 1e-05}, "best_epoch": 7, "train_epochs_val": [{"eval_loss": 0.17156755924224854, "eval_precision": 0.46217616580310883, "eval_recall": 0.508551881413911, "eval_f1": 0.48425624321389793, "eval_accuracy": 0.9462286728943102, "eval_runtime": 2.9917, "eval_samples_per_second": 511.755, "eval_steps_per_second": 64.178, "epoch": 7.0, "step": 1890}, {"eval_loss": 0.19565826654434204, "eval_precision": 0.46817691477885653, "eval_recall": 0.49486887115165334, "eval_f1": 0.48115299334811523, "eval_accuracy": 0.9460742685092257, "eval_runtime": 2.9888, "eval_samples_per_second": 512.245, "eval_steps_per_second": 64.24, "epoch": 13.0, "step": 3510}, {"eval_loss": 0.1943378448486328, "eval_precision": 0.4447731755424063, "eval_recall": 0.5142531356898518, "eval_f1": 0.47699629825489154, "eval_accuracy": 0.9437968038292287, "eval_runtime": 2.9989, "eval_samples_per_second": 510.515, "eval_steps_per_second": 64.023, "epoch": 12.0, "step": 3240}, {"eval_loss": 0.2010621428489685, "eval_precision": 0.4423828125, "eval_recall": 0.5165336374002281, "eval_f1": 0.4765912677538138, "eval_accuracy": 0.9422141588821122, "eval_runtime": 2.996, "eval_samples_per_second": 511.007, "eval_steps_per_second": 64.085, "epoch": 15.0, "step": 4050}, {"eval_loss": 0.18270455300807953, "eval_precision": 0.44313725490196076, "eval_recall": 0.5153933865450399, "eval_f1": 0.4765419082762256, "eval_accuracy": 0.9423685632671968, "eval_runtime": 2.998, "eval_samples_per_second": 510.675, "eval_steps_per_second": 64.043, "epoch": 9.0, "step": 2430}, {"eval_loss": 0.2004067599773407, "eval_precision": 0.4485887096774194, "eval_recall": 0.507411630558723, "eval_f1": 0.4761904761904762, "eval_accuracy": 0.9432177873851617, "eval_runtime": 2.9892, "eval_samples_per_second": 512.177, "eval_steps_per_second": 64.231, "epoch": 16.0, "step": 4320}, {"eval_loss": 0.1982889324426651, "eval_precision": 0.45045965270684374, "eval_recall": 0.5028506271379704, "eval_f1": 0.47521551724137934, "eval_accuracy": 0.9444916235621091, "eval_runtime": 3.002, "eval_samples_per_second": 509.989, "eval_steps_per_second": 63.957, "epoch": 14.0, "step": 3780}, {"eval_loss": 0.16240237653255463, "eval_precision": 0.4795799299883314, "eval_recall": 0.46864310148232613, "eval_f1": 0.47404844290657444, "eval_accuracy": 0.9480429244190535, "eval_runtime": 2.9861, "eval_samples_per_second": 512.706, "eval_steps_per_second": 64.298, "epoch": 6.0, "step": 1620}, {"eval_loss": 0.1635933369398117, "eval_precision": 0.44545454545454544, "eval_recall": 0.5028506271379704, "eval_f1": 0.4724156400642743, "eval_accuracy": 0.9451092411024473, "eval_runtime": 2.9927, "eval_samples_per_second": 511.583, "eval_steps_per_second": 64.157, "epoch": 5.0, "step": 1350}, {"eval_loss": 0.16079089045524597, "eval_precision": 0.4381139489194499, "eval_recall": 0.508551881413911, "eval_f1": 0.47071240105540896, "eval_accuracy": 0.9451092411024473, "eval_runtime": 2.9923, "eval_samples_per_second": 511.639, "eval_steps_per_second": 64.164, "epoch": 4.0, "step": 1080}, {"eval_loss": 0.1909514218568802, "eval_precision": 0.43478260869565216, "eval_recall": 0.5131128848346637, "eval_f1": 0.4707112970711297, "eval_accuracy": 0.94213695668957, "eval_runtime": 2.9942, "eval_samples_per_second": 511.315, "eval_steps_per_second": 64.123, "epoch": 11.0, "step": 2970}, {"eval_loss": 0.18582236766815186, "eval_precision": 0.4517497348886532, "eval_recall": 0.48574686431014824, "eval_f1": 0.46813186813186813, "eval_accuracy": 0.9440284104068556, "eval_runtime": 2.9903, "eval_samples_per_second": 511.98, "eval_steps_per_second": 64.207, "epoch": 10.0, "step": 2700}, {"eval_loss": 0.18117684125900269, "eval_precision": 0.41750227894257064, "eval_recall": 0.5222348916761688, "eval_f1": 0.46403242147923, "eval_accuracy": 0.9405929128387246, "eval_runtime": 2.9893, "eval_samples_per_second": 512.157, "eval_steps_per_second": 64.229, "epoch": 8.0, "step": 2160}, {"eval_loss": 0.15543082356452942, "eval_precision": 0.4472123368920522, "eval_recall": 0.4298745724059293, "eval_f1": 0.4383720930232558, "eval_accuracy": 0.9459198641241411, "eval_runtime": 2.985, "eval_samples_per_second": 512.903, "eval_steps_per_second": 64.322, "epoch": 3.0, "step": 810}, {"eval_loss": 0.16589197516441345, "eval_precision": 0.4640804597701149, "eval_recall": 0.36830102622576966, "eval_f1": 0.410680228862047, "eval_accuracy": 0.9458040608353278, "eval_runtime": 2.9954, "eval_samples_per_second": 511.121, "eval_steps_per_second": 64.099, "epoch": 2.0, "step": 540}, {"eval_loss": 0.19418305158615112, "eval_precision": 0.3168674698795181, "eval_recall": 0.2998859749144812, "eval_f1": 0.3081429408318688, "eval_accuracy": 0.9378522350034741, "eval_runtime": 2.9984, "eval_samples_per_second": 510.613, "eval_steps_per_second": 64.035, "epoch": 1.0, "step": 270}]}