{"timestamp": "08161531", "num_seeds": 5, "task": "tsa-bin", "model_shortname": "NorBERT_3_large", "machinery": "fox", "args_dict": {"model_name_or_path": "ltg/norbert3-large", "dataset_name": "data/tsa_binary", "seed": 101, "per_device_train_batch_size": 32, "task_name": "08161531_tsa-bin_NorBERT_3_large", "output_dir": "/cluster/work/projects/ec30/egilron/tsa-hf/08161531_tsa-bin_NorBERT_3_large", "overwrite_cache": true, "overwrite_output_dir": true, "do_train": true, "num_train_epochs": 16, "do_eval": true, "return_entity_level_metrics": false, "use_auth_token": false, "logging_strategy": "epoch", "save_strategy": "epoch", "evaluation_strategy": "epoch", "save_total_limit": 1, "load_best_model_at_end": true, "label_column_name": "tsa_tags", "disable_tqdm": true, "do_predict": true, "text_column_name": "tokens", "learning_rate": 0.0001}, "best_epoch": 15, "train_epochs_val": [{"eval_loss": 0.35447365045547485, "eval_precision": 0.5681265206812652, "eval_recall": 0.5324971493728621, "eval_f1": 0.5497351383166569, "eval_accuracy": 0.9552613294217556, "eval_runtime": 5.0146, "eval_samples_per_second": 305.306, "eval_steps_per_second": 38.288, "epoch": 15.0, "step": 4050}, {"eval_loss": 0.3326597213745117, "eval_precision": 0.5316184351554126, "eval_recall": 0.5655644241733181, "eval_f1": 0.5480662983425414, "eval_accuracy": 0.9537172855709102, "eval_runtime": 5.0131, "eval_samples_per_second": 305.402, "eval_steps_per_second": 38.3, "epoch": 12.0, "step": 3240}, {"eval_loss": 0.35584160685539246, "eval_precision": 0.5682656826568265, "eval_recall": 0.5267958950969214, "eval_f1": 0.5467455621301776, "eval_accuracy": 0.9552227283254845, "eval_runtime": 5.067, "eval_samples_per_second": 302.148, "eval_steps_per_second": 37.892, "epoch": 16.0, "step": 4320}, {"eval_loss": 0.35031285881996155, "eval_precision": 0.5533411488862837, "eval_recall": 0.5381984036488028, "eval_f1": 0.5456647398843931, "eval_accuracy": 0.9549139195553153, "eval_runtime": 5.0028, "eval_samples_per_second": 306.029, "eval_steps_per_second": 38.379, "epoch": 14.0, "step": 3780}, {"eval_loss": 0.31970569491386414, "eval_precision": 0.5455594002306805, "eval_recall": 0.5393386545039909, "eval_f1": 0.5424311926605504, "eval_accuracy": 0.9544121053037906, "eval_runtime": 5.0118, "eval_samples_per_second": 305.479, "eval_steps_per_second": 38.31, "epoch": 11.0, "step": 2970}, {"eval_loss": 0.3432607352733612, "eval_precision": 0.5544794188861986, "eval_recall": 0.5222348916761688, "eval_f1": 0.537874339401057, "eval_accuracy": 0.954798116266502, "eval_runtime": 5.0048, "eval_samples_per_second": 305.904, "eval_steps_per_second": 38.363, "epoch": 13.0, "step": 3510}, {"eval_loss": 0.31845706701278687, "eval_precision": 0.5403800475059383, "eval_recall": 0.5188141391106044, "eval_f1": 0.5293775450843514, "eval_accuracy": 0.9526750559715896, "eval_runtime": 5.0142, "eval_samples_per_second": 305.332, "eval_steps_per_second": 38.291, "epoch": 10.0, "step": 2700}, {"eval_loss": 0.24122166633605957, "eval_precision": 0.5444579780755177, "eval_recall": 0.5096921322690992, "eval_f1": 0.5265017667844523, "eval_accuracy": 0.9520574384312515, "eval_runtime": 5.0132, "eval_samples_per_second": 305.392, "eval_steps_per_second": 38.299, "epoch": 4.0, "step": 1080}, {"eval_loss": 0.29646313190460205, "eval_precision": 0.5456790123456791, "eval_recall": 0.5039908779931584, "eval_f1": 0.5240071132187315, "eval_accuracy": 0.9527136570678607, "eval_runtime": 5.0168, "eval_samples_per_second": 305.173, "eval_steps_per_second": 38.271, "epoch": 8.0, "step": 2160}, {"eval_loss": 0.3222202956676483, "eval_precision": 0.53309265944645, "eval_recall": 0.5051311288483467, "eval_f1": 0.5187353629976581, "eval_accuracy": 0.9520574384312515, "eval_runtime": 5.012, "eval_samples_per_second": 305.466, "eval_steps_per_second": 38.308, "epoch": 9.0, "step": 2430}, {"eval_loss": 0.284745454788208, "eval_precision": 0.5272511848341233, "eval_recall": 0.507411630558723, "eval_f1": 0.5171411969785009, "eval_accuracy": 0.9512854165058288, "eval_runtime": 5.0094, "eval_samples_per_second": 305.623, "eval_steps_per_second": 38.328, "epoch": 7.0, "step": 1890}, {"eval_loss": 0.14390267431735992, "eval_precision": 0.5624142661179699, "eval_recall": 0.467502850627138, "eval_f1": 0.5105853051058531, "eval_accuracy": 0.9523276461051494, "eval_runtime": 5.0643, "eval_samples_per_second": 302.312, "eval_steps_per_second": 37.912, "epoch": 1.0, "step": 270}, {"eval_loss": 0.16551005840301514, "eval_precision": 0.5566037735849056, "eval_recall": 0.4709236031927024, "eval_f1": 0.5101914762198887, "eval_accuracy": 0.9521346406237937, "eval_runtime": 5.0132, "eval_samples_per_second": 305.392, "eval_steps_per_second": 38.299, "epoch": 2.0, "step": 540}, {"eval_loss": 0.18801219761371613, "eval_precision": 0.4826862539349423, "eval_recall": 0.5245153933865451, "eval_f1": 0.5027322404371585, "eval_accuracy": 0.9503589901953216, "eval_runtime": 5.0129, "eval_samples_per_second": 305.415, "eval_steps_per_second": 38.302, "epoch": 3.0, "step": 810}, {"eval_loss": 0.27899280190467834, "eval_precision": 0.535483870967742, "eval_recall": 0.4732041049030787, "eval_f1": 0.5024213075060533, "eval_accuracy": 0.9519030340461669, "eval_runtime": 5.0487, "eval_samples_per_second": 303.246, "eval_steps_per_second": 38.03, "epoch": 6.0, "step": 1620}, {"eval_loss": 0.26333165168762207, "eval_precision": 0.4947856315179606, "eval_recall": 0.4868871151653364, "eval_f1": 0.49080459770114937, "eval_accuracy": 0.9509380066393885, "eval_runtime": 5.0127, "eval_samples_per_second": 305.427, "eval_steps_per_second": 38.303, "epoch": 5.0, "step": 1350}]}