{"timestamp": "08161327", "num_seeds": 5, "task": "tsa-intensity", "model_shortname": "NorBERT_3_small", "machinery": "fox", "args_dict": {"model_name_or_path": "ltg/norbert3-small", "dataset_name": "data/tsa_intensity", "seed": 101, "per_device_train_batch_size": 32, "task_name": "08161327_tsa-intensity_NorBERT_3_small", "output_dir": "/cluster/work/projects/ec30/egilron/tsa-hf/08161327_tsa-intensity_NorBERT_3_small", "overwrite_cache": true, "overwrite_output_dir": true, "do_train": true, "num_train_epochs": 16, "do_eval": true, "return_entity_level_metrics": false, "use_auth_token": false, "logging_strategy": "epoch", "save_strategy": "epoch", "evaluation_strategy": "epoch", "save_total_limit": 1, "load_best_model_at_end": true, "label_column_name": "tsa_tags", "disable_tqdm": true, "do_predict": true, "text_column_name": "tokens", "learning_rate": 0.0001}, "best_epoch": 16, "train_epochs_val": [{"eval_loss": 0.4704037308692932, "eval_precision": 0.26666666666666666, "eval_recall": 0.2782212086659065, "eval_f1": 0.27232142857142855, "eval_accuracy": 0.9334517100285649, "eval_runtime": 2.9813, "eval_samples_per_second": 513.539, "eval_steps_per_second": 64.402, "epoch": 16.0, "step": 4320}, {"eval_loss": 0.4681580364704132, "eval_precision": 0.26512651265126513, "eval_recall": 0.2748004561003421, "eval_f1": 0.2698768197088466, "eval_accuracy": 0.9328726935844978, "eval_runtime": 2.9833, "eval_samples_per_second": 513.198, "eval_steps_per_second": 64.359, "epoch": 14.0, "step": 3780}, {"eval_loss": 0.46925708651542664, "eval_precision": 0.26332970620239393, "eval_recall": 0.2759407069555302, "eval_f1": 0.26948775055679286, "eval_accuracy": 0.93294989577704, "eval_runtime": 2.9905, "eval_samples_per_second": 511.948, "eval_steps_per_second": 64.203, "epoch": 15.0, "step": 4050}, {"eval_loss": 0.4612888693809509, "eval_precision": 0.2715617715617716, "eval_recall": 0.26567844925883694, "eval_f1": 0.2685878962536023, "eval_accuracy": 0.9340693275689029, "eval_runtime": 2.9891, "eval_samples_per_second": 512.188, "eval_steps_per_second": 64.233, "epoch": 13.0, "step": 3510}, {"eval_loss": 0.24191118776798248, "eval_precision": 0.25950054288816504, "eval_recall": 0.2725199543899658, "eval_f1": 0.26585094549499444, "eval_accuracy": 0.9348799505905968, "eval_runtime": 2.9866, "eval_samples_per_second": 512.623, "eval_steps_per_second": 64.287, "epoch": 3.0, "step": 810}, {"eval_loss": 0.4493643343448639, "eval_precision": 0.2528977871443625, "eval_recall": 0.27366020524515394, "eval_f1": 0.2628696604600219, "eval_accuracy": 0.932370879332973, "eval_runtime": 2.981, "eval_samples_per_second": 513.591, "eval_steps_per_second": 64.409, "epoch": 12.0, "step": 3240}, {"eval_loss": 0.4380699396133423, "eval_precision": 0.25, "eval_recall": 0.27708095781071834, "eval_f1": 0.26284478096268254, "eval_accuracy": 0.9310198409634833, "eval_runtime": 2.9833, "eval_samples_per_second": 513.194, "eval_steps_per_second": 64.359, "epoch": 11.0, "step": 2970}, {"eval_loss": 0.39287465810775757, "eval_precision": 0.24841437632135308, "eval_recall": 0.26795895096921324, "eval_f1": 0.25781678551837633, "eval_accuracy": 0.932332278236702, "eval_runtime": 2.992, "eval_samples_per_second": 511.696, "eval_steps_per_second": 64.171, "epoch": 9.0, "step": 2430}, {"eval_loss": 0.3896433413028717, "eval_precision": 0.2358036573628489, "eval_recall": 0.27936145952109465, "eval_f1": 0.255741127348643, "eval_accuracy": 0.926889523662472, "eval_runtime": 2.9883, "eval_samples_per_second": 512.324, "eval_steps_per_second": 64.25, "epoch": 8.0, "step": 2160}, {"eval_loss": 0.31069424748420715, "eval_precision": 0.24703344120819848, "eval_recall": 0.2611174458380844, "eval_f1": 0.25388026607538805, "eval_accuracy": 0.9293985949200957, "eval_runtime": 2.9936, "eval_samples_per_second": 511.416, "eval_steps_per_second": 64.136, "epoch": 5.0, "step": 1350}, {"eval_loss": 0.4261508882045746, "eval_precision": 0.2523148148148148, "eval_recall": 0.24857468643101482, "eval_f1": 0.2504307869040781, "eval_accuracy": 0.9336061144136494, "eval_runtime": 2.9813, "eval_samples_per_second": 513.534, "eval_steps_per_second": 64.401, "epoch": 10.0, "step": 2700}, {"eval_loss": 0.36582717299461365, "eval_precision": 0.22788461538461538, "eval_recall": 0.2702394526795895, "eval_f1": 0.24726134585289516, "eval_accuracy": 0.9295529993051803, "eval_runtime": 2.9952, "eval_samples_per_second": 511.149, "eval_steps_per_second": 64.102, "epoch": 7.0, "step": 1890}, {"eval_loss": 0.27745306491851807, "eval_precision": 0.2208029197080292, "eval_recall": 0.2759407069555302, "eval_f1": 0.2453117080587937, "eval_accuracy": 0.9283563653207751, "eval_runtime": 2.9943, "eval_samples_per_second": 511.312, "eval_steps_per_second": 64.123, "epoch": 4.0, "step": 1080}, {"eval_loss": 0.3440297842025757, "eval_precision": 0.23793859649122806, "eval_recall": 0.24743443557582667, "eval_f1": 0.24259362772498602, "eval_accuracy": 0.9333359067397514, "eval_runtime": 2.9822, "eval_samples_per_second": 513.378, "eval_steps_per_second": 64.382, "epoch": 6.0, "step": 1620}, {"eval_loss": 0.2214786559343338, "eval_precision": 0.24918032786885247, "eval_recall": 0.1733181299885975, "eval_f1": 0.20443846671149968, "eval_accuracy": 0.9384698525438122, "eval_runtime": 2.9882, "eval_samples_per_second": 512.346, "eval_steps_per_second": 64.252, "epoch": 2.0, "step": 540}, {"eval_loss": 0.2228221893310547, "eval_precision": 0.21669980119284293, "eval_recall": 0.12428734321550741, "eval_f1": 0.15797101449275364, "eval_accuracy": 0.9381996448699143, "eval_runtime": 2.9899, "eval_samples_per_second": 512.059, "eval_steps_per_second": 64.216, "epoch": 1.0, "step": 270}]}