{"timestamp": "08161327", "num_seeds": 5, "task": "tsa-intensity", "model_shortname": "NB-Roberta_base", "machinery": "fox", "args_dict": {"model_name_or_path": "NbAiLab/nb-roberta-base-ncc-plus-scandi-1e4", "dataset_name": "data/tsa_intensity", "seed": 101, "per_device_train_batch_size": 64, "task_name": "08161327_tsa-intensity_NB-Roberta_base", "output_dir": "/cluster/work/projects/ec30/egilron/tsa-hf/08161327_tsa-intensity_NB-Roberta_base", "overwrite_cache": true, "overwrite_output_dir": true, "do_train": true, "num_train_epochs": 16, "do_eval": true, "return_entity_level_metrics": false, "use_auth_token": false, "logging_strategy": "epoch", "save_strategy": "epoch", "evaluation_strategy": "epoch", "save_total_limit": 1, "load_best_model_at_end": true, "label_column_name": "tsa_tags", "disable_tqdm": true, "do_predict": true, "text_column_name": "tokens", "learning_rate": 5e-05}, "best_epoch": 12, "train_epochs_val": [{"eval_loss": 0.39630410075187683, "eval_precision": 0.2744539411206078, "eval_recall": 0.3295324971493729, "eval_f1": 0.2994818652849741, "eval_accuracy": 0.9301320157492473, "eval_runtime": 2.3211, "eval_samples_per_second": 659.603, "eval_steps_per_second": 82.72, "epoch": 12.0, "step": 1620}, {"eval_loss": 0.347421795129776, "eval_precision": 0.30424528301886794, "eval_recall": 0.29418472063854045, "eval_f1": 0.2991304347826087, "eval_accuracy": 0.937273218559407, "eval_runtime": 2.3198, "eval_samples_per_second": 659.959, "eval_steps_per_second": 82.764, "epoch": 10.0, "step": 1350}, {"eval_loss": 0.4017794728279114, "eval_precision": 0.2810920121334681, "eval_recall": 0.3169897377423033, "eval_f1": 0.2979635584137192, "eval_accuracy": 0.9324866826217865, "eval_runtime": 2.3155, "eval_samples_per_second": 661.202, "eval_steps_per_second": 82.92, "epoch": 16.0, "step": 2160}, {"eval_loss": 0.39928799867630005, "eval_precision": 0.28249744114636643, "eval_recall": 0.314709236031927, "eval_f1": 0.2977346278317152, "eval_accuracy": 0.932370879332973, "eval_runtime": 2.3282, "eval_samples_per_second": 657.59, "eval_steps_per_second": 82.467, "epoch": 14.0, "step": 1890}, {"eval_loss": 0.40324854850769043, "eval_precision": 0.27345309381237526, "eval_recall": 0.3124287343215507, "eval_f1": 0.2916444917509313, "eval_accuracy": 0.9314444530224658, "eval_runtime": 2.3219, "eval_samples_per_second": 659.369, "eval_steps_per_second": 82.69, "epoch": 15.0, "step": 2025}, {"eval_loss": 0.3934425115585327, "eval_precision": 0.27328556806550663, "eval_recall": 0.30444697833523376, "eval_f1": 0.28802588996763756, "eval_accuracy": 0.9319076661777195, "eval_runtime": 2.3208, "eval_samples_per_second": 659.686, "eval_steps_per_second": 82.73, "epoch": 13.0, "step": 1755}, {"eval_loss": 0.3033667206764221, "eval_precision": 0.24661246612466126, "eval_recall": 0.3112884834663626, "eval_f1": 0.2752016129032258, "eval_accuracy": 0.9273141357214545, "eval_runtime": 2.3245, "eval_samples_per_second": 658.631, "eval_steps_per_second": 82.598, "epoch": 7.0, "step": 945}, {"eval_loss": 0.3442232012748718, "eval_precision": 0.23373493975903614, "eval_recall": 0.33181299885974913, "eval_f1": 0.27426955702167766, "eval_accuracy": 0.9239172392495947, "eval_runtime": 2.383, "eval_samples_per_second": 642.475, "eval_steps_per_second": 80.572, "epoch": 9.0, "step": 1215}, {"eval_loss": 0.32086437940597534, "eval_precision": 0.2531400966183575, "eval_recall": 0.29874572405929306, "eval_f1": 0.27405857740585776, "eval_accuracy": 0.9283949664170462, "eval_runtime": 2.3271, "eval_samples_per_second": 657.889, "eval_steps_per_second": 82.505, "epoch": 8.0, "step": 1080}, {"eval_loss": 0.3659030795097351, "eval_precision": 0.24688995215311005, "eval_recall": 0.29418472063854045, "eval_f1": 0.26847034339229975, "eval_accuracy": 0.9285107697058597, "eval_runtime": 2.3253, "eval_samples_per_second": 658.42, "eval_steps_per_second": 82.571, "epoch": 11.0, "step": 1485}, {"eval_loss": 0.2331962287425995, "eval_precision": 0.27163461538461536, "eval_recall": 0.2576966932725199, "eval_f1": 0.26448215330602687, "eval_accuracy": 0.9364239944414421, "eval_runtime": 2.3184, "eval_samples_per_second": 660.378, "eval_steps_per_second": 82.817, "epoch": 4.0, "step": 540}, {"eval_loss": 0.27464035153388977, "eval_precision": 0.23346693386773548, "eval_recall": 0.26567844925883694, "eval_f1": 0.24853333333333336, "eval_accuracy": 0.9291283872461978, "eval_runtime": 2.3254, "eval_samples_per_second": 658.367, "eval_steps_per_second": 82.565, "epoch": 6.0, "step": 810}, {"eval_loss": 0.2471352517604828, "eval_precision": 0.27125506072874495, "eval_recall": 0.2291904218928164, "eval_f1": 0.24845488257107537, "eval_accuracy": 0.9383540492549989, "eval_runtime": 2.3204, "eval_samples_per_second": 659.786, "eval_steps_per_second": 82.743, "epoch": 5.0, "step": 675}, {"eval_loss": 0.22006326913833618, "eval_precision": 0.25925925925925924, "eval_recall": 0.21550741163055873, "eval_f1": 0.23536737235367375, "eval_accuracy": 0.9376206284258473, "eval_runtime": 2.3232, "eval_samples_per_second": 659.002, "eval_steps_per_second": 82.644, "epoch": 3.0, "step": 405}, {"eval_loss": 0.23013794422149658, "eval_precision": 0.24124513618677043, "eval_recall": 0.14139110604332952, "eval_f1": 0.17828900071890727, "eval_accuracy": 0.9368872075966957, "eval_runtime": 2.3159, "eval_samples_per_second": 661.096, "eval_steps_per_second": 82.907, "epoch": 2.0, "step": 270}, {"eval_loss": 0.25792166590690613, "eval_precision": 0.19060773480662985, "eval_recall": 0.07867730900798175, "eval_f1": 0.11138014527845036, "eval_accuracy": 0.9352659615533081, "eval_runtime": 2.3298, "eval_samples_per_second": 657.151, "eval_steps_per_second": 82.412, "epoch": 1.0, "step": 135}]}