{"timestamp": "08161327", "num_seeds": 5, "task": "tsa-intensity", "model_shortname": "NorBERT_3_base", "machinery": "fox", "args_dict": {"model_name_or_path": "ltg/norbert3-base", "dataset_name": "data/tsa_intensity", "seed": 101, "per_device_train_batch_size": 32, "task_name": "08161327_tsa-intensity_NorBERT_3_base", "output_dir": "/cluster/work/projects/ec30/egilron/tsa-hf/08161327_tsa-intensity_NorBERT_3_base", "overwrite_cache": true, "overwrite_output_dir": true, "do_train": true, "num_train_epochs": 16, "do_eval": true, "return_entity_level_metrics": false, "use_auth_token": false, "logging_strategy": "epoch", "save_strategy": "epoch", "evaluation_strategy": "epoch", "save_total_limit": 1, "load_best_model_at_end": true, "label_column_name": "tsa_tags", "disable_tqdm": true, "do_predict": true, "text_column_name": "tokens", "learning_rate": 0.0001}, "best_epoch": 7, "train_epochs_val": [{"eval_loss": 0.41747918725013733, "eval_precision": 0.30227518959913324, "eval_recall": 0.3181299885974915, "eval_f1": 0.31, "eval_accuracy": 0.937234617463136, "eval_runtime": 3.0139, "eval_samples_per_second": 507.98, "eval_steps_per_second": 63.705, "epoch": 7.0, "step": 1890}, {"eval_loss": 0.48518094420433044, "eval_precision": 0.31363088057901084, "eval_recall": 0.29646522234891676, "eval_f1": 0.3048065650644783, "eval_accuracy": 0.9385856558326257, "eval_runtime": 3.0184, "eval_samples_per_second": 507.216, "eval_steps_per_second": 63.609, "epoch": 12.0, "step": 3240}, {"eval_loss": 0.38610777258872986, "eval_precision": 0.29073482428115016, "eval_recall": 0.3112884834663626, "eval_f1": 0.30066079295154186, "eval_accuracy": 0.9358835790936463, "eval_runtime": 3.0185, "eval_samples_per_second": 507.205, "eval_steps_per_second": 63.608, "epoch": 6.0, "step": 1620}, {"eval_loss": 0.27372562885284424, "eval_precision": 0.30186480186480186, "eval_recall": 0.2953249714937286, "eval_f1": 0.29855907780979823, "eval_accuracy": 0.9392032733729638, "eval_runtime": 3.0202, "eval_samples_per_second": 506.917, "eval_steps_per_second": 63.572, "epoch": 3.0, "step": 810}, {"eval_loss": 0.4922577738761902, "eval_precision": 0.3074074074074074, "eval_recall": 0.2839224629418472, "eval_f1": 0.29519857735625366, "eval_accuracy": 0.9392032733729638, "eval_runtime": 3.0206, "eval_samples_per_second": 506.856, "eval_steps_per_second": 63.564, "epoch": 13.0, "step": 3510}, {"eval_loss": 0.4977501630783081, "eval_precision": 0.29799764428739695, "eval_recall": 0.28848346636259975, "eval_f1": 0.29316338354577054, "eval_accuracy": 0.9377364317146607, "eval_runtime": 3.0172, "eval_samples_per_second": 507.432, "eval_steps_per_second": 63.636, "epoch": 16.0, "step": 4320}, {"eval_loss": 0.42755207419395447, "eval_precision": 0.28650442477876104, "eval_recall": 0.2953249714937286, "eval_f1": 0.29084783829309374, "eval_accuracy": 0.936076584575002, "eval_runtime": 3.0152, "eval_samples_per_second": 507.753, "eval_steps_per_second": 63.676, "epoch": 9.0, "step": 2430}, {"eval_loss": 0.21414786577224731, "eval_precision": 0.28698553948832034, "eval_recall": 0.29418472063854045, "eval_f1": 0.2905405405405405, "eval_accuracy": 0.9369258086929669, "eval_runtime": 3.0199, "eval_samples_per_second": 506.977, "eval_steps_per_second": 63.579, "epoch": 2.0, "step": 540}, {"eval_loss": 0.4945058822631836, "eval_precision": 0.2908045977011494, "eval_recall": 0.28848346636259975, "eval_f1": 0.28963938179736687, "eval_accuracy": 0.9373504207519494, "eval_runtime": 3.0197, "eval_samples_per_second": 507.002, "eval_steps_per_second": 63.582, "epoch": 15.0, "step": 4050}, {"eval_loss": 0.47349920868873596, "eval_precision": 0.29009433962264153, "eval_recall": 0.2805017103762828, "eval_f1": 0.28521739130434787, "eval_accuracy": 0.9374662240407627, "eval_runtime": 3.0216, "eval_samples_per_second": 506.679, "eval_steps_per_second": 63.542, "epoch": 11.0, "step": 2970}, {"eval_loss": 0.3200532793998718, "eval_precision": 0.285385500575374, "eval_recall": 0.28278221208665905, "eval_f1": 0.284077892325315, "eval_accuracy": 0.9362695900563576, "eval_runtime": 3.0214, "eval_samples_per_second": 506.718, "eval_steps_per_second": 63.547, "epoch": 4.0, "step": 1080}, {"eval_loss": 0.49545061588287354, "eval_precision": 0.29075425790754256, "eval_recall": 0.2725199543899658, "eval_f1": 0.2813419658622719, "eval_accuracy": 0.93839265035127, "eval_runtime": 3.0176, "eval_samples_per_second": 507.364, "eval_steps_per_second": 63.628, "epoch": 14.0, "step": 3780}, {"eval_loss": 0.458705872297287, "eval_precision": 0.2932330827067669, "eval_recall": 0.2668187001140251, "eval_f1": 0.2794029850746268, "eval_accuracy": 0.9381996448699143, "eval_runtime": 3.0162, "eval_samples_per_second": 507.588, "eval_steps_per_second": 63.656, "epoch": 10.0, "step": 2700}, {"eval_loss": 0.4233965277671814, "eval_precision": 0.2754285714285714, "eval_recall": 0.2748004561003421, "eval_f1": 0.2751141552511416, "eval_accuracy": 0.9374276229444917, "eval_runtime": 3.0142, "eval_samples_per_second": 507.937, "eval_steps_per_second": 63.699, "epoch": 8.0, "step": 2160}, {"eval_loss": 0.37727946043014526, "eval_precision": 0.2700228832951945, "eval_recall": 0.2690992018244014, "eval_f1": 0.26956025128498, "eval_accuracy": 0.9358835790936463, "eval_runtime": 3.0175, "eval_samples_per_second": 507.372, "eval_steps_per_second": 63.629, "epoch": 5.0, "step": 1350}, {"eval_loss": 0.20182041823863983, "eval_precision": 0.2956152758132956, "eval_recall": 0.23831242873432154, "eval_f1": 0.2638888888888889, "eval_accuracy": 0.9419053501119432, "eval_runtime": 3.0328, "eval_samples_per_second": 504.806, "eval_steps_per_second": 63.307, "epoch": 1.0, "step": 270}]}