{"timestamp": "08161531", "num_seeds": 5, "task": "tsa-bin", "model_shortname": "NorBERT_3_base", "machinery": "fox", "args_dict": {"model_name_or_path": "ltg/norbert3-base", "dataset_name": "data/tsa_binary", "seed": 101, "per_device_train_batch_size": 32, "task_name": "08161531_tsa-bin_NorBERT_3_base", "output_dir": "/cluster/work/projects/ec30/egilron/tsa-hf/08161531_tsa-bin_NorBERT_3_base", "overwrite_cache": true, "overwrite_output_dir": true, "do_train": true, "num_train_epochs": 16, "do_eval": true, "return_entity_level_metrics": false, "use_auth_token": false, "logging_strategy": "epoch", "save_strategy": "epoch", "evaluation_strategy": "epoch", "save_total_limit": 1, "load_best_model_at_end": true, "label_column_name": "tsa_tags", "disable_tqdm": true, "do_predict": true, "text_column_name": "tokens", "learning_rate": 1e-05}, "best_epoch": 7, "train_epochs_val": [{"eval_loss": 0.20437091588974, "eval_precision": 0.5005107252298263, "eval_recall": 0.5587229190421893, "eval_f1": 0.5280172413793104, "eval_accuracy": 0.950783602254304, "eval_runtime": 3.0184, "eval_samples_per_second": 507.222, "eval_steps_per_second": 63.61, "epoch": 7.0, "step": 1890}, {"eval_loss": 0.24901534616947174, "eval_precision": 0.5164835164835165, "eval_recall": 0.5359179019384265, "eval_f1": 0.5260212646894236, "eval_accuracy": 0.9511696132170153, "eval_runtime": 3.0197, "eval_samples_per_second": 507.009, "eval_steps_per_second": 63.583, "epoch": 10.0, "step": 2700}, {"eval_loss": 0.2722436189651489, "eval_precision": 0.510314875135722, "eval_recall": 0.5359179019384265, "eval_f1": 0.5228031145717464, "eval_accuracy": 0.9508222033505751, "eval_runtime": 3.0199, "eval_samples_per_second": 506.964, "eval_steps_per_second": 63.578, "epoch": 12.0, "step": 3240}, {"eval_loss": 0.28517791628837585, "eval_precision": 0.5173572228443449, "eval_recall": 0.5267958950969214, "eval_f1": 0.5220338983050848, "eval_accuracy": 0.9511696132170153, "eval_runtime": 3.0192, "eval_samples_per_second": 507.081, "eval_steps_per_second": 63.592, "epoch": 14.0, "step": 3780}, {"eval_loss": 0.22514453530311584, "eval_precision": 0.4963954685890834, "eval_recall": 0.5496009122006842, "eval_f1": 0.5216450216450217, "eval_accuracy": 0.9505905967729483, "eval_runtime": 3.0201, "eval_samples_per_second": 506.932, "eval_steps_per_second": 63.573, "epoch": 8.0, "step": 2160}, {"eval_loss": 0.2758985161781311, "eval_precision": 0.5121951219512195, "eval_recall": 0.5267958950969214, "eval_f1": 0.5193929173693086, "eval_accuracy": 0.950783602254304, "eval_runtime": 3.0222, "eval_samples_per_second": 506.577, "eval_steps_per_second": 63.529, "epoch": 13.0, "step": 3510}, {"eval_loss": 0.16305504739284515, "eval_precision": 0.5127919911012235, "eval_recall": 0.5256556442417332, "eval_f1": 0.5191441441441442, "eval_accuracy": 0.9524820504902339, "eval_runtime": 3.0255, "eval_samples_per_second": 506.03, "eval_steps_per_second": 63.46, "epoch": 4.0, "step": 1080}, {"eval_loss": 0.26229241490364075, "eval_precision": 0.5133928571428571, "eval_recall": 0.5245153933865451, "eval_f1": 0.5188945290468133, "eval_accuracy": 0.9514784219871845, "eval_runtime": 3.0128, "eval_samples_per_second": 508.164, "eval_steps_per_second": 63.728, "epoch": 11.0, "step": 2970}, {"eval_loss": 0.28297141194343567, "eval_precision": 0.5037756202804746, "eval_recall": 0.5324971493728621, "eval_f1": 0.5177383592017738, "eval_accuracy": 0.9498957770400679, "eval_runtime": 3.0213, "eval_samples_per_second": 506.73, "eval_steps_per_second": 63.548, "epoch": 15.0, "step": 4050}, {"eval_loss": 0.2864432632923126, "eval_precision": 0.5072142064372919, "eval_recall": 0.5210946408209807, "eval_f1": 0.5140607424071992, "eval_accuracy": 0.9505905967729483, "eval_runtime": 3.0175, "eval_samples_per_second": 507.366, "eval_steps_per_second": 63.628, "epoch": 16.0, "step": 4320}, {"eval_loss": 0.23761983215808868, "eval_precision": 0.4881808838643371, "eval_recall": 0.5416191562143672, "eval_f1": 0.5135135135135136, "eval_accuracy": 0.9498957770400679, "eval_runtime": 3.0205, "eval_samples_per_second": 506.861, "eval_steps_per_second": 63.565, "epoch": 9.0, "step": 2430}, {"eval_loss": 0.19748292863368988, "eval_precision": 0.5143513203214696, "eval_recall": 0.5108323831242874, "eval_f1": 0.5125858123569794, "eval_accuracy": 0.9498957770400679, "eval_runtime": 3.0173, "eval_samples_per_second": 507.41, "eval_steps_per_second": 63.633, "epoch": 6.0, "step": 1620}, {"eval_loss": 0.1826668679714203, "eval_precision": 0.5136741973840666, "eval_recall": 0.4925883694412771, "eval_f1": 0.5029103608847497, "eval_accuracy": 0.9520960395275225, "eval_runtime": 3.0199, "eval_samples_per_second": 506.966, "eval_steps_per_second": 63.578, "epoch": 5.0, "step": 1350}, {"eval_loss": 0.14415685832500458, "eval_precision": 0.4933920704845815, "eval_recall": 0.5108323831242874, "eval_f1": 0.5019607843137255, "eval_accuracy": 0.951941635142438, "eval_runtime": 3.0206, "eval_samples_per_second": 506.849, "eval_steps_per_second": 63.563, "epoch": 3.0, "step": 810}, {"eval_loss": 0.1399356722831726, "eval_precision": 0.5098765432098765, "eval_recall": 0.4709236031927024, "eval_f1": 0.4896265560165975, "eval_accuracy": 0.9534470778970123, "eval_runtime": 3.0196, "eval_samples_per_second": 507.018, "eval_steps_per_second": 63.584, "epoch": 2.0, "step": 540}, {"eval_loss": 0.16084717214107513, "eval_precision": 0.41818181818181815, "eval_recall": 0.41961231470923605, "eval_f1": 0.41889584519066586, "eval_accuracy": 0.9471550992048174, "eval_runtime": 3.0322, "eval_samples_per_second": 504.913, "eval_steps_per_second": 63.32, "epoch": 1.0, "step": 270}]}