{"timestamp": "08161327", "num_seeds": 5, "task": "tsa-intensity", "model_shortname": "NB-Roberta_base", "machinery": "fox", "args_dict": {"model_name_or_path": "NbAiLab/nb-roberta-base-ncc-plus-scandi-1e4", "dataset_name": "data/tsa_intensity", "seed": 101, "per_device_train_batch_size": 32, "task_name": "08161327_tsa-intensity_NB-Roberta_base", "output_dir": "/cluster/work/projects/ec30/egilron/tsa-hf/08161327_tsa-intensity_NB-Roberta_base", "overwrite_cache": true, "overwrite_output_dir": true, "do_train": true, "num_train_epochs": 16, "do_eval": true, "return_entity_level_metrics": false, "use_auth_token": false, "logging_strategy": "epoch", "save_strategy": "epoch", "evaluation_strategy": "epoch", "save_total_limit": 1, "load_best_model_at_end": true, "label_column_name": "tsa_tags", "disable_tqdm": true, "do_predict": true, "text_column_name": "tokens", "learning_rate": 1e-05}, "best_epoch": 11, "train_epochs_val": [{"eval_loss": 0.264244943857193, "eval_precision": 0.2641843971631206, "eval_recall": 0.33979475484606614, "eval_f1": 0.2972568578553616, "eval_accuracy": 0.9307882343858566, "eval_runtime": 2.3057, "eval_samples_per_second": 664.019, "eval_steps_per_second": 83.273, "epoch": 11.0, "step": 2970}, {"eval_loss": 0.27721819281578064, "eval_precision": 0.2648945921173236, "eval_recall": 0.3295324971493729, "eval_f1": 0.2936991869918699, "eval_accuracy": 0.9309426387709411, "eval_runtime": 2.3099, "eval_samples_per_second": 662.799, "eval_steps_per_second": 83.121, "epoch": 15.0, "step": 4050}, {"eval_loss": 0.26742586493492126, "eval_precision": 0.2779519331243469, "eval_recall": 0.3033067274800456, "eval_f1": 0.2900763358778626, "eval_accuracy": 0.9355361692272061, "eval_runtime": 2.3116, "eval_samples_per_second": 662.311, "eval_steps_per_second": 83.059, "epoch": 13.0, "step": 3510}, {"eval_loss": 0.27664461731910706, "eval_precision": 0.2620624408703879, "eval_recall": 0.31584948688711517, "eval_f1": 0.28645294725956566, "eval_accuracy": 0.9316760596000926, "eval_runtime": 2.3049, "eval_samples_per_second": 664.23, "eval_steps_per_second": 83.3, "epoch": 16.0, "step": 4320}, {"eval_loss": 0.27549439668655396, "eval_precision": 0.26204238921001927, "eval_recall": 0.31014823261117447, "eval_f1": 0.2840731070496083, "eval_accuracy": 0.9322936771404308, "eval_runtime": 2.3151, "eval_samples_per_second": 661.323, "eval_steps_per_second": 82.935, "epoch": 14.0, "step": 3780}, {"eval_loss": 0.2527240514755249, "eval_precision": 0.2556390977443609, "eval_recall": 0.31014823261117447, "eval_f1": 0.2802679031427099, "eval_accuracy": 0.9311742453485679, "eval_runtime": 2.3056, "eval_samples_per_second": 664.038, "eval_steps_per_second": 83.276, "epoch": 9.0, "step": 2430}, {"eval_loss": 0.27104517817497253, "eval_precision": 0.2471213463241807, "eval_recall": 0.3181299885974915, "eval_f1": 0.27816550348953145, "eval_accuracy": 0.9302092179417896, "eval_runtime": 2.3102, "eval_samples_per_second": 662.727, "eval_steps_per_second": 83.111, "epoch": 12.0, "step": 3240}, {"eval_loss": 0.2469911426305771, "eval_precision": 0.2456778889899909, "eval_recall": 0.30786773090079816, "eval_f1": 0.2732793522267206, "eval_accuracy": 0.9301320157492473, "eval_runtime": 2.3082, "eval_samples_per_second": 663.286, "eval_steps_per_second": 83.182, "epoch": 8.0, "step": 2160}, {"eval_loss": 0.23515291512012482, "eval_precision": 0.24857685009487665, "eval_recall": 0.29874572405929306, "eval_f1": 0.2713619886069394, "eval_accuracy": 0.933799119895005, "eval_runtime": 2.3077, "eval_samples_per_second": 663.432, "eval_steps_per_second": 83.2, "epoch": 7.0, "step": 1890}, {"eval_loss": 0.26360079646110535, "eval_precision": 0.2478713339640492, "eval_recall": 0.29874572405929306, "eval_f1": 0.2709410548086867, "eval_accuracy": 0.9304408245194163, "eval_runtime": 2.3628, "eval_samples_per_second": 647.967, "eval_steps_per_second": 81.26, "epoch": 10.0, "step": 2700}, {"eval_loss": 0.22631895542144775, "eval_precision": 0.2865412445730825, "eval_recall": 0.22576966932725198, "eval_f1": 0.25255102040816324, "eval_accuracy": 0.9400910985871999, "eval_runtime": 2.3091, "eval_samples_per_second": 663.04, "eval_steps_per_second": 83.151, "epoch": 6.0, "step": 1620}, {"eval_loss": 0.21926164627075195, "eval_precision": 0.25841346153846156, "eval_recall": 0.2451539338654504, "eval_f1": 0.25160912814511416, "eval_accuracy": 0.9376206284258473, "eval_runtime": 2.3077, "eval_samples_per_second": 663.427, "eval_steps_per_second": 83.199, "epoch": 4.0, "step": 1080}, {"eval_loss": 0.21697767078876495, "eval_precision": 0.26116373477672533, "eval_recall": 0.22006841505131128, "eval_f1": 0.23886138613861385, "eval_accuracy": 0.9377750328109319, "eval_runtime": 2.3039, "eval_samples_per_second": 664.52, "eval_steps_per_second": 83.336, "epoch": 5.0, "step": 1350}, {"eval_loss": 0.2190675288438797, "eval_precision": 0.22702702702702704, "eval_recall": 0.19156214367160776, "eval_f1": 0.20779220779220783, "eval_accuracy": 0.9373890218482205, "eval_runtime": 2.3101, "eval_samples_per_second": 662.74, "eval_steps_per_second": 83.113, "epoch": 3.0, "step": 810}, {"eval_loss": 0.23045802116394043, "eval_precision": 0.19361702127659575, "eval_recall": 0.10376282782212087, "eval_f1": 0.13511507052709726, "eval_accuracy": 0.9368872075966957, "eval_runtime": 2.3057, "eval_samples_per_second": 663.994, "eval_steps_per_second": 83.27, "epoch": 2.0, "step": 540}, {"eval_loss": 0.2637443244457245, "eval_precision": 0.21524663677130046, "eval_recall": 0.05473204104903079, "eval_f1": 0.08727272727272728, "eval_accuracy": 0.9349957538794101, "eval_runtime": 2.3156, "eval_samples_per_second": 661.165, "eval_steps_per_second": 82.916, "epoch": 1.0, "step": 270}]}