{"timestamp": "08161327", "num_seeds": 5, "task": "tsa-intensity", "model_shortname": "NB-BERT_large", "machinery": "fox", "args_dict": {"model_name_or_path": "NbAiLab/nb-bert-large", "dataset_name": "data/tsa_intensity", "seed": 101, "per_device_train_batch_size": 64, "task_name": "08161327_tsa-intensity_NB-BERT_large", "output_dir": "/cluster/work/projects/ec30/egilron/tsa-hf/08161327_tsa-intensity_NB-BERT_large", "overwrite_cache": true, "overwrite_output_dir": true, "do_train": true, "num_train_epochs": 16, "do_eval": true, "return_entity_level_metrics": false, "use_auth_token": false, "logging_strategy": "epoch", "save_strategy": "epoch", "evaluation_strategy": "epoch", "save_total_limit": 1, "load_best_model_at_end": true, "label_column_name": "tsa_tags", "disable_tqdm": true, "do_predict": true, "text_column_name": "tokens", "learning_rate": 5e-05}, "best_epoch": 7, "train_epochs_val": [{"eval_loss": 0.34547221660614014, "eval_precision": 0.3031423290203327, "eval_recall": 0.37400228050171036, "eval_f1": 0.33486472690148034, "eval_accuracy": 0.9392418744692349, "eval_runtime": 3.6261, "eval_samples_per_second": 422.217, "eval_steps_per_second": 52.949, "epoch": 7.0, "step": 945}, {"eval_loss": 0.4264488220214844, "eval_precision": 0.3026188166828322, "eval_recall": 0.3557582668187001, "eval_f1": 0.3270440251572327, "eval_accuracy": 0.9383154481587277, "eval_runtime": 3.6243, "eval_samples_per_second": 422.431, "eval_steps_per_second": 52.976, "epoch": 12.0, "step": 1620}, {"eval_loss": 0.21183988451957703, "eval_precision": 0.3006923837784372, "eval_recall": 0.346636259977195, "eval_f1": 0.3220338983050847, "eval_accuracy": 0.9390488689878792, "eval_runtime": 3.6261, "eval_samples_per_second": 422.217, "eval_steps_per_second": 52.95, "epoch": 3.0, "step": 405}, {"eval_loss": 0.4558689594268799, "eval_precision": 0.3067357512953368, "eval_recall": 0.33751425313568983, "eval_f1": 0.32138979370249726, "eval_accuracy": 0.9402069018760133, "eval_runtime": 3.6187, "eval_samples_per_second": 423.085, "eval_steps_per_second": 53.058, "epoch": 16.0, "step": 2160}, {"eval_loss": 0.45221149921417236, "eval_precision": 0.3047034764826176, "eval_recall": 0.33979475484606614, "eval_f1": 0.3212938005390835, "eval_accuracy": 0.9399366942021153, "eval_runtime": 3.6204, "eval_samples_per_second": 422.879, "eval_steps_per_second": 53.033, "epoch": 15.0, "step": 2025}, {"eval_loss": 0.4222884774208069, "eval_precision": 0.3170189098998888, "eval_recall": 0.3249714937286203, "eval_f1": 0.32094594594594594, "eval_accuracy": 0.9412491314753338, "eval_runtime": 3.6241, "eval_samples_per_second": 422.445, "eval_steps_per_second": 52.978, "epoch": 11.0, "step": 1485}, {"eval_loss": 0.4473748207092285, "eval_precision": 0.31277056277056275, "eval_recall": 0.3295324971493729, "eval_f1": 0.3209328151027207, "eval_accuracy": 0.9406701150312669, "eval_runtime": 3.6244, "eval_samples_per_second": 422.414, "eval_steps_per_second": 52.974, "epoch": 14.0, "step": 1890}, {"eval_loss": 0.32810813188552856, "eval_precision": 0.3093220338983051, "eval_recall": 0.3329532497149373, "eval_f1": 0.32070291048874244, "eval_accuracy": 0.9398208909133019, "eval_runtime": 3.621, "eval_samples_per_second": 422.811, "eval_steps_per_second": 53.024, "epoch": 6.0, "step": 810}, {"eval_loss": 0.40926846861839294, "eval_precision": 0.3077742279020234, "eval_recall": 0.3295324971493729, "eval_f1": 0.31828193832599116, "eval_accuracy": 0.940399907357369, "eval_runtime": 3.6227, "eval_samples_per_second": 422.607, "eval_steps_per_second": 52.998, "epoch": 10.0, "step": 1350}, {"eval_loss": 0.2526174783706665, "eval_precision": 0.2958579881656805, "eval_recall": 0.34207525655644244, "eval_f1": 0.3172924378635643, "eval_accuracy": 0.9401683007797421, "eval_runtime": 3.6256, "eval_samples_per_second": 422.274, "eval_steps_per_second": 52.957, "epoch": 4.0, "step": 540}, {"eval_loss": 0.44123443961143494, "eval_precision": 0.287593984962406, "eval_recall": 0.34891676168757124, "eval_f1": 0.31530139103554866, "eval_accuracy": 0.9367328032116112, "eval_runtime": 3.6214, "eval_samples_per_second": 422.76, "eval_steps_per_second": 53.018, "epoch": 13.0, "step": 1755}, {"eval_loss": 0.3903261721134186, "eval_precision": 0.30273224043715846, "eval_recall": 0.31584948688711517, "eval_f1": 0.30915178571428575, "eval_accuracy": 0.9401683007797421, "eval_runtime": 3.6179, "eval_samples_per_second": 423.175, "eval_steps_per_second": 53.07, "epoch": 9.0, "step": 1215}, {"eval_loss": 0.3706281781196594, "eval_precision": 0.2978723404255319, "eval_recall": 0.31927023945267957, "eval_f1": 0.30820033021463944, "eval_accuracy": 0.940399907357369, "eval_runtime": 3.6188, "eval_samples_per_second": 423.067, "eval_steps_per_second": 53.056, "epoch": 8.0, "step": 1080}, {"eval_loss": 0.2787107527256012, "eval_precision": 0.3032104637336504, "eval_recall": 0.29076396807297605, "eval_f1": 0.2968568102444703, "eval_accuracy": 0.9428703775187215, "eval_runtime": 3.6186, "eval_samples_per_second": 423.087, "eval_steps_per_second": 53.059, "epoch": 5.0, "step": 675}, {"eval_loss": 0.1980968564748764, "eval_precision": 0.28635346756152125, "eval_recall": 0.2919042189281642, "eval_f1": 0.2891022021456804, "eval_accuracy": 0.9402069018760133, "eval_runtime": 3.6285, "eval_samples_per_second": 421.943, "eval_steps_per_second": 52.915, "epoch": 2.0, "step": 270}, {"eval_loss": 0.19949893653392792, "eval_precision": 0.25285171102661597, "eval_recall": 0.3033067274800456, "eval_f1": 0.27579056505961635, "eval_accuracy": 0.9387014591214391, "eval_runtime": 3.6547, "eval_samples_per_second": 418.908, "eval_steps_per_second": 52.535, "epoch": 1.0, "step": 135}]}