{"timestamp": "08161531", "num_seeds": 5, "task": "tsa-bin", "model_shortname": "XLM-R_base", "machinery": "fox", "args_dict": {"model_name_or_path": "xlm-roberta-base", "dataset_name": "data/tsa_binary", "seed": 101, "per_device_train_batch_size": 32, "task_name": "08161531_tsa-bin_XLM-R_base", "output_dir": "/cluster/work/projects/ec30/egilron/tsa-hf/08161531_tsa-bin_XLM-R_base", "overwrite_cache": true, "overwrite_output_dir": true, "do_train": true, "num_train_epochs": 16, "do_eval": true, "return_entity_level_metrics": false, "use_auth_token": false, "logging_strategy": "epoch", "save_strategy": "epoch", "evaluation_strategy": "epoch", "save_total_limit": 1, "load_best_model_at_end": true, "label_column_name": "tsa_tags", "disable_tqdm": true, "do_predict": true, "text_column_name": "tokens", "learning_rate": 1e-05}, "best_epoch": 14, "train_epochs_val": [{"eval_loss": 0.23966214060783386, "eval_precision": 0.4476570289132602, "eval_recall": 0.5119726339794755, "eval_f1": 0.4776595744680851, "eval_accuracy": 0.9429475797112638, "eval_runtime": 2.3166, "eval_samples_per_second": 660.869, "eval_steps_per_second": 82.878, "epoch": 14.0, "step": 3780}, {"eval_loss": 0.24526488780975342, "eval_precision": 0.43380281690140843, "eval_recall": 0.5267958950969214, "eval_f1": 0.4757981462409887, "eval_accuracy": 0.9414035358604185, "eval_runtime": 2.3189, "eval_samples_per_second": 660.236, "eval_steps_per_second": 82.799, "epoch": 15.0, "step": 4050}, {"eval_loss": 0.23169811069965363, "eval_precision": 0.44747474747474747, "eval_recall": 0.5051311288483467, "eval_f1": 0.47455811462238884, "eval_accuracy": 0.9441056125993978, "eval_runtime": 2.317, "eval_samples_per_second": 660.779, "eval_steps_per_second": 82.867, "epoch": 13.0, "step": 3510}, {"eval_loss": 0.2449422925710678, "eval_precision": 0.43469971401334606, "eval_recall": 0.5199543899657925, "eval_f1": 0.4735202492211838, "eval_accuracy": 0.9417895468231298, "eval_runtime": 2.3137, "eval_samples_per_second": 661.704, "eval_steps_per_second": 82.983, "epoch": 16.0, "step": 4320}, {"eval_loss": 0.22572027146816254, "eval_precision": 0.4271123491179202, "eval_recall": 0.5245153933865451, "eval_f1": 0.4708290685772774, "eval_accuracy": 0.940978923801436, "eval_runtime": 2.3157, "eval_samples_per_second": 661.148, "eval_steps_per_second": 82.913, "epoch": 11.0, "step": 2970}, {"eval_loss": 0.2095516473054886, "eval_precision": 0.4188576609247507, "eval_recall": 0.5267958950969214, "eval_f1": 0.4666666666666667, "eval_accuracy": 0.9410561259939783, "eval_runtime": 2.3148, "eval_samples_per_second": 661.384, "eval_steps_per_second": 82.943, "epoch": 9.0, "step": 2430}, {"eval_loss": 0.1782655119895935, "eval_precision": 0.45633187772925765, "eval_recall": 0.4766248574686431, "eval_f1": 0.4662576687116564, "eval_accuracy": 0.9458426619315988, "eval_runtime": 2.3154, "eval_samples_per_second": 661.235, "eval_steps_per_second": 82.924, "epoch": 6.0, "step": 1620}, {"eval_loss": 0.22170396149158478, "eval_precision": 0.4250474383301708, "eval_recall": 0.5108323831242874, "eval_f1": 0.46400828586224757, "eval_accuracy": 0.9409017216088937, "eval_runtime": 2.3717, "eval_samples_per_second": 645.53, "eval_steps_per_second": 80.955, "epoch": 10.0, "step": 2700}, {"eval_loss": 0.2291882485151291, "eval_precision": 0.4184331797235023, "eval_recall": 0.5176738882554162, "eval_f1": 0.4627930682976554, "eval_accuracy": 0.9409403227051648, "eval_runtime": 2.3194, "eval_samples_per_second": 660.071, "eval_steps_per_second": 82.778, "epoch": 12.0, "step": 3240}, {"eval_loss": 0.2069149613380432, "eval_precision": 0.4098654708520179, "eval_recall": 0.5210946408209807, "eval_f1": 0.45883534136546184, "eval_accuracy": 0.938122442677372, "eval_runtime": 2.3176, "eval_samples_per_second": 660.585, "eval_steps_per_second": 82.843, "epoch": 8.0, "step": 2160}, {"eval_loss": 0.19432690739631653, "eval_precision": 0.408, "eval_recall": 0.5233751425313569, "eval_f1": 0.45854145854145856, "eval_accuracy": 0.9408245194163515, "eval_runtime": 2.3185, "eval_samples_per_second": 660.354, "eval_steps_per_second": 82.814, "epoch": 7.0, "step": 1890}, {"eval_loss": 0.16831836104393005, "eval_precision": 0.4418103448275862, "eval_recall": 0.467502850627138, "eval_f1": 0.4542936288088642, "eval_accuracy": 0.9454180498726164, "eval_runtime": 2.3152, "eval_samples_per_second": 661.271, "eval_steps_per_second": 82.929, "epoch": 4.0, "step": 1080}, {"eval_loss": 0.17174029350280762, "eval_precision": 0.47096774193548385, "eval_recall": 0.4161915621436716, "eval_f1": 0.44188861985472155, "eval_accuracy": 0.9477727167451555, "eval_runtime": 2.3144, "eval_samples_per_second": 661.497, "eval_steps_per_second": 82.957, "epoch": 5.0, "step": 1350}, {"eval_loss": 0.16726122796535492, "eval_precision": 0.44387096774193546, "eval_recall": 0.3922462941847206, "eval_f1": 0.4164648910411622, "eval_accuracy": 0.9460742685092257, "eval_runtime": 2.3139, "eval_samples_per_second": 661.661, "eval_steps_per_second": 82.978, "epoch": 3.0, "step": 810}, {"eval_loss": 0.17270377278327942, "eval_precision": 0.42833607907743, "eval_recall": 0.29646522234891676, "eval_f1": 0.35040431266846356, "eval_accuracy": 0.9441056125993978, "eval_runtime": 2.3139, "eval_samples_per_second": 661.664, "eval_steps_per_second": 82.978, "epoch": 2.0, "step": 540}, {"eval_loss": 0.1959856003522873, "eval_precision": 0.3382157123834887, "eval_recall": 0.2896237172177879, "eval_f1": 0.31203931203931207, "eval_accuracy": 0.9394734810468617, "eval_runtime": 2.3175, "eval_samples_per_second": 660.634, "eval_steps_per_second": 82.849, "epoch": 1.0, "step": 270}]}