{"timestamp": "08161327", "num_seeds": 5, "task": "tsa-intensity", "model_shortname": "NorBERT_3_small", "machinery": "fox", "args_dict": {"model_name_or_path": "ltg/norbert3-small", "dataset_name": "data/tsa_intensity", "seed": 101, "per_device_train_batch_size": 64, "task_name": "08161327_tsa-intensity_NorBERT_3_small", "output_dir": "/cluster/work/projects/ec30/egilron/tsa-hf/08161327_tsa-intensity_NorBERT_3_small", "overwrite_cache": true, "overwrite_output_dir": true, "do_train": true, "num_train_epochs": 16, "do_eval": true, "return_entity_level_metrics": false, "use_auth_token": false, "logging_strategy": "epoch", "save_strategy": "epoch", "evaluation_strategy": "epoch", "save_total_limit": 1, "load_best_model_at_end": true, "label_column_name": "tsa_tags", "disable_tqdm": true, "do_predict": true, "text_column_name": "tokens", "learning_rate": 1e-05}, "best_epoch": 16, "train_epochs_val": [{"eval_loss": 0.241883784532547, "eval_precision": 0.22652582159624413, "eval_recall": 0.22006841505131128, "eval_f1": 0.22325043377674955, "eval_accuracy": 0.9341079286651741, "eval_runtime": 2.968, "eval_samples_per_second": 515.829, "eval_steps_per_second": 64.689, "epoch": 16.0, "step": 2160}, {"eval_loss": 0.241737961769104, "eval_precision": 0.2244418331374853, "eval_recall": 0.217787913340935, "eval_f1": 0.22106481481481483, "eval_accuracy": 0.9334131089322937, "eval_runtime": 2.9634, "eval_samples_per_second": 516.628, "eval_steps_per_second": 64.789, "epoch": 14.0, "step": 1890}, {"eval_loss": 0.24105143547058105, "eval_precision": 0.22860635696821516, "eval_recall": 0.21322690992018245, "eval_f1": 0.22064896755162242, "eval_accuracy": 0.9351501582644947, "eval_runtime": 2.9713, "eval_samples_per_second": 515.267, "eval_steps_per_second": 64.619, "epoch": 12.0, "step": 1620}, {"eval_loss": 0.24288856983184814, "eval_precision": 0.21763392857142858, "eval_recall": 0.22234891676168758, "eval_f1": 0.21996615905245345, "eval_accuracy": 0.9328340924882267, "eval_runtime": 2.9674, "eval_samples_per_second": 515.932, "eval_steps_per_second": 64.702, "epoch": 15.0, "step": 2025}, {"eval_loss": 0.24047979712486267, "eval_precision": 0.22102747909199522, "eval_recall": 0.21094640820980615, "eval_f1": 0.21586931155192532, "eval_accuracy": 0.9348413494943256, "eval_runtime": 2.9709, "eval_samples_per_second": 515.341, "eval_steps_per_second": 64.628, "epoch": 11.0, "step": 1485}, {"eval_loss": 0.24043741822242737, "eval_precision": 0.221001221001221, "eval_recall": 0.2063854047890536, "eval_f1": 0.2134433962264151, "eval_accuracy": 0.9346483440129699, "eval_runtime": 2.9691, "eval_samples_per_second": 515.643, "eval_steps_per_second": 64.666, "epoch": 13.0, "step": 1755}, {"eval_loss": 0.23853307962417603, "eval_precision": 0.21296296296296297, "eval_recall": 0.18358038768529075, "eval_f1": 0.19718309859154928, "eval_accuracy": 0.935806376901104, "eval_runtime": 2.9623, "eval_samples_per_second": 516.821, "eval_steps_per_second": 64.814, "epoch": 10.0, "step": 1350}, {"eval_loss": 0.23664060235023499, "eval_precision": 0.21884057971014492, "eval_recall": 0.17217787913340935, "eval_f1": 0.192724952137843, "eval_accuracy": 0.9373504207519494, "eval_runtime": 3.0232, "eval_samples_per_second": 506.412, "eval_steps_per_second": 63.508, "epoch": 9.0, "step": 1215}, {"eval_loss": 0.2403094470500946, "eval_precision": 0.18147684605757197, "eval_recall": 0.1653363740022805, "eval_f1": 0.17303102625298328, "eval_accuracy": 0.933220103450938, "eval_runtime": 2.9694, "eval_samples_per_second": 515.591, "eval_steps_per_second": 64.659, "epoch": 8.0, "step": 1080}, {"eval_loss": 0.2361367642879486, "eval_precision": 0.19674556213017752, "eval_recall": 0.1516533637400228, "eval_f1": 0.17128139085640698, "eval_accuracy": 0.9365011966339845, "eval_runtime": 2.9656, "eval_samples_per_second": 516.248, "eval_steps_per_second": 64.742, "epoch": 7.0, "step": 945}, {"eval_loss": 0.23372440040111542, "eval_precision": 0.19099099099099098, "eval_recall": 0.12086659064994298, "eval_f1": 0.14804469273743015, "eval_accuracy": 0.9376592295221184, "eval_runtime": 2.9732, "eval_samples_per_second": 514.936, "eval_steps_per_second": 64.577, "epoch": 6.0, "step": 810}, {"eval_loss": 0.23725883662700653, "eval_precision": 0.1648854961832061, "eval_recall": 0.12314709236031927, "eval_f1": 0.1409921671018277, "eval_accuracy": 0.9362309889600865, "eval_runtime": 2.9734, "eval_samples_per_second": 514.9, "eval_steps_per_second": 64.573, "epoch": 5.0, "step": 675}, {"eval_loss": 0.2388579547405243, "eval_precision": 0.17279411764705882, "eval_recall": 0.10718358038768529, "eval_f1": 0.13230119634060522, "eval_accuracy": 0.9367328032116112, "eval_runtime": 2.9718, "eval_samples_per_second": 515.172, "eval_steps_per_second": 64.607, "epoch": 4.0, "step": 540}, {"eval_loss": 0.24707604944705963, "eval_precision": 0.13095238095238096, "eval_recall": 0.08779931584948689, "eval_f1": 0.10511945392491467, "eval_accuracy": 0.9347641473017834, "eval_runtime": 2.9776, "eval_samples_per_second": 514.17, "eval_steps_per_second": 64.481, "epoch": 3.0, "step": 405}, {"eval_loss": 0.26081156730651855, "eval_precision": 0.10858585858585859, "eval_recall": 0.04903078677309008, "eval_f1": 0.06755695208169678, "eval_accuracy": 0.9336447155099205, "eval_runtime": 2.9734, "eval_samples_per_second": 514.89, "eval_steps_per_second": 64.571, "epoch": 2.0, "step": 270}, {"eval_loss": 0.29262426495552063, "eval_precision": 0.07692307692307693, "eval_recall": 0.002280501710376283, "eval_f1": 0.0044296788482835, "eval_accuracy": 0.9342623330502586, "eval_runtime": 2.9804, "eval_samples_per_second": 513.694, "eval_steps_per_second": 64.422, "epoch": 1.0, "step": 135}]}