[{"loss": 0.1851, "learning_rate": 4.6875e-05, "epoch": 1.0, "step": 270}, {"eval_loss": 0.14099840819835663, "eval_precision": 0.5148188803512623, "eval_recall": 0.5347776510832383, "eval_f1": 0.5246085011185682, "eval_accuracy": 0.9524048482976917, "eval_runtime": 5.018, "eval_samples_per_second": 305.101, "eval_steps_per_second": 38.262, "epoch": 1.0, "step": 270}, {"loss": 0.0871, "learning_rate": 4.375e-05, "epoch": 2.0, "step": 540}, {"eval_loss": 0.14167016744613647, "eval_precision": 0.5269526952695269, "eval_recall": 0.5461801596351197, "eval_f1": 0.5363941769316909, "eval_accuracy": 0.9539488921485371, "eval_runtime": 4.9956, "eval_samples_per_second": 306.468, "eval_steps_per_second": 38.434, "epoch": 2.0, "step": 540}, {"loss": 0.0332, "learning_rate": 4.0625000000000005e-05, "epoch": 3.0, "step": 810}, {"eval_loss": 0.185969740152359, "eval_precision": 0.5091277890466531, "eval_recall": 0.572405929304447, "eval_f1": 0.5389157273215244, "eval_accuracy": 0.9529452636454875, "eval_runtime": 5.0027, "eval_samples_per_second": 306.038, "eval_steps_per_second": 38.38, "epoch": 3.0, "step": 810}, {"loss": 0.0135, "learning_rate": 3.7500000000000003e-05, "epoch": 4.0, "step": 1080}, {"eval_loss": 0.2131793349981308, "eval_precision": 0.556930693069307, "eval_recall": 0.5131128848346637, "eval_f1": 0.5341246290801188, "eval_accuracy": 0.9560333513471783, "eval_runtime": 5.0031, "eval_samples_per_second": 306.013, "eval_steps_per_second": 38.377, "epoch": 4.0, "step": 1080}, {"loss": 0.0059, "learning_rate": 3.4375e-05, "epoch": 5.0, "step": 1350}, {"eval_loss": 0.23037633299827576, "eval_precision": 0.5202913631633714, "eval_recall": 0.5701254275940707, "eval_f1": 0.544069640914037, "eval_accuracy": 0.9542577009187061, "eval_runtime": 4.9999, "eval_samples_per_second": 306.209, "eval_steps_per_second": 38.401, "epoch": 5.0, "step": 1350}, {"loss": 0.0035, "learning_rate": 3.125e-05, "epoch": 6.0, "step": 1620}, {"eval_loss": 0.2527726888656616, "eval_precision": 0.553770086526576, "eval_recall": 0.5108323831242874, "eval_f1": 0.531435349940688, "eval_accuracy": 0.956226356828534, "eval_runtime": 5.0471, "eval_samples_per_second": 303.342, "eval_steps_per_second": 38.042, "epoch": 6.0, "step": 1620}, {"loss": 0.0015, "learning_rate": 2.8125000000000003e-05, "epoch": 7.0, "step": 1890}, {"eval_loss": 0.2859137952327728, "eval_precision": 0.5886990801576872, "eval_recall": 0.5108323831242874, "eval_f1": 0.5470085470085471, "eval_accuracy": 0.9566895699837875, "eval_runtime": 5.0003, "eval_samples_per_second": 306.184, "eval_steps_per_second": 38.398, "epoch": 7.0, "step": 1890}, {"loss": 0.0007, "learning_rate": 2.5e-05, "epoch": 8.0, "step": 2160}, {"eval_loss": 0.3219659924507141, "eval_precision": 0.5637910085054678, "eval_recall": 0.5290763968072976, "eval_f1": 0.5458823529411764, "eval_accuracy": 0.9551455261329421, "eval_runtime": 4.9995, "eval_samples_per_second": 306.23, "eval_steps_per_second": 38.404, "epoch": 8.0, "step": 2160}, {"loss": 0.0008, "learning_rate": 2.1875e-05, "epoch": 9.0, "step": 2430}, {"eval_loss": 0.31099551916122437, "eval_precision": 0.5486618004866181, "eval_recall": 0.5142531356898518, "eval_f1": 0.5309005297233668, "eval_accuracy": 0.9544893074963329, "eval_runtime": 5.0031, "eval_samples_per_second": 306.013, "eval_steps_per_second": 38.377, "epoch": 9.0, "step": 2430}, {"loss": 0.0005, "learning_rate": 1.8750000000000002e-05, "epoch": 10.0, "step": 2700}, {"eval_loss": 0.32109805941581726, "eval_precision": 0.56575682382134, "eval_recall": 0.5199543899657925, "eval_f1": 0.5418894830659537, "eval_accuracy": 0.9561105535397205, "eval_runtime": 4.9935, "eval_samples_per_second": 306.597, "eval_steps_per_second": 38.45, "epoch": 10.0, "step": 2700}, {"loss": 0.0003, "learning_rate": 1.5625e-05, "epoch": 11.0, "step": 2970}, {"eval_loss": 0.3365854322910309, "eval_precision": 0.5953038674033149, "eval_recall": 0.49144811858608894, "eval_f1": 0.5384134915677701, "eval_accuracy": 0.9566895699837875, "eval_runtime": 4.9941, "eval_samples_per_second": 306.56, "eval_steps_per_second": 38.445, "epoch": 11.0, "step": 2970}, {"loss": 0.0004, "learning_rate": 1.25e-05, "epoch": 12.0, "step": 3240}, {"eval_loss": 0.33914026618003845, "eval_precision": 0.5566265060240964, "eval_recall": 0.5267958950969214, "eval_f1": 0.5413005272407733, "eval_accuracy": 0.955956149154636, "eval_runtime": 4.9912, "eval_samples_per_second": 306.737, "eval_steps_per_second": 38.467, "epoch": 12.0, "step": 3240}, {"loss": 0.0002, "learning_rate": 9.375000000000001e-06, "epoch": 13.0, "step": 3510}, {"eval_loss": 0.3400323987007141, "eval_precision": 0.5585798816568047, "eval_recall": 0.5381984036488028, "eval_f1": 0.5481997677119628, "eval_accuracy": 0.9559947502509071, "eval_runtime": 4.9926, "eval_samples_per_second": 306.653, "eval_steps_per_second": 38.457, "epoch": 13.0, "step": 3510}, {"loss": 0.0001, "learning_rate": 6.25e-06, "epoch": 14.0, "step": 3780}, {"eval_loss": 0.34930455684661865, "eval_precision": 0.5698529411764706, "eval_recall": 0.5302166476624858, "eval_f1": 0.5493207324276433, "eval_accuracy": 0.955956149154636, "eval_runtime": 4.9897, "eval_samples_per_second": 306.833, "eval_steps_per_second": 38.479, "epoch": 14.0, "step": 3780}, {"loss": 0.0002, "learning_rate": 3.125e-06, "epoch": 15.0, "step": 4050}, {"eval_loss": 0.3495495617389679, "eval_precision": 0.5670356703567035, "eval_recall": 0.5256556442417332, "eval_f1": 0.5455621301775148, "eval_accuracy": 0.955956149154636, "eval_runtime": 5.0054, "eval_samples_per_second": 305.872, "eval_steps_per_second": 38.359, "epoch": 15.0, "step": 4050}, {"loss": 0.0001, "learning_rate": 0.0, "epoch": 16.0, "step": 4320}, {"eval_loss": 0.34927719831466675, "eval_precision": 0.5625759416767923, "eval_recall": 0.5279361459521095, "eval_f1": 0.5447058823529412, "eval_accuracy": 0.9559175480583648, "eval_runtime": 4.9867, "eval_samples_per_second": 307.014, "eval_steps_per_second": 38.502, "epoch": 16.0, "step": 4320}, {"train_runtime": 877.7583, "train_samples_per_second": 157.383, "train_steps_per_second": 4.922, "total_flos": 1.5814869033126756e+16, "train_loss": 0.02081582781824249, "epoch": 16.0, "step": 4320}]