[{"loss": 0.2501, "learning_rate": 4.6875e-05, "epoch": 1.0, "step": 270}, {"eval_loss": 0.16792213916778564, "eval_precision": 0.3927765237020316, "eval_recall": 0.39680729760547323, "eval_f1": 0.394781622234827, "eval_accuracy": 0.9433335906739752, "eval_runtime": 2.2853, "eval_samples_per_second": 669.934, "eval_steps_per_second": 84.015, "epoch": 1.0, "step": 270}, {"loss": 0.1658, "learning_rate": 4.375e-05, "epoch": 2.0, "step": 540}, {"eval_loss": 0.1588030904531479, "eval_precision": 0.5084226646248086, "eval_recall": 0.37856328392246297, "eval_f1": 0.4339869281045752, "eval_accuracy": 0.9496641704624411, "eval_runtime": 2.2765, "eval_samples_per_second": 672.523, "eval_steps_per_second": 84.34, "epoch": 2.0, "step": 540}, {"loss": 0.119, "learning_rate": 4.0625000000000005e-05, "epoch": 3.0, "step": 810}, {"eval_loss": 0.15810365974903107, "eval_precision": 0.49436795994993743, "eval_recall": 0.45039908779931587, "eval_f1": 0.4713603818615752, "eval_accuracy": 0.9501659847139658, "eval_runtime": 2.2751, "eval_samples_per_second": 672.932, "eval_steps_per_second": 84.391, "epoch": 3.0, "step": 810}, {"loss": 0.0835, "learning_rate": 3.7500000000000003e-05, "epoch": 4.0, "step": 1080}, {"eval_loss": 0.21284577250480652, "eval_precision": 0.4133099824868651, "eval_recall": 0.5381984036488028, "eval_f1": 0.46755819712729074, "eval_accuracy": 0.9388172624102524, "eval_runtime": 2.2746, "eval_samples_per_second": 673.077, "eval_steps_per_second": 84.409, "epoch": 4.0, "step": 1080}, {"loss": 0.0609, "learning_rate": 3.4375e-05, "epoch": 5.0, "step": 1350}, {"eval_loss": 0.21078282594680786, "eval_precision": 0.40353982300884955, "eval_recall": 0.5199543899657925, "eval_f1": 0.45440956651718983, "eval_accuracy": 0.9382382459661854, "eval_runtime": 2.2799, "eval_samples_per_second": 671.527, "eval_steps_per_second": 84.215, "epoch": 5.0, "step": 1350}, {"loss": 0.0416, "learning_rate": 3.125e-05, "epoch": 6.0, "step": 1620}, {"eval_loss": 0.2586294114589691, "eval_precision": 0.4408284023668639, "eval_recall": 0.5096921322690992, "eval_f1": 0.47276573241671066, "eval_accuracy": 0.9435265961553309, "eval_runtime": 2.2771, "eval_samples_per_second": 672.336, "eval_steps_per_second": 84.316, "epoch": 6.0, "step": 1620}, {"loss": 0.0313, "learning_rate": 2.8125000000000003e-05, "epoch": 7.0, "step": 1890}, {"eval_loss": 0.2569166421890259, "eval_precision": 0.4444444444444444, "eval_recall": 0.5017103762827823, "eval_f1": 0.47134440278521694, "eval_accuracy": 0.9446460279471937, "eval_runtime": 2.276, "eval_samples_per_second": 672.659, "eval_steps_per_second": 84.357, "epoch": 7.0, "step": 1890}, {"loss": 0.0213, "learning_rate": 2.5e-05, "epoch": 8.0, "step": 2160}, {"eval_loss": 0.28217369318008423, "eval_precision": 0.39282735613010844, "eval_recall": 0.5370581527936146, "eval_f1": 0.453757225433526, "eval_accuracy": 0.9373890218482205, "eval_runtime": 2.2789, "eval_samples_per_second": 671.829, "eval_steps_per_second": 84.253, "epoch": 8.0, "step": 2160}, {"loss": 0.0163, "learning_rate": 2.1875e-05, "epoch": 9.0, "step": 2430}, {"eval_loss": 0.3017633259296417, "eval_precision": 0.4550379198266522, "eval_recall": 0.4789053591790194, "eval_f1": 0.4666666666666666, "eval_accuracy": 0.9446460279471937, "eval_runtime": 2.2769, "eval_samples_per_second": 672.411, "eval_steps_per_second": 84.326, "epoch": 9.0, "step": 2430}, {"loss": 0.0108, "learning_rate": 1.8750000000000002e-05, "epoch": 10.0, "step": 2700}, {"eval_loss": 0.33019980788230896, "eval_precision": 0.45798816568047335, "eval_recall": 0.4412770809578107, "eval_f1": 0.4494773519163763, "eval_accuracy": 0.9448004323322783, "eval_runtime": 2.3366, "eval_samples_per_second": 655.232, "eval_steps_per_second": 82.172, "epoch": 10.0, "step": 2700}, {"loss": 0.008, "learning_rate": 1.5625e-05, "epoch": 11.0, "step": 2970}, {"eval_loss": 0.3505089581012726, "eval_precision": 0.43414634146341463, "eval_recall": 0.507411630558723, "eval_f1": 0.46792849631966354, "eval_accuracy": 0.9428317764224504, "eval_runtime": 2.2766, "eval_samples_per_second": 672.48, "eval_steps_per_second": 84.334, "epoch": 11.0, "step": 2970}, {"loss": 0.0069, "learning_rate": 1.25e-05, "epoch": 12.0, "step": 3240}, {"eval_loss": 0.35828518867492676, "eval_precision": 0.45348837209302323, "eval_recall": 0.48916761687571264, "eval_f1": 0.4706527701590784, "eval_accuracy": 0.9442214158882112, "eval_runtime": 2.2758, "eval_samples_per_second": 672.741, "eval_steps_per_second": 84.367, "epoch": 12.0, "step": 3240}, {"loss": 0.0044, "learning_rate": 9.375000000000001e-06, "epoch": 13.0, "step": 3510}, {"eval_loss": 0.3699266314506531, "eval_precision": 0.48243559718969553, "eval_recall": 0.4697833523375142, "eval_f1": 0.47602541883304444, "eval_accuracy": 0.9464988805682082, "eval_runtime": 2.2793, "eval_samples_per_second": 671.688, "eval_steps_per_second": 84.235, "epoch": 13.0, "step": 3510}, {"loss": 0.0033, "learning_rate": 6.25e-06, "epoch": 14.0, "step": 3780}, {"eval_loss": 0.38171473145484924, "eval_precision": 0.4609704641350211, "eval_recall": 0.4982896237172178, "eval_f1": 0.4789041095890411, "eval_accuracy": 0.9458040608353278, "eval_runtime": 2.2765, "eval_samples_per_second": 672.526, "eval_steps_per_second": 84.34, "epoch": 14.0, "step": 3780}, {"loss": 0.0028, "learning_rate": 3.125e-06, "epoch": 15.0, "step": 4050}, {"eval_loss": 0.38001659512519836, "eval_precision": 0.4592901878914405, "eval_recall": 0.5017103762827823, "eval_f1": 0.4795640326975477, "eval_accuracy": 0.9449548367173628, "eval_runtime": 2.273, "eval_samples_per_second": 673.57, "eval_steps_per_second": 84.471, "epoch": 15.0, "step": 4050}, {"loss": 0.0021, "learning_rate": 0.0, "epoch": 16.0, "step": 4320}, {"eval_loss": 0.3806954324245453, "eval_precision": 0.4587737843551797, "eval_recall": 0.49486887115165334, "eval_f1": 0.476138233680746, "eval_accuracy": 0.9455724542577009, "eval_runtime": 2.2721, "eval_samples_per_second": 673.828, "eval_steps_per_second": 84.504, "epoch": 16.0, "step": 4320}, {"train_runtime": 334.8391, "train_samples_per_second": 412.568, "train_steps_per_second": 12.902, "total_flos": 5103030325741140.0, "train_loss": 0.05175004231709021, "epoch": 16.0, "step": 4320}]