[{"loss": 0.4094, "learning_rate": 4.6875e-05, "epoch": 1.0, "step": 135}, {"eval_loss": 0.2686012387275696, "eval_precision": 0.13043478260869565, "eval_recall": 0.08551881413911061, "eval_f1": 0.10330578512396695, "eval_accuracy": 0.9319848683702617, "eval_runtime": 2.3403, "eval_samples_per_second": 654.2, "eval_steps_per_second": 82.042, "epoch": 1.0, "step": 135}, {"loss": 0.2675, "learning_rate": 4.375e-05, "epoch": 2.0, "step": 270}, {"eval_loss": 0.23247666656970978, "eval_precision": 0.23890784982935154, "eval_recall": 0.07981755986316989, "eval_f1": 0.11965811965811966, "eval_accuracy": 0.9368100054041535, "eval_runtime": 2.3272, "eval_samples_per_second": 657.868, "eval_steps_per_second": 82.502, "epoch": 2.0, "step": 270}, {"loss": 0.2188, "learning_rate": 4.0625000000000005e-05, "epoch": 3.0, "step": 405}, {"eval_loss": 0.22652491927146912, "eval_precision": 0.2273838630806846, "eval_recall": 0.2120866590649943, "eval_f1": 0.21946902654867256, "eval_accuracy": 0.935806376901104, "eval_runtime": 2.3365, "eval_samples_per_second": 655.244, "eval_steps_per_second": 82.173, "epoch": 3.0, "step": 405}, {"loss": 0.1732, "learning_rate": 3.7500000000000003e-05, "epoch": 4.0, "step": 540}, {"eval_loss": 0.24309784173965454, "eval_precision": 0.22890173410404624, "eval_recall": 0.22576966932725198, "eval_f1": 0.2273249138920781, "eval_accuracy": 0.9340307264726319, "eval_runtime": 2.3311, "eval_samples_per_second": 656.777, "eval_steps_per_second": 82.365, "epoch": 4.0, "step": 540}, {"loss": 0.1416, "learning_rate": 3.4375e-05, "epoch": 5.0, "step": 675}, {"eval_loss": 0.25392523407936096, "eval_precision": 0.26144578313253014, "eval_recall": 0.24743443557582667, "eval_f1": 0.25424721734036326, "eval_accuracy": 0.9329112946807689, "eval_runtime": 2.3261, "eval_samples_per_second": 658.176, "eval_steps_per_second": 82.541, "epoch": 5.0, "step": 675}, {"loss": 0.117, "learning_rate": 3.125e-05, "epoch": 6.0, "step": 810}, {"eval_loss": 0.2824164628982544, "eval_precision": 0.22590361445783133, "eval_recall": 0.25655644241733183, "eval_f1": 0.2402562733582488, "eval_accuracy": 0.9295916004014514, "eval_runtime": 2.3313, "eval_samples_per_second": 656.719, "eval_steps_per_second": 82.358, "epoch": 6.0, "step": 810}, {"loss": 0.0968, "learning_rate": 2.8125000000000003e-05, "epoch": 7.0, "step": 945}, {"eval_loss": 0.30831974744796753, "eval_precision": 0.2484472049689441, "eval_recall": 0.31927023945267957, "eval_f1": 0.27944111776447106, "eval_accuracy": 0.9276229444916235, "eval_runtime": 2.3324, "eval_samples_per_second": 656.397, "eval_steps_per_second": 82.318, "epoch": 7.0, "step": 945}, {"loss": 0.0791, "learning_rate": 2.5e-05, "epoch": 8.0, "step": 1080}, {"eval_loss": 0.33190885186195374, "eval_precision": 0.23618538324420676, "eval_recall": 0.30216647662485746, "eval_f1": 0.2651325662831416, "eval_accuracy": 0.9246892611750174, "eval_runtime": 2.329, "eval_samples_per_second": 657.362, "eval_steps_per_second": 82.439, "epoch": 8.0, "step": 1080}, {"loss": 0.0648, "learning_rate": 2.1875e-05, "epoch": 9.0, "step": 1215}, {"eval_loss": 0.34243759512901306, "eval_precision": 0.261139896373057, "eval_recall": 0.28734321550741165, "eval_f1": 0.27361563517915305, "eval_accuracy": 0.9316374585038215, "eval_runtime": 2.3815, "eval_samples_per_second": 642.866, "eval_steps_per_second": 80.621, "epoch": 9.0, "step": 1215}, {"loss": 0.0549, "learning_rate": 1.8750000000000002e-05, "epoch": 10.0, "step": 1350}, {"eval_loss": 0.3568859398365021, "eval_precision": 0.23716153127917833, "eval_recall": 0.2896237172177879, "eval_f1": 0.26078028747433263, "eval_accuracy": 0.9260402995445071, "eval_runtime": 2.3305, "eval_samples_per_second": 656.941, "eval_steps_per_second": 82.386, "epoch": 10.0, "step": 1350}, {"loss": 0.0458, "learning_rate": 1.5625e-05, "epoch": 11.0, "step": 1485}, {"eval_loss": 0.3616929054260254, "eval_precision": 0.26006191950464397, "eval_recall": 0.28734321550741165, "eval_f1": 0.27302275189599134, "eval_accuracy": 0.932062070562804, "eval_runtime": 2.3311, "eval_samples_per_second": 656.771, "eval_steps_per_second": 82.364, "epoch": 11.0, "step": 1485}, {"loss": 0.0388, "learning_rate": 1.25e-05, "epoch": 12.0, "step": 1620}, {"eval_loss": 0.3915446996688843, "eval_precision": 0.2675438596491228, "eval_recall": 0.2782212086659065, "eval_f1": 0.27277808831749584, "eval_accuracy": 0.9329112946807689, "eval_runtime": 2.326, "eval_samples_per_second": 658.209, "eval_steps_per_second": 82.545, "epoch": 12.0, "step": 1620}, {"loss": 0.0331, "learning_rate": 9.375000000000001e-06, "epoch": 13.0, "step": 1755}, {"eval_loss": 0.3983292281627655, "eval_precision": 0.26597938144329897, "eval_recall": 0.29418472063854045, "eval_f1": 0.27937195452084457, "eval_accuracy": 0.9299390102678916, "eval_runtime": 2.3322, "eval_samples_per_second": 656.45, "eval_steps_per_second": 82.324, "epoch": 13.0, "step": 1755}, {"loss": 0.028, "learning_rate": 6.25e-06, "epoch": 14.0, "step": 1890}, {"eval_loss": 0.4010797142982483, "eval_precision": 0.26245847176079734, "eval_recall": 0.2702394526795895, "eval_f1": 0.26629213483146064, "eval_accuracy": 0.9331043001621246, "eval_runtime": 2.3308, "eval_samples_per_second": 656.856, "eval_steps_per_second": 82.375, "epoch": 14.0, "step": 1890}, {"loss": 0.025, "learning_rate": 3.125e-06, "epoch": 15.0, "step": 2025}, {"eval_loss": 0.41027313470840454, "eval_precision": 0.2768729641693811, "eval_recall": 0.29076396807297605, "eval_f1": 0.2836484983314794, "eval_accuracy": 0.931791862888906, "eval_runtime": 2.3643, "eval_samples_per_second": 647.545, "eval_steps_per_second": 81.207, "epoch": 15.0, "step": 2025}, {"loss": 0.0227, "learning_rate": 0.0, "epoch": 16.0, "step": 2160}, {"eval_loss": 0.4135625660419464, "eval_precision": 0.2661122661122661, "eval_recall": 0.2919042189281642, "eval_f1": 0.27841218053289835, "eval_accuracy": 0.9316374585038215, "eval_runtime": 2.3327, "eval_samples_per_second": 656.311, "eval_steps_per_second": 82.307, "epoch": 16.0, "step": 2160}, {"train_runtime": 278.574, "train_samples_per_second": 495.897, "train_steps_per_second": 7.754, "total_flos": 5791731836060808.0, "train_loss": 0.11353008128978588, "epoch": 16.0, "step": 2160}]