[{"loss": 0.3079, "learning_rate": 4.6875e-05, "epoch": 1.0, "step": 135}, {"eval_loss": 0.21241861581802368, "eval_precision": 0.2750965250965251, "eval_recall": 0.3249714937286203, "eval_f1": 0.29796131730266595, "eval_accuracy": 0.9294371960163669, "eval_runtime": 2.3154, "eval_samples_per_second": 661.215, "eval_steps_per_second": 82.922, "epoch": 1.0, "step": 135}, {"loss": 0.199, "learning_rate": 4.375e-05, "epoch": 2.0, "step": 270}, {"eval_loss": 0.17404459416866302, "eval_precision": 0.3891402714932127, "eval_recall": 0.3922462941847206, "eval_f1": 0.39068710959682, "eval_accuracy": 0.9426001698448236, "eval_runtime": 2.3076, "eval_samples_per_second": 663.457, "eval_steps_per_second": 83.203, "epoch": 2.0, "step": 270}, {"loss": 0.1562, "learning_rate": 4.0625000000000005e-05, "epoch": 3.0, "step": 405}, {"eval_loss": 0.16712050139904022, "eval_precision": 0.4713114754098361, "eval_recall": 0.3933865450399088, "eval_f1": 0.4288377874456184, "eval_accuracy": 0.9463058750868525, "eval_runtime": 2.306, "eval_samples_per_second": 663.923, "eval_steps_per_second": 83.261, "epoch": 3.0, "step": 405}, {"loss": 0.1168, "learning_rate": 3.7500000000000003e-05, "epoch": 4.0, "step": 540}, {"eval_loss": 0.17501647770404816, "eval_precision": 0.4736147757255937, "eval_recall": 0.40935005701254273, "eval_f1": 0.43914373088685016, "eval_accuracy": 0.9474639079749865, "eval_runtime": 2.3039, "eval_samples_per_second": 664.531, "eval_steps_per_second": 83.338, "epoch": 4.0, "step": 540}, {"loss": 0.0877, "learning_rate": 3.4375e-05, "epoch": 5.0, "step": 675}, {"eval_loss": 0.21145512163639069, "eval_precision": 0.4555052790346908, "eval_recall": 0.3443557582668187, "eval_f1": 0.39220779220779217, "eval_accuracy": 0.9441828147919401, "eval_runtime": 2.2972, "eval_samples_per_second": 666.464, "eval_steps_per_second": 83.58, "epoch": 5.0, "step": 675}, {"loss": 0.0673, "learning_rate": 3.125e-05, "epoch": 6.0, "step": 810}, {"eval_loss": 0.20839953422546387, "eval_precision": 0.4690157958687728, "eval_recall": 0.44013683010262256, "eval_f1": 0.4541176470588235, "eval_accuracy": 0.9454952520651586, "eval_runtime": 2.3123, "eval_samples_per_second": 662.109, "eval_steps_per_second": 83.034, "epoch": 6.0, "step": 810}, {"loss": 0.0519, "learning_rate": 2.8125000000000003e-05, "epoch": 7.0, "step": 945}, {"eval_loss": 0.22561366856098175, "eval_precision": 0.4031657355679702, "eval_recall": 0.49372862029646525, "eval_f1": 0.44387493593029215, "eval_accuracy": 0.9398980931058442, "eval_runtime": 2.3078, "eval_samples_per_second": 663.413, "eval_steps_per_second": 83.197, "epoch": 7.0, "step": 945}, {"loss": 0.0406, "learning_rate": 2.5e-05, "epoch": 8.0, "step": 1080}, {"eval_loss": 0.249886617064476, "eval_precision": 0.43491422805247226, "eval_recall": 0.49144811858608894, "eval_f1": 0.4614561027837259, "eval_accuracy": 0.941557940245503, "eval_runtime": 2.303, "eval_samples_per_second": 664.771, "eval_steps_per_second": 83.368, "epoch": 8.0, "step": 1080}, {"loss": 0.0311, "learning_rate": 2.1875e-05, "epoch": 9.0, "step": 1215}, {"eval_loss": 0.27086418867111206, "eval_precision": 0.4157608695652174, "eval_recall": 0.5233751425313569, "eval_f1": 0.4634023220595659, "eval_accuracy": 0.9414035358604185, "eval_runtime": 2.3023, "eval_samples_per_second": 664.979, "eval_steps_per_second": 83.394, "epoch": 9.0, "step": 1215}, {"loss": 0.0243, "learning_rate": 1.8750000000000002e-05, "epoch": 10.0, "step": 1350}, {"eval_loss": 0.2841585874557495, "eval_precision": 0.43937823834196893, "eval_recall": 0.48346636259977194, "eval_f1": 0.4603691639522259, "eval_accuracy": 0.9423685632671968, "eval_runtime": 2.3047, "eval_samples_per_second": 664.298, "eval_steps_per_second": 83.308, "epoch": 10.0, "step": 1350}, {"loss": 0.0201, "learning_rate": 1.5625e-05, "epoch": 11.0, "step": 1485}, {"eval_loss": 0.3046073019504547, "eval_precision": 0.4421906693711968, "eval_recall": 0.49714937286202965, "eval_f1": 0.4680622651637144, "eval_accuracy": 0.9426001698448236, "eval_runtime": 2.3608, "eval_samples_per_second": 648.511, "eval_steps_per_second": 81.329, "epoch": 11.0, "step": 1485}, {"loss": 0.0158, "learning_rate": 1.25e-05, "epoch": 12.0, "step": 1620}, {"eval_loss": 0.31364214420318604, "eval_precision": 0.42138364779874216, "eval_recall": 0.4583808437856328, "eval_f1": 0.4391043145821955, "eval_accuracy": 0.9431405851926195, "eval_runtime": 2.302, "eval_samples_per_second": 665.083, "eval_steps_per_second": 83.407, "epoch": 12.0, "step": 1620}, {"loss": 0.0124, "learning_rate": 9.375000000000001e-06, "epoch": 13.0, "step": 1755}, {"eval_loss": 0.3298349678516388, "eval_precision": 0.45074946466809424, "eval_recall": 0.48004561003420754, "eval_f1": 0.46493649917172836, "eval_accuracy": 0.9434493939627886, "eval_runtime": 2.3025, "eval_samples_per_second": 664.935, "eval_steps_per_second": 83.388, "epoch": 13.0, "step": 1755}, {"loss": 0.0102, "learning_rate": 6.25e-06, "epoch": 14.0, "step": 1890}, {"eval_loss": 0.33401674032211304, "eval_precision": 0.44432432432432434, "eval_recall": 0.46864310148232613, "eval_f1": 0.4561598224195339, "eval_accuracy": 0.9446846290434648, "eval_runtime": 2.3049, "eval_samples_per_second": 664.229, "eval_steps_per_second": 83.3, "epoch": 14.0, "step": 1890}, {"loss": 0.0091, "learning_rate": 3.125e-06, "epoch": 15.0, "step": 2025}, {"eval_loss": 0.3349567949771881, "eval_precision": 0.43253968253968256, "eval_recall": 0.49714937286202965, "eval_f1": 0.4625994694960212, "eval_accuracy": 0.9427545742299082, "eval_runtime": 2.3048, "eval_samples_per_second": 664.265, "eval_steps_per_second": 83.304, "epoch": 15.0, "step": 2025}, {"loss": 0.0075, "learning_rate": 0.0, "epoch": 16.0, "step": 2160}, {"eval_loss": 0.3364732265472412, "eval_precision": 0.43548387096774194, "eval_recall": 0.4925883694412771, "eval_f1": 0.4622792937399679, "eval_accuracy": 0.9427931753261792, "eval_runtime": 2.3017, "eval_samples_per_second": 665.171, "eval_steps_per_second": 83.418, "epoch": 16.0, "step": 2160}, {"train_runtime": 277.6105, "train_samples_per_second": 497.618, "train_steps_per_second": 7.781, "total_flos": 5791103568942120.0, "train_loss": 0.07237295398005733, "epoch": 16.0, "step": 2160}]