[{"loss": 0.3014, "learning_rate": 9.375000000000001e-06, "epoch": 1.0, "step": 135}, {"eval_loss": 0.163771390914917, "eval_precision": 0.4355495251017639, "eval_recall": 0.3660205245153934, "eval_f1": 0.3977695167286245, "eval_accuracy": 0.9486219408631205, "eval_runtime": 4.9876, "eval_samples_per_second": 306.961, "eval_steps_per_second": 38.495, "epoch": 1.0, "step": 135}, {"loss": 0.146, "learning_rate": 8.750000000000001e-06, "epoch": 2.0, "step": 270}, {"eval_loss": 0.1374424248933792, "eval_precision": 0.49032992036405004, "eval_recall": 0.49144811858608894, "eval_f1": 0.4908883826879271, "eval_accuracy": 0.9523276461051494, "eval_runtime": 4.9605, "eval_samples_per_second": 308.636, "eval_steps_per_second": 38.705, "epoch": 2.0, "step": 270}, {"loss": 0.1049, "learning_rate": 8.125000000000001e-06, "epoch": 3.0, "step": 405}, {"eval_loss": 0.13363434374332428, "eval_precision": 0.5624161073825503, "eval_recall": 0.47776510832383123, "eval_f1": 0.5166461159062885, "eval_accuracy": 0.9558403458658226, "eval_runtime": 4.9502, "eval_samples_per_second": 309.283, "eval_steps_per_second": 38.787, "epoch": 3.0, "step": 405}, {"loss": 0.0758, "learning_rate": 7.500000000000001e-06, "epoch": 4.0, "step": 540}, {"eval_loss": 0.14435845613479614, "eval_precision": 0.5406852248394004, "eval_recall": 0.5758266818700114, "eval_f1": 0.5577029265599117, "eval_accuracy": 0.9559175480583648, "eval_runtime": 4.9467, "eval_samples_per_second": 309.497, "eval_steps_per_second": 38.814, "epoch": 4.0, "step": 540}, {"loss": 0.0523, "learning_rate": 6.875e-06, "epoch": 5.0, "step": 675}, {"eval_loss": 0.1660171002149582, "eval_precision": 0.5372507869884575, "eval_recall": 0.5838084378563284, "eval_f1": 0.5595628415300548, "eval_accuracy": 0.9554157338068401, "eval_runtime": 4.9509, "eval_samples_per_second": 309.238, "eval_steps_per_second": 38.781, "epoch": 5.0, "step": 675}, {"loss": 0.0374, "learning_rate": 6.25e-06, "epoch": 6.0, "step": 810}, {"eval_loss": 0.18462012708187103, "eval_precision": 0.5618115055079559, "eval_recall": 0.5233751425313569, "eval_f1": 0.5419126328217237, "eval_accuracy": 0.9565737666949742, "eval_runtime": 5.0, "eval_samples_per_second": 306.201, "eval_steps_per_second": 38.4, "epoch": 6.0, "step": 810}, {"loss": 0.0283, "learning_rate": 5.625e-06, "epoch": 7.0, "step": 945}, {"eval_loss": 0.20106834173202515, "eval_precision": 0.5583524027459954, "eval_recall": 0.556442417331813, "eval_f1": 0.5573957738435179, "eval_accuracy": 0.9565737666949742, "eval_runtime": 4.9511, "eval_samples_per_second": 309.226, "eval_steps_per_second": 38.779, "epoch": 7.0, "step": 945}, {"loss": 0.021, "learning_rate": 5e-06, "epoch": 8.0, "step": 1080}, {"eval_loss": 0.2142413854598999, "eval_precision": 0.5446428571428571, "eval_recall": 0.556442417331813, "eval_f1": 0.5504794134235759, "eval_accuracy": 0.955106925036671, "eval_runtime": 4.9394, "eval_samples_per_second": 309.957, "eval_steps_per_second": 38.871, "epoch": 8.0, "step": 1080}, {"loss": 0.0153, "learning_rate": 4.3750000000000005e-06, "epoch": 9.0, "step": 1215}, {"eval_loss": 0.23265372216701508, "eval_precision": 0.5264765784114053, "eval_recall": 0.5895096921322691, "eval_f1": 0.5562130177514792, "eval_accuracy": 0.9535242800895546, "eval_runtime": 4.9532, "eval_samples_per_second": 309.094, "eval_steps_per_second": 38.763, "epoch": 9.0, "step": 1215}, {"loss": 0.0116, "learning_rate": 3.7500000000000005e-06, "epoch": 10.0, "step": 1350}, {"eval_loss": 0.23882612586021423, "eval_precision": 0.5377258235919234, "eval_recall": 0.5769669327251995, "eval_f1": 0.5566556655665567, "eval_accuracy": 0.955106925036671, "eval_runtime": 4.9435, "eval_samples_per_second": 309.702, "eval_steps_per_second": 38.839, "epoch": 10.0, "step": 1350}, {"loss": 0.0097, "learning_rate": 3.125e-06, "epoch": 11.0, "step": 1485}, {"eval_loss": 0.2597755193710327, "eval_precision": 0.5507411630558723, "eval_recall": 0.5507411630558723, "eval_f1": 0.5507411630558723, "eval_accuracy": 0.9564193623098896, "eval_runtime": 4.9583, "eval_samples_per_second": 308.776, "eval_steps_per_second": 38.723, "epoch": 11.0, "step": 1485}, {"loss": 0.0084, "learning_rate": 2.5e-06, "epoch": 12.0, "step": 1620}, {"eval_loss": 0.2678011357784271, "eval_precision": 0.5609467455621302, "eval_recall": 0.540478905359179, "eval_f1": 0.5505226480836237, "eval_accuracy": 0.956226356828534, "eval_runtime": 4.9458, "eval_samples_per_second": 309.558, "eval_steps_per_second": 38.821, "epoch": 12.0, "step": 1620}, {"loss": 0.0064, "learning_rate": 1.8750000000000003e-06, "epoch": 13.0, "step": 1755}, {"eval_loss": 0.27698957920074463, "eval_precision": 0.5598591549295775, "eval_recall": 0.5438996579247435, "eval_f1": 0.551764025448236, "eval_accuracy": 0.9564965645024319, "eval_runtime": 4.9452, "eval_samples_per_second": 309.593, "eval_steps_per_second": 38.825, "epoch": 13.0, "step": 1755}, {"loss": 0.0058, "learning_rate": 1.25e-06, "epoch": 14.0, "step": 1890}, {"eval_loss": 0.27722278237342834, "eval_precision": 0.5576036866359447, "eval_recall": 0.5518814139110604, "eval_f1": 0.554727793696275, "eval_accuracy": 0.956226356828534, "eval_runtime": 4.9352, "eval_samples_per_second": 310.218, "eval_steps_per_second": 38.904, "epoch": 14.0, "step": 1890}, {"loss": 0.0051, "learning_rate": 6.25e-07, "epoch": 15.0, "step": 2025}, {"eval_loss": 0.28365370631217957, "eval_precision": 0.5495391705069125, "eval_recall": 0.5438996579247435, "eval_f1": 0.5467048710601718, "eval_accuracy": 0.9561877557322628, "eval_runtime": 4.9472, "eval_samples_per_second": 309.466, "eval_steps_per_second": 38.81, "epoch": 15.0, "step": 2025}, {"loss": 0.0045, "learning_rate": 0.0, "epoch": 16.0, "step": 2160}, {"eval_loss": 0.28248506784439087, "eval_precision": 0.5503432494279176, "eval_recall": 0.548460661345496, "eval_f1": 0.5494003426613363, "eval_accuracy": 0.9561105535397205, "eval_runtime": 4.9388, "eval_samples_per_second": 309.994, "eval_steps_per_second": 38.876, "epoch": 16.0, "step": 2160}, {"train_runtime": 794.7782, "train_samples_per_second": 173.815, "train_steps_per_second": 2.718, "total_flos": 1.8047417392008468e+16, "train_loss": 0.0521110177591995, "epoch": 16.0, "step": 2160}]