[{"loss": 0.4025, "learning_rate": 9.375e-05, "epoch": 1.0, "step": 135}, {"eval_loss": 0.2700751721858978, "eval_precision": 0.15977961432506887, "eval_recall": 0.0661345496009122, "eval_f1": 0.0935483870967742, "eval_accuracy": 0.9342237319539874, "eval_runtime": 2.3242, "eval_samples_per_second": 658.723, "eval_steps_per_second": 82.609, "epoch": 1.0, "step": 135}, {"loss": 0.2672, "learning_rate": 8.75e-05, "epoch": 2.0, "step": 270}, {"eval_loss": 0.23600377142429352, "eval_precision": 0.23481781376518218, "eval_recall": 0.0661345496009122, "eval_f1": 0.10320284697508895, "eval_accuracy": 0.9359607812861885, "eval_runtime": 2.316, "eval_samples_per_second": 661.04, "eval_steps_per_second": 82.9, "epoch": 2.0, "step": 270}, {"loss": 0.2189, "learning_rate": 8.125000000000001e-05, "epoch": 3.0, "step": 405}, {"eval_loss": 0.24047546088695526, "eval_precision": 0.17862165963431786, "eval_recall": 0.14481185860889395, "eval_f1": 0.15994962216624686, "eval_accuracy": 0.9328726935844978, "eval_runtime": 2.3161, "eval_samples_per_second": 661.014, "eval_steps_per_second": 82.897, "epoch": 3.0, "step": 405}, {"loss": 0.1737, "learning_rate": 7.500000000000001e-05, "epoch": 4.0, "step": 540}, {"eval_loss": 0.2551458179950714, "eval_precision": 0.21671018276762402, "eval_recall": 0.18928164196123148, "eval_f1": 0.202069385270846, "eval_accuracy": 0.9342237319539874, "eval_runtime": 2.3253, "eval_samples_per_second": 658.415, "eval_steps_per_second": 82.571, "epoch": 4.0, "step": 540}, {"loss": 0.1379, "learning_rate": 6.875e-05, "epoch": 5.0, "step": 675}, {"eval_loss": 0.284684419631958, "eval_precision": 0.24617737003058104, "eval_recall": 0.18358038768529075, "eval_f1": 0.21032005225342915, "eval_accuracy": 0.9362695900563576, "eval_runtime": 2.3154, "eval_samples_per_second": 661.213, "eval_steps_per_second": 82.922, "epoch": 5.0, "step": 675}, {"loss": 0.1114, "learning_rate": 6.25e-05, "epoch": 6.0, "step": 810}, {"eval_loss": 0.2880575656890869, "eval_precision": 0.20113636363636364, "eval_recall": 0.20182440136830102, "eval_f1": 0.2014797951052931, "eval_accuracy": 0.9287809773797576, "eval_runtime": 2.3222, "eval_samples_per_second": 659.288, "eval_steps_per_second": 82.68, "epoch": 6.0, "step": 810}, {"loss": 0.0904, "learning_rate": 5.6250000000000005e-05, "epoch": 7.0, "step": 945}, {"eval_loss": 0.3335036635398865, "eval_precision": 0.2059961315280464, "eval_recall": 0.24287343215507412, "eval_f1": 0.2229199372056515, "eval_accuracy": 0.9270439280475565, "eval_runtime": 2.3258, "eval_samples_per_second": 658.282, "eval_steps_per_second": 82.554, "epoch": 7.0, "step": 945}, {"loss": 0.0705, "learning_rate": 5e-05, "epoch": 8.0, "step": 1080}, {"eval_loss": 0.3485681414604187, "eval_precision": 0.22440944881889763, "eval_recall": 0.25997719498289623, "eval_f1": 0.24088748019017434, "eval_accuracy": 0.9251138732339999, "eval_runtime": 2.3153, "eval_samples_per_second": 661.247, "eval_steps_per_second": 82.926, "epoch": 8.0, "step": 1080}, {"loss": 0.0555, "learning_rate": 4.375e-05, "epoch": 9.0, "step": 1215}, {"eval_loss": 0.36991769075393677, "eval_precision": 0.23590225563909775, "eval_recall": 0.2862029646522235, "eval_f1": 0.25862957238536843, "eval_accuracy": 0.9270439280475565, "eval_runtime": 2.3813, "eval_samples_per_second": 642.924, "eval_steps_per_second": 80.628, "epoch": 9.0, "step": 1215}, {"loss": 0.0413, "learning_rate": 3.7500000000000003e-05, "epoch": 10.0, "step": 1350}, {"eval_loss": 0.3972848951816559, "eval_precision": 0.20285969615728328, "eval_recall": 0.2588369441277081, "eval_f1": 0.22745490981963926, "eval_accuracy": 0.9224503975912915, "eval_runtime": 2.3187, "eval_samples_per_second": 660.29, "eval_steps_per_second": 82.806, "epoch": 10.0, "step": 1350}, {"loss": 0.0319, "learning_rate": 3.125e-05, "epoch": 11.0, "step": 1485}, {"eval_loss": 0.40670934319496155, "eval_precision": 0.22475247524752476, "eval_recall": 0.2588369441277081, "eval_f1": 0.24059353471118178, "eval_accuracy": 0.9282791631282329, "eval_runtime": 2.3238, "eval_samples_per_second": 658.845, "eval_steps_per_second": 82.625, "epoch": 11.0, "step": 1485}, {"loss": 0.0227, "learning_rate": 2.5e-05, "epoch": 12.0, "step": 1620}, {"eval_loss": 0.4419383704662323, "eval_precision": 0.21482889733840305, "eval_recall": 0.2576966932725199, "eval_f1": 0.23431829963711767, "eval_accuracy": 0.9260016984482359, "eval_runtime": 2.3251, "eval_samples_per_second": 658.465, "eval_steps_per_second": 82.577, "epoch": 12.0, "step": 1620}, {"loss": 0.0182, "learning_rate": 1.8750000000000002e-05, "epoch": 13.0, "step": 1755}, {"eval_loss": 0.44204849004745483, "eval_precision": 0.2446351931330472, "eval_recall": 0.25997719498289623, "eval_f1": 0.25207296849087896, "eval_accuracy": 0.9303636223268741, "eval_runtime": 2.3278, "eval_samples_per_second": 657.696, "eval_steps_per_second": 82.48, "epoch": 13.0, "step": 1755}, {"loss": 0.0131, "learning_rate": 1.25e-05, "epoch": 14.0, "step": 1890}, {"eval_loss": 0.44866061210632324, "eval_precision": 0.25737898465171194, "eval_recall": 0.24857468643101482, "eval_f1": 0.2529002320185615, "eval_accuracy": 0.9320234694665328, "eval_runtime": 2.3197, "eval_samples_per_second": 659.994, "eval_steps_per_second": 82.769, "epoch": 14.0, "step": 1890}, {"loss": 0.0099, "learning_rate": 6.25e-06, "epoch": 15.0, "step": 2025}, {"eval_loss": 0.4678463041782379, "eval_precision": 0.24604012671594508, "eval_recall": 0.26567844925883694, "eval_f1": 0.2554824561403509, "eval_accuracy": 0.9294371960163669, "eval_runtime": 2.328, "eval_samples_per_second": 657.648, "eval_steps_per_second": 82.474, "epoch": 15.0, "step": 2025}, {"loss": 0.008, "learning_rate": 0.0, "epoch": 16.0, "step": 2160}, {"eval_loss": 0.4721783995628357, "eval_precision": 0.2408207343412527, "eval_recall": 0.2542759407069555, "eval_f1": 0.24736550194120913, "eval_accuracy": 0.929475797112638, "eval_runtime": 2.3193, "eval_samples_per_second": 660.108, "eval_steps_per_second": 82.783, "epoch": 16.0, "step": 2160}, {"train_runtime": 277.5431, "train_samples_per_second": 497.739, "train_steps_per_second": 7.783, "total_flos": 5791731836060808.0, "train_loss": 0.10456455852146503, "epoch": 16.0, "step": 2160}]