[{"loss": 0.2351, "learning_rate": 9.375000000000001e-06, "epoch": 1.0, "step": 270}, {"eval_loss": 0.1502605378627777, "eval_precision": 0.4244935543278085, "eval_recall": 0.5256556442417332, "eval_f1": 0.4696892511462048, "eval_accuracy": 0.9486219408631205, "eval_runtime": 3.6684, "eval_samples_per_second": 417.351, "eval_steps_per_second": 52.339, "epoch": 1.0, "step": 270}, {"loss": 0.1388, "learning_rate": 8.750000000000001e-06, "epoch": 2.0, "step": 540}, {"eval_loss": 0.13683393597602844, "eval_precision": 0.5173572228443449, "eval_recall": 0.5267958950969214, "eval_f1": 0.5220338983050848, "eval_accuracy": 0.9544507064000618, "eval_runtime": 3.6637, "eval_samples_per_second": 417.889, "eval_steps_per_second": 52.407, "epoch": 2.0, "step": 540}, {"loss": 0.1014, "learning_rate": 8.125000000000001e-06, "epoch": 3.0, "step": 810}, {"eval_loss": 0.14004142582416534, "eval_precision": 0.5315217391304348, "eval_recall": 0.5575826681870011, "eval_f1": 0.5442404006677796, "eval_accuracy": 0.956843974368872, "eval_runtime": 3.6592, "eval_samples_per_second": 418.392, "eval_steps_per_second": 52.47, "epoch": 3.0, "step": 810}, {"loss": 0.0726, "learning_rate": 7.500000000000001e-06, "epoch": 4.0, "step": 1080}, {"eval_loss": 0.1550854742527008, "eval_precision": 0.47989031078610606, "eval_recall": 0.5986316989737742, "eval_f1": 0.532724505327245, "eval_accuracy": 0.9526750559715896, "eval_runtime": 3.6658, "eval_samples_per_second": 417.645, "eval_steps_per_second": 52.376, "epoch": 4.0, "step": 1080}, {"loss": 0.0519, "learning_rate": 6.875e-06, "epoch": 5.0, "step": 1350}, {"eval_loss": 0.17559272050857544, "eval_precision": 0.5317365269461077, "eval_recall": 0.5062713797035348, "eval_f1": 0.5186915887850467, "eval_accuracy": 0.9544893074963329, "eval_runtime": 3.6688, "eval_samples_per_second": 417.305, "eval_steps_per_second": 52.333, "epoch": 5.0, "step": 1350}, {"loss": 0.0381, "learning_rate": 6.25e-06, "epoch": 6.0, "step": 1620}, {"eval_loss": 0.18689370155334473, "eval_precision": 0.5046728971962616, "eval_recall": 0.5541619156214367, "eval_f1": 0.5282608695652173, "eval_accuracy": 0.952790859260403, "eval_runtime": 3.7187, "eval_samples_per_second": 411.699, "eval_steps_per_second": 51.63, "epoch": 6.0, "step": 1620}, {"loss": 0.028, "learning_rate": 5.625e-06, "epoch": 7.0, "step": 1890}, {"eval_loss": 0.21528522670269012, "eval_precision": 0.5403587443946188, "eval_recall": 0.5496009122006842, "eval_f1": 0.5449406444318825, "eval_accuracy": 0.9550683239403999, "eval_runtime": 3.6715, "eval_samples_per_second": 416.993, "eval_steps_per_second": 52.294, "epoch": 7.0, "step": 1890}, {"loss": 0.0213, "learning_rate": 5e-06, "epoch": 8.0, "step": 2160}, {"eval_loss": 0.2228662669658661, "eval_precision": 0.499031007751938, "eval_recall": 0.5872291904218928, "eval_f1": 0.5395495023572551, "eval_accuracy": 0.9520574384312515, "eval_runtime": 3.6684, "eval_samples_per_second": 417.348, "eval_steps_per_second": 52.339, "epoch": 8.0, "step": 2160}, {"loss": 0.016, "learning_rate": 4.3750000000000005e-06, "epoch": 9.0, "step": 2430}, {"eval_loss": 0.23606078326702118, "eval_precision": 0.491362763915547, "eval_recall": 0.5838084378563284, "eval_f1": 0.5336112558624284, "eval_accuracy": 0.9525592526827762, "eval_runtime": 3.6644, "eval_samples_per_second": 417.808, "eval_steps_per_second": 52.397, "epoch": 9.0, "step": 2430}, {"loss": 0.0114, "learning_rate": 3.7500000000000005e-06, "epoch": 10.0, "step": 2700}, {"eval_loss": 0.26528400182724, "eval_precision": 0.5252416756176155, "eval_recall": 0.5575826681870011, "eval_f1": 0.540929203539823, "eval_accuracy": 0.9544893074963329, "eval_runtime": 3.6616, "eval_samples_per_second": 418.128, "eval_steps_per_second": 52.437, "epoch": 10.0, "step": 2700}, {"loss": 0.0096, "learning_rate": 3.125e-06, "epoch": 11.0, "step": 2970}, {"eval_loss": 0.2637403607368469, "eval_precision": 0.49951028403525954, "eval_recall": 0.5815279361459521, "eval_f1": 0.5374077976817703, "eval_accuracy": 0.9532154713193854, "eval_runtime": 3.6598, "eval_samples_per_second": 418.324, "eval_steps_per_second": 52.461, "epoch": 11.0, "step": 2970}, {"loss": 0.008, "learning_rate": 2.5e-06, "epoch": 12.0, "step": 3240}, {"eval_loss": 0.28344959020614624, "eval_precision": 0.5252416756176155, "eval_recall": 0.5575826681870011, "eval_f1": 0.540929203539823, "eval_accuracy": 0.954798116266502, "eval_runtime": 3.6638, "eval_samples_per_second": 417.877, "eval_steps_per_second": 52.405, "epoch": 12.0, "step": 3240}, {"loss": 0.0063, "learning_rate": 1.8750000000000003e-06, "epoch": 13.0, "step": 3510}, {"eval_loss": 0.29397645592689514, "eval_precision": 0.5288248337028825, "eval_recall": 0.5438996579247435, "eval_f1": 0.5362563237774031, "eval_accuracy": 0.9550683239403999, "eval_runtime": 3.6598, "eval_samples_per_second": 418.329, "eval_steps_per_second": 52.462, "epoch": 13.0, "step": 3510}, {"loss": 0.0055, "learning_rate": 1.25e-06, "epoch": 14.0, "step": 3780}, {"eval_loss": 0.29745081067085266, "eval_precision": 0.52329360780065, "eval_recall": 0.5507411630558723, "eval_f1": 0.5366666666666666, "eval_accuracy": 0.9548367173627731, "eval_runtime": 3.7202, "eval_samples_per_second": 411.542, "eval_steps_per_second": 51.611, "epoch": 14.0, "step": 3780}, {"loss": 0.0049, "learning_rate": 6.25e-07, "epoch": 15.0, "step": 4050}, {"eval_loss": 0.29912394285202026, "eval_precision": 0.5330444203683641, "eval_recall": 0.5610034207525656, "eval_f1": 0.5466666666666669, "eval_accuracy": 0.9548367173627731, "eval_runtime": 3.6633, "eval_samples_per_second": 417.932, "eval_steps_per_second": 52.412, "epoch": 15.0, "step": 4050}, {"loss": 0.0043, "learning_rate": 0.0, "epoch": 16.0, "step": 4320}, {"eval_loss": 0.3021332621574402, "eval_precision": 0.5315904139433552, "eval_recall": 0.556442417331813, "eval_f1": 0.5437325905292479, "eval_accuracy": 0.9549139195553153, "eval_runtime": 3.6654, "eval_samples_per_second": 417.694, "eval_steps_per_second": 52.382, "epoch": 16.0, "step": 4320}, {"train_runtime": 612.3668, "train_samples_per_second": 225.59, "train_steps_per_second": 7.055, "total_flos": 1.5235107049041048e+16, "train_loss": 0.04707340484967938, "epoch": 16.0, "step": 4320}]