[{"loss": 0.3671, "learning_rate": 9.375e-05, "epoch": 1.0, "step": 270}, {"eval_loss": 0.26450902223587036, "eval_precision": 0.2, "eval_recall": 0.004561003420752566, "eval_f1": 0.00891861761426979, "eval_accuracy": 0.9342623330502586, "eval_runtime": 2.3423, "eval_samples_per_second": 653.629, "eval_steps_per_second": 81.97, "epoch": 1.0, "step": 270}, {"loss": 0.27, "learning_rate": 8.75e-05, "epoch": 2.0, "step": 540}, {"eval_loss": 0.2598957121372223, "eval_precision": 0.15637860082304528, "eval_recall": 0.043329532497149374, "eval_f1": 0.06785714285714287, "eval_accuracy": 0.936115185671273, "eval_runtime": 2.3396, "eval_samples_per_second": 654.377, "eval_steps_per_second": 82.064, "epoch": 2.0, "step": 540}, {"loss": 0.2261, "learning_rate": 8.125000000000001e-05, "epoch": 3.0, "step": 810}, {"eval_loss": 0.24690236151218414, "eval_precision": 0.18252730109204368, "eval_recall": 0.13340935005701254, "eval_f1": 0.1541501976284585, "eval_accuracy": 0.9324094804292442, "eval_runtime": 2.3383, "eval_samples_per_second": 654.76, "eval_steps_per_second": 82.112, "epoch": 3.0, "step": 810}, {"loss": 0.1806, "learning_rate": 7.500000000000001e-05, "epoch": 4.0, "step": 1080}, {"eval_loss": 0.27044621109962463, "eval_precision": 0.19052744886975242, "eval_recall": 0.20182440136830102, "eval_f1": 0.19601328903654486, "eval_accuracy": 0.9258086929668803, "eval_runtime": 2.332, "eval_samples_per_second": 656.505, "eval_steps_per_second": 82.331, "epoch": 4.0, "step": 1080}, {"loss": 0.1411, "learning_rate": 6.875e-05, "epoch": 5.0, "step": 1350}, {"eval_loss": 0.3126777112483978, "eval_precision": 0.18660287081339713, "eval_recall": 0.17787913340935005, "eval_f1": 0.18213660245183888, "eval_accuracy": 0.9281247587431483, "eval_runtime": 2.334, "eval_samples_per_second": 655.966, "eval_steps_per_second": 82.264, "epoch": 5.0, "step": 1350}, {"loss": 0.119, "learning_rate": 6.25e-05, "epoch": 6.0, "step": 1620}, {"eval_loss": 0.33472225069999695, "eval_precision": 0.19337748344370861, "eval_recall": 0.16647662485746864, "eval_f1": 0.178921568627451, "eval_accuracy": 0.9310970431560256, "eval_runtime": 2.3362, "eval_samples_per_second": 655.329, "eval_steps_per_second": 82.184, "epoch": 6.0, "step": 1620}, {"loss": 0.0958, "learning_rate": 5.6250000000000005e-05, "epoch": 7.0, "step": 1890}, {"eval_loss": 0.34332582354545593, "eval_precision": 0.20412844036697247, "eval_recall": 0.20296465222348917, "eval_f1": 0.2035448827901658, "eval_accuracy": 0.9287423762834864, "eval_runtime": 2.3419, "eval_samples_per_second": 653.745, "eval_steps_per_second": 81.985, "epoch": 7.0, "step": 1890}, {"loss": 0.0728, "learning_rate": 5e-05, "epoch": 8.0, "step": 2160}, {"eval_loss": 0.3577196002006531, "eval_precision": 0.18290441176470587, "eval_recall": 0.22690992018244013, "eval_f1": 0.20254452926208652, "eval_accuracy": 0.920829151547904, "eval_runtime": 2.3384, "eval_samples_per_second": 654.715, "eval_steps_per_second": 82.107, "epoch": 8.0, "step": 2160}, {"loss": 0.0548, "learning_rate": 4.375e-05, "epoch": 9.0, "step": 2430}, {"eval_loss": 0.39783143997192383, "eval_precision": 0.1841860465116279, "eval_recall": 0.22576966932725198, "eval_f1": 0.20286885245901637, "eval_accuracy": 0.9249594688489153, "eval_runtime": 2.3363, "eval_samples_per_second": 655.298, "eval_steps_per_second": 82.18, "epoch": 9.0, "step": 2430}, {"loss": 0.0409, "learning_rate": 3.7500000000000003e-05, "epoch": 10.0, "step": 2700}, {"eval_loss": 0.4302595853805542, "eval_precision": 0.19756838905775076, "eval_recall": 0.22234891676168758, "eval_f1": 0.20922746781115883, "eval_accuracy": 0.9256542885817958, "eval_runtime": 2.3865, "eval_samples_per_second": 641.514, "eval_steps_per_second": 80.451, "epoch": 10.0, "step": 2700}, {"loss": 0.0306, "learning_rate": 3.125e-05, "epoch": 11.0, "step": 2970}, {"eval_loss": 0.4512913227081299, "eval_precision": 0.19821826280623608, "eval_recall": 0.20296465222348917, "eval_f1": 0.20056338028169016, "eval_accuracy": 0.9273913379139967, "eval_runtime": 2.3367, "eval_samples_per_second": 655.193, "eval_steps_per_second": 82.167, "epoch": 11.0, "step": 2970}, {"loss": 0.021, "learning_rate": 2.5e-05, "epoch": 12.0, "step": 3240}, {"eval_loss": 0.47822627425193787, "eval_precision": 0.2002063983488132, "eval_recall": 0.22120866590649943, "eval_f1": 0.21018418201516795, "eval_accuracy": 0.9261947039295916, "eval_runtime": 2.3384, "eval_samples_per_second": 654.708, "eval_steps_per_second": 82.106, "epoch": 12.0, "step": 3240}, {"loss": 0.0147, "learning_rate": 1.8750000000000002e-05, "epoch": 13.0, "step": 3510}, {"eval_loss": 0.4917493760585785, "eval_precision": 0.21248499399759904, "eval_recall": 0.20182440136830102, "eval_f1": 0.2070175438596491, "eval_accuracy": 0.9289353817648421, "eval_runtime": 2.333, "eval_samples_per_second": 656.238, "eval_steps_per_second": 82.298, "epoch": 13.0, "step": 3510}, {"loss": 0.0107, "learning_rate": 1.25e-05, "epoch": 14.0, "step": 3780}, {"eval_loss": 0.5121399760246277, "eval_precision": 0.20454545454545456, "eval_recall": 0.22576966932725198, "eval_f1": 0.2146341463414634, "eval_accuracy": 0.9254998841967111, "eval_runtime": 2.3383, "eval_samples_per_second": 654.75, "eval_steps_per_second": 82.111, "epoch": 14.0, "step": 3780}, {"loss": 0.0073, "learning_rate": 6.25e-06, "epoch": 15.0, "step": 4050}, {"eval_loss": 0.5250601172447205, "eval_precision": 0.21975582685904552, "eval_recall": 0.22576966932725198, "eval_f1": 0.22272215973003373, "eval_accuracy": 0.9277001466841658, "eval_runtime": 2.3386, "eval_samples_per_second": 654.654, "eval_steps_per_second": 82.099, "epoch": 15.0, "step": 4050}, {"loss": 0.0058, "learning_rate": 0.0, "epoch": 16.0, "step": 4320}, {"eval_loss": 0.5264313220977783, "eval_precision": 0.2179203539823009, "eval_recall": 0.22462941847206386, "eval_f1": 0.22122403144300953, "eval_accuracy": 0.9278545510692504, "eval_runtime": 2.335, "eval_samples_per_second": 655.663, "eval_steps_per_second": 82.226, "epoch": 16.0, "step": 4320}, {"train_runtime": 338.148, "train_samples_per_second": 408.531, "train_steps_per_second": 12.775, "total_flos": 5103583944947076.0, "train_loss": 0.1036331121844274, "epoch": 16.0, "step": 4320}]