{"timestamp": "08161327", "num_seeds": 5, "task": "tsa-intensity", "model_shortname": "NB-Roberta_base", "machinery": "fox", "args_dict": {"model_name_or_path": "NbAiLab/nb-roberta-base-ncc-plus-scandi-1e4", "dataset_name": "data/tsa_intensity", "seed": 101, "per_device_train_batch_size": 64, "task_name": "08161327_tsa-intensity_NB-Roberta_base", "output_dir": "/cluster/work/projects/ec30/egilron/tsa-hf/08161327_tsa-intensity_NB-Roberta_base", "overwrite_cache": true, "overwrite_output_dir": true, "do_train": true, "num_train_epochs": 16, "do_eval": true, "return_entity_level_metrics": false, "use_auth_token": false, "logging_strategy": "epoch", "save_strategy": "epoch", "evaluation_strategy": "epoch", "save_total_limit": 1, "load_best_model_at_end": true, "label_column_name": "tsa_tags", "disable_tqdm": true, "do_predict": true, "text_column_name": "tokens", "learning_rate": 0.0001}, "best_epoch": 12, "train_epochs_val": [{"eval_loss": 0.4337950646877289, "eval_precision": 0.2767039674465921, "eval_recall": 0.31014823261117447, "eval_f1": 0.29247311827956995, "eval_accuracy": 0.9314058519261947, "eval_runtime": 2.3238, "eval_samples_per_second": 658.825, "eval_steps_per_second": 82.622, "epoch": 12.0, "step": 1620}, {"eval_loss": 0.45441609621047974, "eval_precision": 0.28792912513842744, "eval_recall": 0.29646522234891676, "eval_f1": 0.29213483146067415, "eval_accuracy": 0.9346869451092411, "eval_runtime": 2.3214, "eval_samples_per_second": 659.521, "eval_steps_per_second": 82.709, "epoch": 15.0, "step": 2025}, {"eval_loss": 0.34051549434661865, "eval_precision": 0.26247689463955637, "eval_recall": 0.3238312428734322, "eval_f1": 0.28994384890250124, "eval_accuracy": 0.9304022234231453, "eval_runtime": 2.3205, "eval_samples_per_second": 659.761, "eval_steps_per_second": 82.739, "epoch": 8.0, "step": 1080}, {"eval_loss": 0.4572519063949585, "eval_precision": 0.2857142857142857, "eval_recall": 0.29418472063854045, "eval_f1": 0.28988764044943816, "eval_accuracy": 0.9347641473017834, "eval_runtime": 2.316, "eval_samples_per_second": 661.043, "eval_steps_per_second": 82.9, "epoch": 16.0, "step": 2160}, {"eval_loss": 0.3287956118583679, "eval_precision": 0.28216216216216217, "eval_recall": 0.2976054732041049, "eval_f1": 0.28967813540510545, "eval_accuracy": 0.9339921253763607, "eval_runtime": 2.3238, "eval_samples_per_second": 658.828, "eval_steps_per_second": 82.622, "epoch": 7.0, "step": 945}, {"eval_loss": 0.4429769515991211, "eval_precision": 0.27825159914712155, "eval_recall": 0.2976054732041049, "eval_f1": 0.287603305785124, "eval_accuracy": 0.9333359067397514, "eval_runtime": 2.3196, "eval_samples_per_second": 660.036, "eval_steps_per_second": 82.774, "epoch": 14.0, "step": 1890}, {"eval_loss": 0.435917466878891, "eval_precision": 0.270042194092827, "eval_recall": 0.2919042189281642, "eval_f1": 0.28054794520547943, "eval_accuracy": 0.9331815023546669, "eval_runtime": 2.3211, "eval_samples_per_second": 659.609, "eval_steps_per_second": 82.72, "epoch": 13.0, "step": 1755}, {"eval_loss": 0.35785746574401855, "eval_precision": 0.2595190380761523, "eval_recall": 0.2953249714937286, "eval_f1": 0.27626666666666666, "eval_accuracy": 0.9322164749478885, "eval_runtime": 2.3776, "eval_samples_per_second": 643.94, "eval_steps_per_second": 80.755, "epoch": 9.0, "step": 1215}, {"eval_loss": 0.39808738231658936, "eval_precision": 0.2846715328467153, "eval_recall": 0.2668187001140251, "eval_f1": 0.27545615067686874, "eval_accuracy": 0.9365011966339845, "eval_runtime": 2.3202, "eval_samples_per_second": 659.859, "eval_steps_per_second": 82.752, "epoch": 10.0, "step": 1350}, {"eval_loss": 0.2583654522895813, "eval_precision": 0.2641509433962264, "eval_recall": 0.28734321550741165, "eval_f1": 0.2752594210813763, "eval_accuracy": 0.9318690650814483, "eval_runtime": 2.3235, "eval_samples_per_second": 658.931, "eval_steps_per_second": 82.635, "epoch": 4.0, "step": 540}, {"eval_loss": 0.41432318091392517, "eval_precision": 0.2603305785123967, "eval_recall": 0.28734321550741165, "eval_f1": 0.2731707317073171, "eval_accuracy": 0.9319076661777195, "eval_runtime": 2.3224, "eval_samples_per_second": 659.229, "eval_steps_per_second": 82.673, "epoch": 11.0, "step": 1485}, {"eval_loss": 0.22553303837776184, "eval_precision": 0.2654970760233918, "eval_recall": 0.2588369441277081, "eval_f1": 0.2621247113163972, "eval_accuracy": 0.9335675133173782, "eval_runtime": 2.3297, "eval_samples_per_second": 657.175, "eval_steps_per_second": 82.415, "epoch": 3.0, "step": 405}, {"eval_loss": 0.3077320456504822, "eval_precision": 0.25879682179341656, "eval_recall": 0.25997719498289623, "eval_f1": 0.2593856655290102, "eval_accuracy": 0.9348413494943256, "eval_runtime": 2.3228, "eval_samples_per_second": 659.118, "eval_steps_per_second": 82.659, "epoch": 6.0, "step": 810}, {"eval_loss": 0.27324798703193665, "eval_precision": 0.25925925925925924, "eval_recall": 0.2554161915621437, "eval_f1": 0.25732337736932803, "eval_accuracy": 0.9373890218482205, "eval_runtime": 2.324, "eval_samples_per_second": 658.785, "eval_steps_per_second": 82.617, "epoch": 5.0, "step": 675}, {"eval_loss": 0.21468332409858704, "eval_precision": 0.24615384615384617, "eval_recall": 0.1459521094640821, "eval_f1": 0.18324982104509666, "eval_accuracy": 0.9397436887207596, "eval_runtime": 2.3218, "eval_samples_per_second": 659.391, "eval_steps_per_second": 82.693, "epoch": 2.0, "step": 270}, {"eval_loss": 0.23014192283153534, "eval_precision": 0.2459016393442623, "eval_recall": 0.11972633979475485, "eval_f1": 0.1610429447852761, "eval_accuracy": 0.9392418744692349, "eval_runtime": 2.3306, "eval_samples_per_second": 656.905, "eval_steps_per_second": 82.381, "epoch": 1.0, "step": 135}]}