{"timestamp": "08161327", "num_seeds": 5, "task": "tsa-intensity", "model_shortname": "NB-Roberta_base", "machinery": "fox", "args_dict": {"model_name_or_path": "NbAiLab/nb-roberta-base-ncc-plus-scandi-1e4", "dataset_name": "data/tsa_intensity", "seed": 101, "per_device_train_batch_size": 32, "task_name": "08161327_tsa-intensity_NB-Roberta_base", "output_dir": "/cluster/work/projects/ec30/egilron/tsa-hf/08161327_tsa-intensity_NB-Roberta_base", "overwrite_cache": true, "overwrite_output_dir": true, "do_train": true, "num_train_epochs": 16, "do_eval": true, "return_entity_level_metrics": false, "use_auth_token": false, "logging_strategy": "epoch", "save_strategy": "epoch", "evaluation_strategy": "epoch", "save_total_limit": 1, "load_best_model_at_end": true, "label_column_name": "tsa_tags", "disable_tqdm": true, "do_predict": true, "text_column_name": "tokens", "learning_rate": 5e-05}, "best_epoch": 8, "train_epochs_val": [{"eval_loss": 0.3579493761062622, "eval_precision": 0.26915708812260536, "eval_recall": 0.3204104903078677, "eval_f1": 0.2925559604372723, "eval_accuracy": 0.9280089554543349, "eval_runtime": 2.2933, "eval_samples_per_second": 667.59, "eval_steps_per_second": 83.721, "epoch": 8.0, "step": 2160}, {"eval_loss": 0.4448738098144531, "eval_precision": 0.2875, "eval_recall": 0.28848346636259975, "eval_f1": 0.28799089356858276, "eval_accuracy": 0.9350729560719524, "eval_runtime": 2.2912, "eval_samples_per_second": 668.207, "eval_steps_per_second": 83.799, "epoch": 15.0, "step": 4050}, {"eval_loss": 0.44877392053604126, "eval_precision": 0.2861990950226244, "eval_recall": 0.28848346636259975, "eval_f1": 0.28733674048835883, "eval_accuracy": 0.9348027483980546, "eval_runtime": 2.2946, "eval_samples_per_second": 667.231, "eval_steps_per_second": 83.676, "epoch": 16.0, "step": 4320}, {"eval_loss": 0.3376953899860382, "eval_precision": 0.2852153667054715, "eval_recall": 0.27936145952109465, "eval_f1": 0.28225806451612906, "eval_accuracy": 0.9333745078360225, "eval_runtime": 2.2897, "eval_samples_per_second": 668.654, "eval_steps_per_second": 83.855, "epoch": 7.0, "step": 1890}, {"eval_loss": 0.4402421712875366, "eval_precision": 0.2826086956521739, "eval_recall": 0.28164196123147095, "eval_f1": 0.2821245002855511, "eval_accuracy": 0.935227360457037, "eval_runtime": 2.2944, "eval_samples_per_second": 667.283, "eval_steps_per_second": 83.683, "epoch": 14.0, "step": 3780}, {"eval_loss": 0.4267440140247345, "eval_precision": 0.29365079365079366, "eval_recall": 0.2531356898517674, "eval_f1": 0.27189222290263315, "eval_accuracy": 0.9364625955377133, "eval_runtime": 2.2956, "eval_samples_per_second": 666.92, "eval_steps_per_second": 83.637, "epoch": 13.0, "step": 3510}, {"eval_loss": 0.36525195837020874, "eval_precision": 0.2630410654827969, "eval_recall": 0.2702394526795895, "eval_f1": 0.26659167604049494, "eval_accuracy": 0.9319848683702617, "eval_runtime": 2.2921, "eval_samples_per_second": 667.944, "eval_steps_per_second": 83.766, "epoch": 9.0, "step": 2430}, {"eval_loss": 0.407952219247818, "eval_precision": 0.26182618261826185, "eval_recall": 0.27137970353477764, "eval_f1": 0.2665173572228443, "eval_accuracy": 0.9331043001621246, "eval_runtime": 2.3034, "eval_samples_per_second": 664.677, "eval_steps_per_second": 83.356, "epoch": 12.0, "step": 3240}, {"eval_loss": 0.4067780673503876, "eval_precision": 0.24652087475149106, "eval_recall": 0.28278221208665905, "eval_f1": 0.2634094530005311, "eval_accuracy": 0.9296688025939936, "eval_runtime": 2.2913, "eval_samples_per_second": 668.191, "eval_steps_per_second": 83.797, "epoch": 11.0, "step": 2970}, {"eval_loss": 0.3864692151546478, "eval_precision": 0.2796833773087071, "eval_recall": 0.24173318129988597, "eval_f1": 0.2593272171253823, "eval_accuracy": 0.9361537867675442, "eval_runtime": 2.3535, "eval_samples_per_second": 650.519, "eval_steps_per_second": 81.58, "epoch": 10.0, "step": 2700}, {"eval_loss": 0.2516690492630005, "eval_precision": 0.22320637732506643, "eval_recall": 0.28734321550741165, "eval_f1": 0.25124626121635096, "eval_accuracy": 0.9275457422990813, "eval_runtime": 2.2928, "eval_samples_per_second": 667.753, "eval_steps_per_second": 83.742, "epoch": 4.0, "step": 1080}, {"eval_loss": 0.3070939779281616, "eval_precision": 0.2911010558069382, "eval_recall": 0.22006841505131128, "eval_f1": 0.2506493506493506, "eval_accuracy": 0.9370802130780514, "eval_runtime": 2.2889, "eval_samples_per_second": 668.878, "eval_steps_per_second": 83.883, "epoch": 6.0, "step": 1620}, {"eval_loss": 0.27674126625061035, "eval_precision": 0.2603550295857988, "eval_recall": 0.2006841505131129, "eval_f1": 0.2266580811332904, "eval_accuracy": 0.9359993823824596, "eval_runtime": 2.2931, "eval_samples_per_second": 667.669, "eval_steps_per_second": 83.731, "epoch": 5.0, "step": 1350}, {"eval_loss": 0.23985956609249115, "eval_precision": 0.20404234841193455, "eval_recall": 0.24173318129988597, "eval_f1": 0.22129436325678495, "eval_accuracy": 0.9280861576468772, "eval_runtime": 2.2954, "eval_samples_per_second": 666.981, "eval_steps_per_second": 83.645, "epoch": 3.0, "step": 810}, {"eval_loss": 0.2283262461423874, "eval_precision": 0.1864406779661017, "eval_recall": 0.10034207525655645, "eval_f1": 0.1304670126019274, "eval_accuracy": 0.9385470547363545, "eval_runtime": 2.2941, "eval_samples_per_second": 667.378, "eval_steps_per_second": 83.695, "epoch": 2.0, "step": 540}, {"eval_loss": 0.24741363525390625, "eval_precision": 0.22666666666666666, "eval_recall": 0.07753705815279362, "eval_f1": 0.11554800339847068, "eval_accuracy": 0.9368100054041535, "eval_runtime": 2.3011, "eval_samples_per_second": 665.33, "eval_steps_per_second": 83.438, "epoch": 1.0, "step": 270}]}