{"timestamp": "08161531", "num_seeds": 5, "task": "tsa-bin", "model_shortname": "NB-Roberta_base", "machinery": "fox", "args_dict": {"model_name_or_path": "NbAiLab/nb-roberta-base-ncc-plus-scandi-1e4", "dataset_name": "data/tsa_binary", "seed": 101, "per_device_train_batch_size": 32, "task_name": "08161531_tsa-bin_NB-Roberta_base", "output_dir": "/cluster/work/projects/ec30/egilron/tsa-hf/08161531_tsa-bin_NB-Roberta_base", "overwrite_cache": true, "overwrite_output_dir": true, "do_train": true, "num_train_epochs": 16, "do_eval": true, "return_entity_level_metrics": false, "use_auth_token": false, "logging_strategy": "epoch", "save_strategy": "epoch", "evaluation_strategy": "epoch", "save_total_limit": 1, "load_best_model_at_end": true, "label_column_name": "tsa_tags", "disable_tqdm": true, "do_predict": true, "text_column_name": "tokens", "learning_rate": 5e-05}, "best_epoch": 13, "train_epochs_val": [{"eval_loss": 0.3537910282611847, "eval_precision": 0.49327354260089684, "eval_recall": 0.5017103762827823, "eval_f1": 0.497456189937818, "eval_accuracy": 0.9482745309966804, "eval_runtime": 2.3151, "eval_samples_per_second": 661.319, "eval_steps_per_second": 82.935, "epoch": 13.0, "step": 3510}, {"eval_loss": 0.2348313331604004, "eval_precision": 0.47418335089567965, "eval_recall": 0.5131128848346637, "eval_f1": 0.4928806133625411, "eval_accuracy": 0.9483903342854937, "eval_runtime": 2.3444, "eval_samples_per_second": 653.056, "eval_steps_per_second": 81.899, "epoch": 6.0, "step": 1620}, {"eval_loss": 0.25785690546035767, "eval_precision": 0.46060606060606063, "eval_recall": 0.5199543899657925, "eval_f1": 0.4884841992501339, "eval_accuracy": 0.9471164981085463, "eval_runtime": 2.3155, "eval_samples_per_second": 661.186, "eval_steps_per_second": 82.918, "epoch": 7.0, "step": 1890}, {"eval_loss": 0.35043036937713623, "eval_precision": 0.48325892857142855, "eval_recall": 0.49372862029646525, "eval_f1": 0.4884376762549351, "eval_accuracy": 0.9485061375743071, "eval_runtime": 2.3183, "eval_samples_per_second": 660.401, "eval_steps_per_second": 82.82, "epoch": 11.0, "step": 2970}, {"eval_loss": 0.1857793778181076, "eval_precision": 0.46984126984126984, "eval_recall": 0.5062713797035348, "eval_f1": 0.4873765093304061, "eval_accuracy": 0.9473481046861731, "eval_runtime": 2.3195, "eval_samples_per_second": 660.05, "eval_steps_per_second": 82.776, "epoch": 4.0, "step": 1080}, {"eval_loss": 0.37691938877105713, "eval_precision": 0.47535596933187296, "eval_recall": 0.49486887115165334, "eval_f1": 0.4849162011173185, "eval_accuracy": 0.947888520033969, "eval_runtime": 2.3179, "eval_samples_per_second": 660.512, "eval_steps_per_second": 82.834, "epoch": 16.0, "step": 4320}, {"eval_loss": 0.3451189398765564, "eval_precision": 0.46709129511677283, "eval_recall": 0.5017103762827823, "eval_f1": 0.4837822979659154, "eval_accuracy": 0.9460356674129545, "eval_runtime": 2.3203, "eval_samples_per_second": 659.816, "eval_steps_per_second": 82.746, "epoch": 12.0, "step": 3240}, {"eval_loss": 0.36951297521591187, "eval_precision": 0.4722524483133841, "eval_recall": 0.49486887115165334, "eval_f1": 0.4832962138084632, "eval_accuracy": 0.9477727167451555, "eval_runtime": 2.3192, "eval_samples_per_second": 660.145, "eval_steps_per_second": 82.788, "epoch": 14.0, "step": 3780}, {"eval_loss": 0.20600228011608124, "eval_precision": 0.4740331491712707, "eval_recall": 0.48916761687571264, "eval_f1": 0.48148148148148145, "eval_accuracy": 0.9472323013973597, "eval_runtime": 2.3245, "eval_samples_per_second": 658.628, "eval_steps_per_second": 82.597, "epoch": 5.0, "step": 1350}, {"eval_loss": 0.29721349477767944, "eval_precision": 0.4399243140964995, "eval_recall": 0.5302166476624858, "eval_f1": 0.4808686659772492, "eval_accuracy": 0.9444144213695669, "eval_runtime": 2.3187, "eval_samples_per_second": 660.275, "eval_steps_per_second": 82.804, "epoch": 8.0, "step": 2160}, {"eval_loss": 0.3764961063861847, "eval_precision": 0.46936542669584247, "eval_recall": 0.48916761687571264, "eval_f1": 0.47906197654941374, "eval_accuracy": 0.9475797112637999, "eval_runtime": 2.3186, "eval_samples_per_second": 660.323, "eval_steps_per_second": 82.81, "epoch": 15.0, "step": 4050}, {"eval_loss": 0.32922670245170593, "eval_precision": 0.4628632938643703, "eval_recall": 0.4903078677309008, "eval_f1": 0.47619047619047616, "eval_accuracy": 0.9462286728943102, "eval_runtime": 2.3773, "eval_samples_per_second": 643.998, "eval_steps_per_second": 80.763, "epoch": 10.0, "step": 2700}, {"eval_loss": 0.31166818737983704, "eval_precision": 0.4260948905109489, "eval_recall": 0.5324971493728621, "eval_f1": 0.4733907754688292, "eval_accuracy": 0.9431019840963484, "eval_runtime": 2.3162, "eval_samples_per_second": 660.984, "eval_steps_per_second": 82.893, "epoch": 9.0, "step": 2430}, {"eval_loss": 0.16005508601665497, "eval_precision": 0.42424242424242425, "eval_recall": 0.5108323831242874, "eval_f1": 0.46352819451629595, "eval_accuracy": 0.9449934378136339, "eval_runtime": 2.3224, "eval_samples_per_second": 659.232, "eval_steps_per_second": 82.673, "epoch": 3.0, "step": 810}, {"eval_loss": 0.15139898657798767, "eval_precision": 0.48988439306358383, "eval_recall": 0.3865450399087799, "eval_f1": 0.4321223709369025, "eval_accuracy": 0.9496641704624411, "eval_runtime": 2.3169, "eval_samples_per_second": 660.785, "eval_steps_per_second": 82.868, "epoch": 2.0, "step": 540}, {"eval_loss": 0.16957350075244904, "eval_precision": 0.4171195652173913, "eval_recall": 0.3500570125427594, "eval_f1": 0.38065716057036575, "eval_accuracy": 0.9451092411024473, "eval_runtime": 2.3274, "eval_samples_per_second": 657.829, "eval_steps_per_second": 82.497, "epoch": 1.0, "step": 270}]}