{"timestamp": "08161327", "num_seeds": 5, "task": "tsa-intensity", "model_shortname": "NB-BERT_large", "machinery": "fox", "args_dict": {"model_name_or_path": "NbAiLab/nb-bert-large", "dataset_name": "data/tsa_intensity", "seed": 101, "per_device_train_batch_size": 32, "task_name": "08161327_tsa-intensity_NB-BERT_large", "output_dir": "/cluster/work/projects/ec30/egilron/tsa-hf/08161327_tsa-intensity_NB-BERT_large", "overwrite_cache": true, "overwrite_output_dir": true, "do_train": true, "num_train_epochs": 16, "do_eval": true, "return_entity_level_metrics": false, "use_auth_token": false, "logging_strategy": "epoch", "save_strategy": "epoch", "evaluation_strategy": "epoch", "save_total_limit": 1, "load_best_model_at_end": true, "label_column_name": "tsa_tags", "disable_tqdm": true, "do_predict": true, "text_column_name": "tokens", "learning_rate": 1e-05}, "best_epoch": 7, "train_epochs_val": [{"eval_loss": 0.2715819180011749, "eval_precision": 0.33964365256124723, "eval_recall": 0.34777651083238315, "eval_f1": 0.34366197183098596, "eval_accuracy": 0.9424071643634679, "eval_runtime": 3.6838, "eval_samples_per_second": 415.6, "eval_steps_per_second": 52.12, "epoch": 7.0, "step": 1890}, {"eval_loss": 0.3672882914543152, "eval_precision": 0.32150313152400833, "eval_recall": 0.35119726339794755, "eval_f1": 0.33569482288828334, "eval_accuracy": 0.9409403227051648, "eval_runtime": 3.6819, "eval_samples_per_second": 415.818, "eval_steps_per_second": 52.147, "epoch": 15.0, "step": 4050}, {"eval_loss": 0.34276965260505676, "eval_precision": 0.3307262569832402, "eval_recall": 0.33751425313568983, "eval_f1": 0.33408577878103835, "eval_accuracy": 0.9420597544970277, "eval_runtime": 3.688, "eval_samples_per_second": 415.135, "eval_steps_per_second": 52.061, "epoch": 12.0, "step": 3240}, {"eval_loss": 0.34026506543159485, "eval_precision": 0.3115727002967359, "eval_recall": 0.35917901938426455, "eval_f1": 0.3336864406779661, "eval_accuracy": 0.9395892843356751, "eval_runtime": 3.6809, "eval_samples_per_second": 415.93, "eval_steps_per_second": 52.161, "epoch": 11.0, "step": 2970}, {"eval_loss": 0.35584840178489685, "eval_precision": 0.322234156820623, "eval_recall": 0.34207525655644244, "eval_f1": 0.33185840707964603, "eval_accuracy": 0.9414807380529607, "eval_runtime": 3.6816, "eval_samples_per_second": 415.851, "eval_steps_per_second": 52.151, "epoch": 13.0, "step": 3510}, {"eval_loss": 0.36875081062316895, "eval_precision": 0.31392931392931395, "eval_recall": 0.3443557582668187, "eval_f1": 0.32843936922240347, "eval_accuracy": 0.9407859183200803, "eval_runtime": 3.6825, "eval_samples_per_second": 415.755, "eval_steps_per_second": 52.139, "epoch": 16.0, "step": 4320}, {"eval_loss": 0.31767886877059937, "eval_precision": 0.3090172239108409, "eval_recall": 0.34777651083238315, "eval_f1": 0.32725321888412023, "eval_accuracy": 0.9404385084536401, "eval_runtime": 3.682, "eval_samples_per_second": 415.802, "eval_steps_per_second": 52.145, "epoch": 10.0, "step": 2700}, {"eval_loss": 0.3637794256210327, "eval_precision": 0.3211111111111111, "eval_recall": 0.3295324971493729, "eval_f1": 0.325267304445695, "eval_accuracy": 0.9417895468231298, "eval_runtime": 3.6855, "eval_samples_per_second": 415.407, "eval_steps_per_second": 52.095, "epoch": 14.0, "step": 3780}, {"eval_loss": 0.3097603917121887, "eval_precision": 0.28734622144112476, "eval_recall": 0.3728620296465222, "eval_f1": 0.32456575682382127, "eval_accuracy": 0.9363081911526288, "eval_runtime": 3.6833, "eval_samples_per_second": 415.656, "eval_steps_per_second": 52.127, "epoch": 9.0, "step": 2430}, {"eval_loss": 0.2230098694562912, "eval_precision": 0.2937799043062201, "eval_recall": 0.3500570125427594, "eval_f1": 0.3194588969823101, "eval_accuracy": 0.9376592295221184, "eval_runtime": 3.6848, "eval_samples_per_second": 415.49, "eval_steps_per_second": 52.106, "epoch": 4.0, "step": 1080}, {"eval_loss": 0.20411166548728943, "eval_precision": 0.31685393258426964, "eval_recall": 0.3215507411630559, "eval_f1": 0.31918505942275044, "eval_accuracy": 0.9407859183200803, "eval_runtime": 3.6829, "eval_samples_per_second": 415.708, "eval_steps_per_second": 52.133, "epoch": 3.0, "step": 810}, {"eval_loss": 0.2863520383834839, "eval_precision": 0.28545288197621227, "eval_recall": 0.3557582668187001, "eval_f1": 0.316751269035533, "eval_accuracy": 0.9379680382922875, "eval_runtime": 3.6802, "eval_samples_per_second": 416.005, "eval_steps_per_second": 52.17, "epoch": 8.0, "step": 2160}, {"eval_loss": 0.25798094272613525, "eval_precision": 0.29777777777777775, "eval_recall": 0.3055872291904219, "eval_f1": 0.3016319639842431, "eval_accuracy": 0.9400138963946576, "eval_runtime": 3.7417, "eval_samples_per_second": 409.17, "eval_steps_per_second": 51.313, "epoch": 6.0, "step": 1620}, {"eval_loss": 0.2382127195596695, "eval_precision": 0.3042929292929293, "eval_recall": 0.2748004561003421, "eval_f1": 0.28879568603954464, "eval_accuracy": 0.9428317764224504, "eval_runtime": 3.6814, "eval_samples_per_second": 415.869, "eval_steps_per_second": 52.153, "epoch": 5.0, "step": 1350}, {"eval_loss": 0.1968136578798294, "eval_precision": 0.2980891719745223, "eval_recall": 0.2668187001140251, "eval_f1": 0.28158844765342955, "eval_accuracy": 0.9426001698448236, "eval_runtime": 3.682, "eval_samples_per_second": 415.812, "eval_steps_per_second": 52.146, "epoch": 2.0, "step": 540}, {"eval_loss": 0.21759039163589478, "eval_precision": 0.24972497249724973, "eval_recall": 0.2588369441277081, "eval_f1": 0.2541993281075028, "eval_accuracy": 0.9382382459661854, "eval_runtime": 3.7051, "eval_samples_per_second": 413.215, "eval_steps_per_second": 51.821, "epoch": 1.0, "step": 270}]}