{"timestamp": "08161327", "num_seeds": 5, "task": "tsa-intensity", "model_shortname": "XLM-R_base", "machinery": "fox", "args_dict": {"model_name_or_path": "xlm-roberta-base", "dataset_name": "data/tsa_intensity", "seed": 101, "per_device_train_batch_size": 64, "task_name": "08161327_tsa-intensity_XLM-R_base", "output_dir": "/cluster/work/projects/ec30/egilron/tsa-hf/08161327_tsa-intensity_XLM-R_base", "overwrite_cache": true, "overwrite_output_dir": true, "do_train": true, "num_train_epochs": 16, "do_eval": true, "return_entity_level_metrics": false, "use_auth_token": false, "logging_strategy": "epoch", "save_strategy": "epoch", "evaluation_strategy": "epoch", "save_total_limit": 1, "load_best_model_at_end": true, "label_column_name": "tsa_tags", "disable_tqdm": true, "do_predict": true, "text_column_name": "tokens", "learning_rate": 1e-05}, "best_epoch": 16, "train_epochs_val": [{"eval_loss": 0.2547582685947418, "eval_precision": 0.24290220820189273, "eval_recall": 0.2633979475484607, "eval_f1": 0.25273522975929974, "eval_accuracy": 0.9335289122211071, "eval_runtime": 2.3102, "eval_samples_per_second": 662.708, "eval_steps_per_second": 83.109, "epoch": 16.0, "step": 2160}, {"eval_loss": 0.25290894508361816, "eval_precision": 0.2417465388711395, "eval_recall": 0.2588369441277081, "eval_f1": 0.25, "eval_accuracy": 0.9340307264726319, "eval_runtime": 2.3137, "eval_samples_per_second": 661.719, "eval_steps_per_second": 82.985, "epoch": 15.0, "step": 2025}, {"eval_loss": 0.2513981759548187, "eval_precision": 0.2414553472987872, "eval_recall": 0.24971493728620298, "eval_f1": 0.24551569506726456, "eval_accuracy": 0.9346097429166988, "eval_runtime": 2.315, "eval_samples_per_second": 661.328, "eval_steps_per_second": 82.936, "epoch": 13.0, "step": 1755}, {"eval_loss": 0.2516562044620514, "eval_precision": 0.23706896551724138, "eval_recall": 0.2508551881413911, "eval_f1": 0.2437673130193906, "eval_accuracy": 0.9346869451092411, "eval_runtime": 2.3133, "eval_samples_per_second": 661.832, "eval_steps_per_second": 82.999, "epoch": 14.0, "step": 1890}, {"eval_loss": 0.2380932867527008, "eval_precision": 0.23068893528183715, "eval_recall": 0.2519954389965792, "eval_f1": 0.2408719346049046, "eval_accuracy": 0.932641087006871, "eval_runtime": 2.3183, "eval_samples_per_second": 660.387, "eval_steps_per_second": 82.818, "epoch": 8.0, "step": 1080}, {"eval_loss": 0.24355177581310272, "eval_precision": 0.237880496054115, "eval_recall": 0.24059293044469784, "eval_f1": 0.23922902494331064, "eval_accuracy": 0.9345711418204277, "eval_runtime": 2.3228, "eval_samples_per_second": 659.127, "eval_steps_per_second": 82.66, "epoch": 10.0, "step": 1350}, {"eval_loss": 0.23879508674144745, "eval_precision": 0.24692874692874692, "eval_recall": 0.2291904218928164, "eval_f1": 0.2377291543465405, "eval_accuracy": 0.9362695900563576, "eval_runtime": 2.3738, "eval_samples_per_second": 644.966, "eval_steps_per_second": 80.884, "epoch": 9.0, "step": 1215}, {"eval_loss": 0.2489473521709442, "eval_precision": 0.22088353413654618, "eval_recall": 0.2508551881413911, "eval_f1": 0.23491724506139883, "eval_accuracy": 0.9324094804292442, "eval_runtime": 2.3153, "eval_samples_per_second": 661.254, "eval_steps_per_second": 82.927, "epoch": 11.0, "step": 1485}, {"eval_loss": 0.2478475570678711, "eval_precision": 0.23348519362186787, "eval_recall": 0.233751425313569, "eval_f1": 0.23361823361823358, "eval_accuracy": 0.9345325407241566, "eval_runtime": 2.3171, "eval_samples_per_second": 660.745, "eval_steps_per_second": 82.863, "epoch": 12.0, "step": 1620}, {"eval_loss": 0.23208393156528473, "eval_precision": 0.23623011015911874, "eval_recall": 0.22006841505131128, "eval_f1": 0.22786304604486424, "eval_accuracy": 0.9358449779973751, "eval_runtime": 2.3168, "eval_samples_per_second": 660.828, "eval_steps_per_second": 82.873, "epoch": 7.0, "step": 945}, {"eval_loss": 0.23091723024845123, "eval_precision": 0.2122905027932961, "eval_recall": 0.21664766248574688, "eval_f1": 0.21444695259593682, "eval_accuracy": 0.9337605187987339, "eval_runtime": 2.3131, "eval_samples_per_second": 661.896, "eval_steps_per_second": 83.007, "epoch": 6.0, "step": 810}, {"eval_loss": 0.23271484673023224, "eval_precision": 0.19581958195819582, "eval_recall": 0.20296465222348917, "eval_f1": 0.19932810750279958, "eval_accuracy": 0.93294989577704, "eval_runtime": 2.311, "eval_samples_per_second": 662.477, "eval_steps_per_second": 83.08, "epoch": 5.0, "step": 675}, {"eval_loss": 0.23120902478694916, "eval_precision": 0.20745542949756887, "eval_recall": 0.1459521094640821, "eval_f1": 0.1713520749665328, "eval_accuracy": 0.9374662240407627, "eval_runtime": 2.3132, "eval_samples_per_second": 661.842, "eval_steps_per_second": 83.0, "epoch": 4.0, "step": 540}, {"eval_loss": 0.2390725314617157, "eval_precision": 0.152, "eval_recall": 0.06499429874572406, "eval_f1": 0.09105431309904154, "eval_accuracy": 0.9356519725160195, "eval_runtime": 2.3151, "eval_samples_per_second": 661.3, "eval_steps_per_second": 82.933, "epoch": 3.0, "step": 405}, {"eval_loss": 0.25875312089920044, "eval_precision": 0.0963855421686747, "eval_recall": 0.027366020524515394, "eval_f1": 0.04262877442273535, "eval_accuracy": 0.9337219177024627, "eval_runtime": 2.3189, "eval_samples_per_second": 660.235, "eval_steps_per_second": 82.799, "epoch": 2.0, "step": 270}, {"eval_loss": 0.29555681347846985, "eval_precision": 0.0, "eval_recall": 0.0, "eval_f1": 0.0, "eval_accuracy": 0.9341851308577164, "eval_runtime": 2.3304, "eval_samples_per_second": 656.955, "eval_steps_per_second": 82.388, "epoch": 1.0, "step": 135}]}