{"timestamp": "08161531", "num_seeds": 5, "task": "tsa-bin", "model_shortname": "NorBERT_3_large", "machinery": "fox", "args_dict": {"model_name_or_path": "ltg/norbert3-large", "dataset_name": "data/tsa_binary", "seed": 101, "per_device_train_batch_size": 32, "task_name": "08161531_tsa-bin_NorBERT_3_large", "output_dir": "/cluster/work/projects/ec30/egilron/tsa-hf/08161531_tsa-bin_NorBERT_3_large", "overwrite_cache": true, "overwrite_output_dir": true, "do_train": true, "num_train_epochs": 16, "do_eval": true, "return_entity_level_metrics": false, "use_auth_token": false, "logging_strategy": "epoch", "save_strategy": "epoch", "evaluation_strategy": "epoch", "save_total_limit": 1, "load_best_model_at_end": true, "label_column_name": "tsa_tags", "disable_tqdm": true, "do_predict": true, "text_column_name": "tokens", "learning_rate": 1e-05}, "best_epoch": 12, "train_epochs_val": [{"eval_loss": 0.3119724988937378, "eval_precision": 0.585247883917775, "eval_recall": 0.5518814139110604, "eval_f1": 0.568075117370892, "eval_accuracy": 0.9579248050644639, "eval_runtime": 4.9827, "eval_samples_per_second": 307.264, "eval_steps_per_second": 38.533, "epoch": 12.0, "step": 3240}, {"eval_loss": 0.3256012797355652, "eval_precision": 0.5752941176470588, "eval_recall": 0.5575826681870011, "eval_f1": 0.5662999420961203, "eval_accuracy": 0.9569597776576855, "eval_runtime": 4.9874, "eval_samples_per_second": 306.973, "eval_steps_per_second": 38.497, "epoch": 16.0, "step": 4320}, {"eval_loss": 0.29883694648742676, "eval_precision": 0.5517993456924755, "eval_recall": 0.5769669327251995, "eval_f1": 0.5641025641025642, "eval_accuracy": 0.9558403458658226, "eval_runtime": 4.9809, "eval_samples_per_second": 307.373, "eval_steps_per_second": 38.547, "epoch": 11.0, "step": 2970}, {"eval_loss": 0.28353559970855713, "eval_precision": 0.5699300699300699, "eval_recall": 0.5575826681870011, "eval_f1": 0.5636887608069164, "eval_accuracy": 0.9571913842353122, "eval_runtime": 4.9917, "eval_samples_per_second": 306.707, "eval_steps_per_second": 38.464, "epoch": 10.0, "step": 2700}, {"eval_loss": 0.31785494089126587, "eval_precision": 0.5763723150357996, "eval_recall": 0.5507411630558723, "eval_f1": 0.563265306122449, "eval_accuracy": 0.9569597776576855, "eval_runtime": 4.9799, "eval_samples_per_second": 307.437, "eval_steps_per_second": 38.555, "epoch": 13.0, "step": 3510}, {"eval_loss": 0.1921258568763733, "eval_precision": 0.5743162901307967, "eval_recall": 0.5507411630558723, "eval_f1": 0.5622817229336436, "eval_accuracy": 0.9568825754651432, "eval_runtime": 4.9964, "eval_samples_per_second": 306.419, "eval_steps_per_second": 38.427, "epoch": 5.0, "step": 1350}, {"eval_loss": 0.3265027701854706, "eval_precision": 0.5813953488372093, "eval_recall": 0.5416191562143672, "eval_f1": 0.5608028335301063, "eval_accuracy": 0.957384389716668, "eval_runtime": 4.9874, "eval_samples_per_second": 306.974, "eval_steps_per_second": 38.497, "epoch": 14.0, "step": 3780}, {"eval_loss": 0.2844890058040619, "eval_precision": 0.5581920903954802, "eval_recall": 0.5632839224629419, "eval_f1": 0.5607264472190693, "eval_accuracy": 0.9564965645024319, "eval_runtime": 4.9919, "eval_samples_per_second": 306.698, "eval_steps_per_second": 38.462, "epoch": 9.0, "step": 2430}, {"eval_loss": 0.3283258378505707, "eval_precision": 0.5768292682926829, "eval_recall": 0.5393386545039909, "eval_f1": 0.5574543311726577, "eval_accuracy": 0.9569983787539567, "eval_runtime": 4.9841, "eval_samples_per_second": 307.175, "eval_steps_per_second": 38.522, "epoch": 15.0, "step": 4050}, {"eval_loss": 0.2557453513145447, "eval_precision": 0.5561861520998865, "eval_recall": 0.5587229190421893, "eval_f1": 0.5574516496018204, "eval_accuracy": 0.9557245425770092, "eval_runtime": 5.0013, "eval_samples_per_second": 306.12, "eval_steps_per_second": 38.39, "epoch": 8.0, "step": 2160}, {"eval_loss": 0.16416718065738678, "eval_precision": 0.5508379888268157, "eval_recall": 0.5621436716077537, "eval_f1": 0.5564334085778782, "eval_accuracy": 0.9557245425770092, "eval_runtime": 4.9965, "eval_samples_per_second": 306.416, "eval_steps_per_second": 38.427, "epoch": 4.0, "step": 1080}, {"eval_loss": 0.2427210658788681, "eval_precision": 0.558246828143022, "eval_recall": 0.5518814139110604, "eval_f1": 0.555045871559633, "eval_accuracy": 0.9555315370956535, "eval_runtime": 4.9906, "eval_samples_per_second": 306.776, "eval_steps_per_second": 38.472, "epoch": 7.0, "step": 1890}, {"eval_loss": 0.21474789083003998, "eval_precision": 0.554641598119859, "eval_recall": 0.5381984036488028, "eval_f1": 0.5462962962962963, "eval_accuracy": 0.9559175480583648, "eval_runtime": 5.0315, "eval_samples_per_second": 304.28, "eval_steps_per_second": 38.159, "epoch": 6.0, "step": 1620}, {"eval_loss": 0.13932611048221588, "eval_precision": 0.5531914893617021, "eval_recall": 0.5336374002280502, "eval_f1": 0.543238537434707, "eval_accuracy": 0.9564965645024319, "eval_runtime": 4.9916, "eval_samples_per_second": 306.718, "eval_steps_per_second": 38.465, "epoch": 3.0, "step": 810}, {"eval_loss": 0.13051612675189972, "eval_precision": 0.5175936435868331, "eval_recall": 0.5199543899657925, "eval_f1": 0.5187713310580204, "eval_accuracy": 0.9544121053037906, "eval_runtime": 4.9862, "eval_samples_per_second": 307.05, "eval_steps_per_second": 38.507, "epoch": 2.0, "step": 540}, {"eval_loss": 0.1419600397348404, "eval_precision": 0.49878345498783455, "eval_recall": 0.467502850627138, "eval_f1": 0.48263684520306066, "eval_accuracy": 0.9527522581641319, "eval_runtime": 5.0033, "eval_samples_per_second": 306.0, "eval_steps_per_second": 38.375, "epoch": 1.0, "step": 270}]}