{"timestamp": "08161531", "num_seeds": 5, "task": "tsa-bin", "model_shortname": "XLM-R_base", "machinery": "fox", "args_dict": {"model_name_or_path": "xlm-roberta-base", "dataset_name": "data/tsa_binary", "seed": 101, "per_device_train_batch_size": 64, "task_name": "08161531_tsa-bin_XLM-R_base", "output_dir": "/cluster/work/projects/ec30/egilron/tsa-hf/08161531_tsa-bin_XLM-R_base", "overwrite_cache": true, "overwrite_output_dir": true, "do_train": true, "num_train_epochs": 16, "do_eval": true, "return_entity_level_metrics": false, "use_auth_token": false, "logging_strategy": "epoch", "save_strategy": "epoch", "evaluation_strategy": "epoch", "save_total_limit": 1, "load_best_model_at_end": true, "label_column_name": "tsa_tags", "disable_tqdm": true, "do_predict": true, "text_column_name": "tokens", "learning_rate": 1e-05}, "best_epoch": 10, "train_epochs_val": [{"eval_loss": 0.18532729148864746, "eval_precision": 0.4931506849315068, "eval_recall": 0.4925883694412771, "eval_f1": 0.4928693667997718, "eval_accuracy": 0.9474639079749865, "eval_runtime": 2.2856, "eval_samples_per_second": 669.856, "eval_steps_per_second": 84.005, "epoch": 10.0, "step": 1350}, {"eval_loss": 0.17367690801620483, "eval_precision": 0.47639484978540775, "eval_recall": 0.5062713797035348, "eval_f1": 0.49087893864013266, "eval_accuracy": 0.9475411101675287, "eval_runtime": 2.2881, "eval_samples_per_second": 669.12, "eval_steps_per_second": 83.913, "epoch": 8.0, "step": 1080}, {"eval_loss": 0.1898142695426941, "eval_precision": 0.4370503597122302, "eval_recall": 0.5541619156214367, "eval_f1": 0.48868778280542985, "eval_accuracy": 0.9422913610746545, "eval_runtime": 2.2883, "eval_samples_per_second": 669.056, "eval_steps_per_second": 83.905, "epoch": 11.0, "step": 1485}, {"eval_loss": 0.19351433217525482, "eval_precision": 0.4718384697130712, "eval_recall": 0.5062713797035348, "eval_f1": 0.4884488448844884, "eval_accuracy": 0.947039295916004, "eval_runtime": 2.2889, "eval_samples_per_second": 668.885, "eval_steps_per_second": 83.884, "epoch": 13.0, "step": 1755}, {"eval_loss": 0.1814500242471695, "eval_precision": 0.4947245017584994, "eval_recall": 0.4811858608893957, "eval_f1": 0.4878612716763006, "eval_accuracy": 0.9485833397668494, "eval_runtime": 2.3445, "eval_samples_per_second": 653.01, "eval_steps_per_second": 81.893, "epoch": 9.0, "step": 1215}, {"eval_loss": 0.2003171294927597, "eval_precision": 0.4745395449620802, "eval_recall": 0.49942987457240595, "eval_f1": 0.4866666666666667, "eval_accuracy": 0.946730487145835, "eval_runtime": 2.2889, "eval_samples_per_second": 668.867, "eval_steps_per_second": 83.881, "epoch": 14.0, "step": 1890}, {"eval_loss": 0.2013150006532669, "eval_precision": 0.4609053497942387, "eval_recall": 0.5108323831242874, "eval_f1": 0.48458626284478096, "eval_accuracy": 0.94588126302787, "eval_runtime": 2.2848, "eval_samples_per_second": 670.083, "eval_steps_per_second": 84.034, "epoch": 16.0, "step": 2160}, {"eval_loss": 0.2006184458732605, "eval_precision": 0.4608247422680412, "eval_recall": 0.5096921322690992, "eval_f1": 0.4840281537628586, "eval_accuracy": 0.9455338531614298, "eval_runtime": 2.2858, "eval_samples_per_second": 669.795, "eval_steps_per_second": 83.998, "epoch": 15.0, "step": 2025}, {"eval_loss": 0.1939898431301117, "eval_precision": 0.46932185145317545, "eval_recall": 0.49714937286202965, "eval_f1": 0.4828349944629014, "eval_accuracy": 0.9468848915309195, "eval_runtime": 2.2854, "eval_samples_per_second": 669.891, "eval_steps_per_second": 84.01, "epoch": 12.0, "step": 1620}, {"eval_loss": 0.17390461266040802, "eval_precision": 0.4830409356725146, "eval_recall": 0.4709236031927024, "eval_f1": 0.476905311778291, "eval_accuracy": 0.9490465529221029, "eval_runtime": 2.2828, "eval_samples_per_second": 670.682, "eval_steps_per_second": 84.109, "epoch": 7.0, "step": 945}, {"eval_loss": 0.16704514622688293, "eval_precision": 0.4451476793248945, "eval_recall": 0.4811858608893957, "eval_f1": 0.46246575342465757, "eval_accuracy": 0.9459198641241411, "eval_runtime": 2.2832, "eval_samples_per_second": 670.544, "eval_steps_per_second": 84.092, "epoch": 5.0, "step": 675}, {"eval_loss": 0.16784857213497162, "eval_precision": 0.45506912442396313, "eval_recall": 0.45039908779931587, "eval_f1": 0.45272206303724927, "eval_accuracy": 0.9471164981085463, "eval_runtime": 2.2876, "eval_samples_per_second": 669.248, "eval_steps_per_second": 83.929, "epoch": 6.0, "step": 810}, {"eval_loss": 0.1687079668045044, "eval_precision": 0.45292014302741357, "eval_recall": 0.43329532497149376, "eval_f1": 0.4428904428904429, "eval_accuracy": 0.9466532849532927, "eval_runtime": 2.285, "eval_samples_per_second": 670.008, "eval_steps_per_second": 84.024, "epoch": 4.0, "step": 540}, {"eval_loss": 0.1709929257631302, "eval_precision": 0.44680851063829785, "eval_recall": 0.3352337514253136, "eval_f1": 0.38306188925081436, "eval_accuracy": 0.9447618312360071, "eval_runtime": 2.2925, "eval_samples_per_second": 667.843, "eval_steps_per_second": 83.753, "epoch": 3.0, "step": 405}, {"eval_loss": 0.1947062611579895, "eval_precision": 0.4097938144329897, "eval_recall": 0.18129988597491448, "eval_f1": 0.2513833992094861, "eval_accuracy": 0.9410561259939783, "eval_runtime": 2.2916, "eval_samples_per_second": 668.083, "eval_steps_per_second": 83.783, "epoch": 2.0, "step": 270}, {"eval_loss": 0.2448122352361679, "eval_precision": 0.23529411764705882, "eval_recall": 0.009122006841505131, "eval_f1": 0.01756311745334797, "eval_accuracy": 0.9348027483980546, "eval_runtime": 2.2949, "eval_samples_per_second": 667.143, "eval_steps_per_second": 83.665, "epoch": 1.0, "step": 135}]}