{"timestamp": "08161327", "num_seeds": 5, "task": "tsa-intensity", "model_shortname": "NorBERT_3_base", "machinery": "fox", "args_dict": {"model_name_or_path": "ltg/norbert3-base", "dataset_name": "data/tsa_intensity", "seed": 101, "per_device_train_batch_size": 64, "task_name": "08161327_tsa-intensity_NorBERT_3_base", "output_dir": "/cluster/work/projects/ec30/egilron/tsa-hf/08161327_tsa-intensity_NorBERT_3_base", "overwrite_cache": true, "overwrite_output_dir": true, "do_train": true, "num_train_epochs": 16, "do_eval": true, "return_entity_level_metrics": false, "use_auth_token": false, "logging_strategy": "epoch", "save_strategy": "epoch", "evaluation_strategy": "epoch", "save_total_limit": 1, "load_best_model_at_end": true, "label_column_name": "tsa_tags", "disable_tqdm": true, "do_predict": true, "text_column_name": "tokens", "learning_rate": 5e-05}, "best_epoch": 15, "train_epochs_val": [{"eval_loss": 0.4188646674156189, "eval_precision": 0.3227990970654628, "eval_recall": 0.3261117445838084, "eval_f1": 0.32444696539988654, "eval_accuracy": 0.9400910985871999, "eval_runtime": 3.006, "eval_samples_per_second": 509.322, "eval_steps_per_second": 63.873, "epoch": 15.0, "step": 2025}, {"eval_loss": 0.418129026889801, "eval_precision": 0.3184931506849315, "eval_recall": 0.3181299885974915, "eval_f1": 0.31831146605818594, "eval_accuracy": 0.9403613062610978, "eval_runtime": 3.0042, "eval_samples_per_second": 509.614, "eval_steps_per_second": 63.91, "epoch": 14.0, "step": 1890}, {"eval_loss": 0.37363138794898987, "eval_precision": 0.30752688172043013, "eval_recall": 0.3261117445838084, "eval_f1": 0.31654676258992803, "eval_accuracy": 0.9392418744692349, "eval_runtime": 3.0617, "eval_samples_per_second": 500.053, "eval_steps_per_second": 62.711, "epoch": 9.0, "step": 1215}, {"eval_loss": 0.3338775634765625, "eval_precision": 0.3084522502744237, "eval_recall": 0.3204104903078677, "eval_f1": 0.31431767337807603, "eval_accuracy": 0.9397822898170308, "eval_runtime": 3.0045, "eval_samples_per_second": 509.571, "eval_steps_per_second": 63.904, "epoch": 7.0, "step": 945}, {"eval_loss": 0.41463786363601685, "eval_precision": 0.31530494821634064, "eval_recall": 0.3124287343215507, "eval_f1": 0.3138602520045819, "eval_accuracy": 0.9397436887207596, "eval_runtime": 3.0089, "eval_samples_per_second": 508.831, "eval_steps_per_second": 63.812, "epoch": 13.0, "step": 1755}, {"eval_loss": 0.4192385673522949, "eval_precision": 0.31046119235095615, "eval_recall": 0.314709236031927, "eval_f1": 0.31257078142695355, "eval_accuracy": 0.9396664865282174, "eval_runtime": 3.0067, "eval_samples_per_second": 509.199, "eval_steps_per_second": 63.858, "epoch": 16.0, "step": 2160}, {"eval_loss": 0.3626352548599243, "eval_precision": 0.29092702169625245, "eval_recall": 0.3363740022805017, "eval_f1": 0.31200423056583815, "eval_accuracy": 0.9378908360997452, "eval_runtime": 3.0015, "eval_samples_per_second": 510.079, "eval_steps_per_second": 63.968, "epoch": 8.0, "step": 1080}, {"eval_loss": 0.26210227608680725, "eval_precision": 0.3117782909930716, "eval_recall": 0.30786773090079816, "eval_f1": 0.3098106712564544, "eval_accuracy": 0.9397436887207596, "eval_runtime": 3.0015, "eval_samples_per_second": 510.07, "eval_steps_per_second": 63.967, "epoch": 4.0, "step": 540}, {"eval_loss": 0.3896767497062683, "eval_precision": 0.3079545454545455, "eval_recall": 0.3090079817559863, "eval_f1": 0.3084803642572567, "eval_accuracy": 0.9392032733729638, "eval_runtime": 3.0043, "eval_samples_per_second": 509.609, "eval_steps_per_second": 63.909, "epoch": 10.0, "step": 1350}, {"eval_loss": 0.42353734374046326, "eval_precision": 0.32138442521631644, "eval_recall": 0.29646522234891676, "eval_f1": 0.30842230130486353, "eval_accuracy": 0.9402069018760133, "eval_runtime": 3.0105, "eval_samples_per_second": 508.56, "eval_steps_per_second": 63.778, "epoch": 12.0, "step": 1620}, {"eval_loss": 0.29621776938438416, "eval_precision": 0.2781954887218045, "eval_recall": 0.33751425313568983, "eval_f1": 0.30499742400824315, "eval_accuracy": 0.9359993823824596, "eval_runtime": 3.0039, "eval_samples_per_second": 509.667, "eval_steps_per_second": 63.916, "epoch": 5.0, "step": 675}, {"eval_loss": 0.4012514054775238, "eval_precision": 0.30460448642266824, "eval_recall": 0.29418472063854045, "eval_f1": 0.2993039443155453, "eval_accuracy": 0.939550683239404, "eval_runtime": 2.9968, "eval_samples_per_second": 510.874, "eval_steps_per_second": 64.068, "epoch": 11.0, "step": 1485}, {"eval_loss": 0.22960597276687622, "eval_precision": 0.3211009174311927, "eval_recall": 0.27936145952109465, "eval_f1": 0.2987804878048781, "eval_accuracy": 0.9420597544970277, "eval_runtime": 2.9982, "eval_samples_per_second": 510.639, "eval_steps_per_second": 64.038, "epoch": 3.0, "step": 405}, {"eval_loss": 0.3205114006996155, "eval_precision": 0.2831001076426265, "eval_recall": 0.2998859749144812, "eval_f1": 0.29125138427464015, "eval_accuracy": 0.9373504207519494, "eval_runtime": 3.0017, "eval_samples_per_second": 510.041, "eval_steps_per_second": 63.963, "epoch": 6.0, "step": 810}, {"eval_loss": 0.19903329014778137, "eval_precision": 0.266839378238342, "eval_recall": 0.2348916761687571, "eval_f1": 0.24984839296543357, "eval_accuracy": 0.9408631205126226, "eval_runtime": 3.0001, "eval_samples_per_second": 510.319, "eval_steps_per_second": 63.998, "epoch": 2.0, "step": 270}, {"eval_loss": 0.20445334911346436, "eval_precision": 0.28360413589364847, "eval_recall": 0.21892816419612315, "eval_f1": 0.2471042471042471, "eval_accuracy": 0.941557940245503, "eval_runtime": 3.0164, "eval_samples_per_second": 507.563, "eval_steps_per_second": 63.653, "epoch": 1.0, "step": 135}]}