{"timestamp": "08161531", "num_seeds": 5, "task": "tsa-bin", "model_shortname": "NB-BERT_large", "machinery": "fox", "args_dict": {"model_name_or_path": "NbAiLab/nb-bert-large", "dataset_name": "data/tsa_binary", "seed": 101, "per_device_train_batch_size": 64, "task_name": "08161531_tsa-bin_NB-BERT_large", "output_dir": "/cluster/work/projects/ec30/egilron/tsa-hf/08161531_tsa-bin_NB-BERT_large", "overwrite_cache": true, "overwrite_output_dir": true, "do_train": true, "num_train_epochs": 16, "do_eval": true, "return_entity_level_metrics": false, "use_auth_token": false, "logging_strategy": "epoch", "save_strategy": "epoch", "evaluation_strategy": "epoch", "save_total_limit": 1, "load_best_model_at_end": true, "label_column_name": "tsa_tags", "disable_tqdm": true, "do_predict": true, "text_column_name": "tokens", "learning_rate": 0.0001}, "best_epoch": 15, "train_epochs_val": [{"eval_loss": 0.35539284348487854, "eval_precision": 0.5375982042648709, "eval_recall": 0.5461801596351197, "eval_f1": 0.5418552036199094, "eval_accuracy": 0.9531768702231144, "eval_runtime": 3.6697, "eval_samples_per_second": 417.204, "eval_steps_per_second": 52.321, "epoch": 15.0, "step": 2025}, {"eval_loss": 0.35673317313194275, "eval_precision": 0.5419058553386912, "eval_recall": 0.5381984036488028, "eval_f1": 0.540045766590389, "eval_accuracy": 0.9536014822820968, "eval_runtime": 3.6629, "eval_samples_per_second": 417.978, "eval_steps_per_second": 52.418, "epoch": 16.0, "step": 2160}, {"eval_loss": 0.3550611436367035, "eval_precision": 0.532130777903044, "eval_recall": 0.5381984036488028, "eval_f1": 0.5351473922902494, "eval_accuracy": 0.9528680614529452, "eval_runtime": 3.67, "eval_samples_per_second": 417.168, "eval_steps_per_second": 52.316, "epoch": 14.0, "step": 1890}, {"eval_loss": 0.34826838970184326, "eval_precision": 0.5206073752711496, "eval_recall": 0.5473204104903079, "eval_f1": 0.5336297943301834, "eval_accuracy": 0.951632826372269, "eval_runtime": 3.6731, "eval_samples_per_second": 416.814, "eval_steps_per_second": 52.272, "epoch": 12.0, "step": 1620}, {"eval_loss": 0.351988285779953, "eval_precision": 0.5541871921182266, "eval_recall": 0.5131128848346637, "eval_f1": 0.532859680284192, "eval_accuracy": 0.9548367173627731, "eval_runtime": 3.6735, "eval_samples_per_second": 416.773, "eval_steps_per_second": 52.267, "epoch": 13.0, "step": 1755}, {"eval_loss": 0.17012104392051697, "eval_precision": 0.4913294797687861, "eval_recall": 0.5815279361459521, "eval_f1": 0.5326370757180157, "eval_accuracy": 0.9524820504902339, "eval_runtime": 3.6703, "eval_samples_per_second": 417.128, "eval_steps_per_second": 52.311, "epoch": 3.0, "step": 405}, {"eval_loss": 0.14443586766719818, "eval_precision": 0.4757630161579892, "eval_recall": 0.6043329532497149, "eval_f1": 0.5323957810145655, "eval_accuracy": 0.950474793484135, "eval_runtime": 3.674, "eval_samples_per_second": 416.714, "eval_steps_per_second": 52.259, "epoch": 2.0, "step": 270}, {"eval_loss": 0.33740484714508057, "eval_precision": 0.5361305361305362, "eval_recall": 0.5245153933865451, "eval_f1": 0.5302593659942364, "eval_accuracy": 0.9525978537790474, "eval_runtime": 3.6623, "eval_samples_per_second": 418.039, "eval_steps_per_second": 52.425, "epoch": 11.0, "step": 1485}, {"eval_loss": 0.34769517183303833, "eval_precision": 0.5569782330345711, "eval_recall": 0.4960091220068415, "eval_f1": 0.5247285886610373, "eval_accuracy": 0.9540260943410793, "eval_runtime": 3.6653, "eval_samples_per_second": 417.705, "eval_steps_per_second": 52.384, "epoch": 10.0, "step": 1350}, {"eval_loss": 0.2031289041042328, "eval_precision": 0.49537512846865367, "eval_recall": 0.5496009122006842, "eval_f1": 0.5210810810810811, "eval_accuracy": 0.9511696132170153, "eval_runtime": 3.6609, "eval_samples_per_second": 418.209, "eval_steps_per_second": 52.447, "epoch": 4.0, "step": 540}, {"eval_loss": 0.332669734954834, "eval_precision": 0.55198973042362, "eval_recall": 0.4903078677309008, "eval_f1": 0.5193236714975845, "eval_accuracy": 0.9537558866671814, "eval_runtime": 3.6698, "eval_samples_per_second": 417.191, "eval_steps_per_second": 52.319, "epoch": 9.0, "step": 1215}, {"eval_loss": 0.3013589382171631, "eval_precision": 0.5213872832369942, "eval_recall": 0.5142531356898518, "eval_f1": 0.5177956371986223, "eval_accuracy": 0.9518644329498958, "eval_runtime": 3.6669, "eval_samples_per_second": 417.518, "eval_steps_per_second": 52.36, "epoch": 8.0, "step": 1080}, {"eval_loss": 0.27978330850601196, "eval_precision": 0.4927385892116183, "eval_recall": 0.5416191562143672, "eval_f1": 0.5160239000543184, "eval_accuracy": 0.9524820504902339, "eval_runtime": 3.6694, "eval_samples_per_second": 417.231, "eval_steps_per_second": 52.324, "epoch": 7.0, "step": 945}, {"eval_loss": 0.25032827258110046, "eval_precision": 0.5054704595185996, "eval_recall": 0.5267958950969214, "eval_f1": 0.5159128978224456, "eval_accuracy": 0.9511696132170153, "eval_runtime": 3.6653, "eval_samples_per_second": 417.706, "eval_steps_per_second": 52.384, "epoch": 5.0, "step": 675}, {"eval_loss": 0.2736378014087677, "eval_precision": 0.4885745375408052, "eval_recall": 0.5119726339794755, "eval_f1": 0.5, "eval_accuracy": 0.9507064000617618, "eval_runtime": 3.671, "eval_samples_per_second": 417.055, "eval_steps_per_second": 52.302, "epoch": 6.0, "step": 810}, {"eval_loss": 0.14896437525749207, "eval_precision": 0.42762535477767266, "eval_recall": 0.5153933865450399, "eval_f1": 0.4674250258531541, "eval_accuracy": 0.9483903342854937, "eval_runtime": 3.6801, "eval_samples_per_second": 416.026, "eval_steps_per_second": 52.173, "epoch": 1.0, "step": 135}]}