{"timestamp": "08161531", "num_seeds": 5, "task": "tsa-bin", "model_shortname": "NB-Roberta_base", "machinery": "fox", "args_dict": {"model_name_or_path": "NbAiLab/nb-roberta-base-ncc-plus-scandi-1e4", "dataset_name": "data/tsa_binary", "seed": 101, "per_device_train_batch_size": 64, "task_name": "08161531_tsa-bin_NB-Roberta_base", "output_dir": "/cluster/work/projects/ec30/egilron/tsa-hf/08161531_tsa-bin_NB-Roberta_base", "overwrite_cache": true, "overwrite_output_dir": true, "do_train": true, "num_train_epochs": 16, "do_eval": true, "return_entity_level_metrics": false, "use_auth_token": false, "logging_strategy": "epoch", "save_strategy": "epoch", "evaluation_strategy": "epoch", "save_total_limit": 1, "load_best_model_at_end": true, "label_column_name": "tsa_tags", "disable_tqdm": true, "do_predict": true, "text_column_name": "tokens", "learning_rate": 5e-05}, "best_epoch": 15, "train_epochs_val": [{"eval_loss": 0.32810917496681213, "eval_precision": 0.4876681614349776, "eval_recall": 0.4960091220068415, "eval_f1": 0.49180327868852464, "eval_accuracy": 0.9475797112637999, "eval_runtime": 2.3169, "eval_samples_per_second": 660.795, "eval_steps_per_second": 82.869, "epoch": 15.0, "step": 2025}, {"eval_loss": 0.23169229924678802, "eval_precision": 0.4732905982905983, "eval_recall": 0.5051311288483467, "eval_f1": 0.4886927744070601, "eval_accuracy": 0.9480043233227824, "eval_runtime": 2.3175, "eval_samples_per_second": 660.613, "eval_steps_per_second": 82.846, "epoch": 7.0, "step": 945}, {"eval_loss": 0.3301609754562378, "eval_precision": 0.4902411021814007, "eval_recall": 0.4868871151653364, "eval_f1": 0.48855835240274603, "eval_accuracy": 0.948197328804138, "eval_runtime": 2.3134, "eval_samples_per_second": 661.799, "eval_steps_per_second": 82.995, "epoch": 16.0, "step": 2160}, {"eval_loss": 0.24695704877376556, "eval_precision": 0.45589692765113976, "eval_recall": 0.5245153933865451, "eval_f1": 0.4878048780487805, "eval_accuracy": 0.9460742685092257, "eval_runtime": 2.3245, "eval_samples_per_second": 658.626, "eval_steps_per_second": 82.597, "epoch": 8.0, "step": 1080}, {"eval_loss": 0.3250623047351837, "eval_precision": 0.5006075334143378, "eval_recall": 0.4697833523375142, "eval_f1": 0.48470588235294115, "eval_accuracy": 0.9492395584034586, "eval_runtime": 2.3196, "eval_samples_per_second": 660.022, "eval_steps_per_second": 82.772, "epoch": 14.0, "step": 1890}, {"eval_loss": 0.3128003478050232, "eval_precision": 0.4940758293838863, "eval_recall": 0.475484606613455, "eval_f1": 0.48460197559558393, "eval_accuracy": 0.9488149463444762, "eval_runtime": 2.3492, "eval_samples_per_second": 651.711, "eval_steps_per_second": 81.73, "epoch": 13.0, "step": 1755}, {"eval_loss": 0.30698075890541077, "eval_precision": 0.43927893738140417, "eval_recall": 0.5279361459521095, "eval_f1": 0.47954427757638535, "eval_accuracy": 0.9447618312360071, "eval_runtime": 2.3208, "eval_samples_per_second": 659.672, "eval_steps_per_second": 82.728, "epoch": 12.0, "step": 1620}, {"eval_loss": 0.29271477460861206, "eval_precision": 0.46892039258451473, "eval_recall": 0.4903078677309008, "eval_f1": 0.47937569676700115, "eval_accuracy": 0.9480815255153247, "eval_runtime": 2.3196, "eval_samples_per_second": 660.037, "eval_steps_per_second": 82.774, "epoch": 11.0, "step": 1485}, {"eval_loss": 0.21097327768802643, "eval_precision": 0.4981549815498155, "eval_recall": 0.4618015963511973, "eval_f1": 0.47928994082840237, "eval_accuracy": 0.9487763452482051, "eval_runtime": 2.3228, "eval_samples_per_second": 659.107, "eval_steps_per_second": 82.657, "epoch": 6.0, "step": 810}, {"eval_loss": 0.2840474843978882, "eval_precision": 0.5038659793814433, "eval_recall": 0.44583808437856326, "eval_f1": 0.4730792498487598, "eval_accuracy": 0.9497413726549834, "eval_runtime": 2.3169, "eval_samples_per_second": 660.785, "eval_steps_per_second": 82.868, "epoch": 10.0, "step": 1350}, {"eval_loss": 0.2802793085575104, "eval_precision": 0.4322274881516588, "eval_recall": 0.5199543899657925, "eval_f1": 0.4720496894409938, "eval_accuracy": 0.9428317764224504, "eval_runtime": 2.375, "eval_samples_per_second": 644.625, "eval_steps_per_second": 80.841, "epoch": 9.0, "step": 1215}, {"eval_loss": 0.19613610208034515, "eval_precision": 0.5222222222222223, "eval_recall": 0.42873432155074115, "eval_f1": 0.47088290544771444, "eval_accuracy": 0.9500115803288813, "eval_runtime": 2.3167, "eval_samples_per_second": 660.846, "eval_steps_per_second": 82.876, "epoch": 5.0, "step": 675}, {"eval_loss": 0.15967902541160583, "eval_precision": 0.49666221628838453, "eval_recall": 0.4241733181299886, "eval_f1": 0.4575645756457564, "eval_accuracy": 0.9490851540183741, "eval_runtime": 2.3213, "eval_samples_per_second": 659.556, "eval_steps_per_second": 82.714, "epoch": 3.0, "step": 405}, {"eval_loss": 0.18784748017787933, "eval_precision": 0.43419689119170984, "eval_recall": 0.47776510832383123, "eval_f1": 0.45494028230184586, "eval_accuracy": 0.9452250443912608, "eval_runtime": 2.3196, "eval_samples_per_second": 660.02, "eval_steps_per_second": 82.772, "epoch": 4.0, "step": 540}, {"eval_loss": 0.16058197617530823, "eval_precision": 0.4718498659517426, "eval_recall": 0.4013683010262258, "eval_f1": 0.4337646333949476, "eval_accuracy": 0.9472323013973597, "eval_runtime": 2.3204, "eval_samples_per_second": 659.807, "eval_steps_per_second": 82.745, "epoch": 2.0, "step": 270}, {"eval_loss": 0.18539665639400482, "eval_precision": 0.3614609571788413, "eval_recall": 0.3272519954389966, "eval_f1": 0.34350688210652297, "eval_accuracy": 0.9406701150312669, "eval_runtime": 2.331, "eval_samples_per_second": 656.809, "eval_steps_per_second": 82.369, "epoch": 1.0, "step": 135}]}