{"timestamp": "08161531", "num_seeds": 5, "task": "tsa-bin", "model_shortname": "NorBERT_3_base", "machinery": "fox", "args_dict": {"model_name_or_path": "ltg/norbert3-base", "dataset_name": "data/tsa_binary", "seed": 101, "per_device_train_batch_size": 64, "task_name": "08161531_tsa-bin_NorBERT_3_base", "output_dir": "/cluster/work/projects/ec30/egilron/tsa-hf/08161531_tsa-bin_NorBERT_3_base", "overwrite_cache": true, "overwrite_output_dir": true, "do_train": true, "num_train_epochs": 16, "do_eval": true, "return_entity_level_metrics": false, "use_auth_token": false, "logging_strategy": "epoch", "save_strategy": "epoch", "evaluation_strategy": "epoch", "save_total_limit": 1, "load_best_model_at_end": true, "label_column_name": "tsa_tags", "disable_tqdm": true, "do_predict": true, "text_column_name": "tokens", "learning_rate": 5e-05}, "best_epoch": 13, "train_epochs_val": [{"eval_loss": 0.3262919485569, "eval_precision": 0.5218855218855218, "eval_recall": 0.5302166476624858, "eval_f1": 0.5260180995475112, "eval_accuracy": 0.9529066625492164, "eval_runtime": 3.0059, "eval_samples_per_second": 509.333, "eval_steps_per_second": 63.875, "epoch": 13.0, "step": 1755}, {"eval_loss": 0.2029496282339096, "eval_precision": 0.5120614035087719, "eval_recall": 0.5324971493728621, "eval_f1": 0.5220793739519285, "eval_accuracy": 0.9529452636454875, "eval_runtime": 3.0159, "eval_samples_per_second": 507.647, "eval_steps_per_second": 63.663, "epoch": 4.0, "step": 540}, {"eval_loss": 0.14111541211605072, "eval_precision": 0.5026795284030011, "eval_recall": 0.5347776510832383, "eval_f1": 0.5182320441988949, "eval_accuracy": 0.9521732417200649, "eval_runtime": 3.0203, "eval_samples_per_second": 506.903, "eval_steps_per_second": 63.57, "epoch": 2.0, "step": 270}, {"eval_loss": 0.2796255052089691, "eval_precision": 0.5082327113062569, "eval_recall": 0.5279361459521095, "eval_f1": 0.517897091722595, "eval_accuracy": 0.9517100285648112, "eval_runtime": 3.0083, "eval_samples_per_second": 508.92, "eval_steps_per_second": 63.823, "epoch": 7.0, "step": 945}, {"eval_loss": 0.3315410315990448, "eval_precision": 0.5208333333333334, "eval_recall": 0.5131128848346637, "eval_f1": 0.5169442848937392, "eval_accuracy": 0.9527136570678607, "eval_runtime": 3.0065, "eval_samples_per_second": 509.231, "eval_steps_per_second": 63.862, "epoch": 15.0, "step": 2025}, {"eval_loss": 0.308213472366333, "eval_precision": 0.5021598272138229, "eval_recall": 0.5302166476624858, "eval_f1": 0.5158069883527455, "eval_accuracy": 0.951632826372269, "eval_runtime": 3.012, "eval_samples_per_second": 508.299, "eval_steps_per_second": 63.745, "epoch": 11.0, "step": 1485}, {"eval_loss": 0.31315454840660095, "eval_precision": 0.5342298288508558, "eval_recall": 0.4982896237172178, "eval_f1": 0.5156342182890856, "eval_accuracy": 0.9535628811858257, "eval_runtime": 3.0087, "eval_samples_per_second": 508.853, "eval_steps_per_second": 63.814, "epoch": 10.0, "step": 1350}, {"eval_loss": 0.28138551115989685, "eval_precision": 0.5088888888888888, "eval_recall": 0.5222348916761688, "eval_f1": 0.5154755205402364, "eval_accuracy": 0.9522504439126072, "eval_runtime": 3.0143, "eval_samples_per_second": 507.915, "eval_steps_per_second": 63.697, "epoch": 8.0, "step": 1080}, {"eval_loss": 0.3335617184638977, "eval_precision": 0.52046783625731, "eval_recall": 0.507411630558723, "eval_f1": 0.5138568129330254, "eval_accuracy": 0.9528294603566742, "eval_runtime": 3.011, "eval_samples_per_second": 508.471, "eval_steps_per_second": 63.766, "epoch": 16.0, "step": 2160}, {"eval_loss": 0.24660754203796387, "eval_precision": 0.5055187637969095, "eval_recall": 0.5222348916761688, "eval_f1": 0.5137408861469434, "eval_accuracy": 0.9509380066393885, "eval_runtime": 3.0087, "eval_samples_per_second": 508.866, "eval_steps_per_second": 63.816, "epoch": 6.0, "step": 810}, {"eval_loss": 0.3273104727268219, "eval_precision": 0.5137299771167048, "eval_recall": 0.5119726339794755, "eval_f1": 0.5128498001142204, "eval_accuracy": 0.952520651586505, "eval_runtime": 3.0085, "eval_samples_per_second": 508.898, "eval_steps_per_second": 63.82, "epoch": 14.0, "step": 1890}, {"eval_loss": 0.22537699341773987, "eval_precision": 0.5010989010989011, "eval_recall": 0.5199543899657925, "eval_f1": 0.51035254616676, "eval_accuracy": 0.9512082143132865, "eval_runtime": 3.0112, "eval_samples_per_second": 508.428, "eval_steps_per_second": 63.761, "epoch": 5.0, "step": 675}, {"eval_loss": 0.32626134157180786, "eval_precision": 0.5201421800947867, "eval_recall": 0.500570125427594, "eval_f1": 0.5101685066821616, "eval_accuracy": 0.9529066625492164, "eval_runtime": 3.0086, "eval_samples_per_second": 508.878, "eval_steps_per_second": 63.818, "epoch": 12.0, "step": 1620}, {"eval_loss": 0.30209895968437195, "eval_precision": 0.5011111111111111, "eval_recall": 0.5142531356898518, "eval_f1": 0.5075970737197524, "eval_accuracy": 0.9525592526827762, "eval_runtime": 3.0705, "eval_samples_per_second": 498.61, "eval_steps_per_second": 62.53, "epoch": 9.0, "step": 1215}, {"eval_loss": 0.17101874947547913, "eval_precision": 0.5450704225352113, "eval_recall": 0.4412770809578107, "eval_f1": 0.4877126654064272, "eval_accuracy": 0.9536786844746391, "eval_runtime": 3.009, "eval_samples_per_second": 508.808, "eval_steps_per_second": 63.809, "epoch": 3.0, "step": 405}, {"eval_loss": 0.1383412480354309, "eval_precision": 0.4855421686746988, "eval_recall": 0.45952109464082097, "eval_f1": 0.4721734036321031, "eval_accuracy": 0.9530610669343009, "eval_runtime": 3.0318, "eval_samples_per_second": 504.972, "eval_steps_per_second": 63.328, "epoch": 1.0, "step": 135}]}