{"timestamp": "08231013", "task": "tsa-intensity", "model_shortname": "NorBERT_3_base", "machinery": "fox", "args_dict": {"model_name_or_path": "ltg/norbert3-base", "dataset_name": "data/tsa_intensity", "seed": 202, "per_device_train_batch_size": 64, "task_name": "08161327_tsa-intensity_NorBERT_3_base", "output_dir": "/cluster/work/projects/ec30/egilron/08231013_tsa-intensity_NorBERT_3_base_202", "overwrite_cache": true, "overwrite_output_dir": true, "do_train": true, "num_train_epochs": 16, "do_eval": true, "return_entity_level_metrics": false, "use_auth_token": false, "logging_strategy": "epoch", "save_strategy": "epoch", "evaluation_strategy": "epoch", "save_total_limit": 2, "load_best_model_at_end": true, "label_column_name": "tsa_tags", "disable_tqdm": true, "do_predict": true, "text_column_name": "tokens", "learning_rate": 5e-05}, "best_epoch": 12, "train_epochs_val": [{"eval_loss": 0.4236920177936554, "eval_precision": 0.30543478260869567, "eval_recall": 0.3204104903078677, "eval_f1": 0.3127434613244296, "eval_accuracy": 0.9379680382922875, "eval_runtime": 3.1194, "eval_samples_per_second": 490.8, "eval_steps_per_second": 61.55, "epoch": 12.0, "step": 1620}, {"eval_loss": 0.397866427898407, "eval_precision": 0.2966804979253112, "eval_recall": 0.3261117445838084, "eval_f1": 0.31070070613796846, "eval_accuracy": 0.9370030108855092, "eval_runtime": 3.1195, "eval_samples_per_second": 490.783, "eval_steps_per_second": 61.548, "epoch": 10.0, "step": 1350}, {"eval_loss": 0.43368279933929443, "eval_precision": 0.30699774266365687, "eval_recall": 0.31014823261117447, "eval_f1": 0.3085649461145774, "eval_accuracy": 0.9387014591214391, "eval_runtime": 3.1076, "eval_samples_per_second": 492.66, "eval_steps_per_second": 61.784, "epoch": 15.0, "step": 2025}, {"eval_loss": 0.33511999249458313, "eval_precision": 0.3072562358276644, "eval_recall": 0.3090079817559863, "eval_f1": 0.30812961910176234, "eval_accuracy": 0.9385470547363545, "eval_runtime": 3.1256, "eval_samples_per_second": 489.833, "eval_steps_per_second": 61.429, "epoch": 6.0, "step": 810}, {"eval_loss": 0.42841511964797974, "eval_precision": 0.29641350210970463, "eval_recall": 0.3204104903078677, "eval_f1": 0.30794520547945203, "eval_accuracy": 0.9374276229444917, "eval_runtime": 3.129, "eval_samples_per_second": 489.297, "eval_steps_per_second": 61.362, "epoch": 14.0, "step": 1890}, {"eval_loss": 0.3946327567100525, "eval_precision": 0.29669156883671294, "eval_recall": 0.3169897377423033, "eval_f1": 0.30650496141124584, "eval_accuracy": 0.9374276229444917, "eval_runtime": 3.1788, "eval_samples_per_second": 481.624, "eval_steps_per_second": 60.4, "epoch": 9.0, "step": 1215}, {"eval_loss": 0.25052908062934875, "eval_precision": 0.2903885480572597, "eval_recall": 0.3238312428734322, "eval_f1": 0.30619946091644207, "eval_accuracy": 0.9382768470624566, "eval_runtime": 3.1263, "eval_samples_per_second": 489.712, "eval_steps_per_second": 61.414, "epoch": 4.0, "step": 540}, {"eval_loss": 0.43377068638801575, "eval_precision": 0.2985571587125416, "eval_recall": 0.30672748004561, "eval_f1": 0.30258717660292467, "eval_accuracy": 0.9380452404848297, "eval_runtime": 3.1334, "eval_samples_per_second": 488.607, "eval_steps_per_second": 61.275, "epoch": 16.0, "step": 2160}, {"eval_loss": 0.4122294485569, "eval_precision": 0.29252437703141926, "eval_recall": 0.30786773090079816, "eval_f1": 0.3, "eval_accuracy": 0.9382382459661854, "eval_runtime": 3.1207, "eval_samples_per_second": 490.597, "eval_steps_per_second": 61.525, "epoch": 11.0, "step": 1485}, {"eval_loss": 0.4296835660934448, "eval_precision": 0.2857142857142857, "eval_recall": 0.3055872291904219, "eval_f1": 0.2953168044077135, "eval_accuracy": 0.937543426233305, "eval_runtime": 3.1126, "eval_samples_per_second": 491.875, "eval_steps_per_second": 61.685, "epoch": 13.0, "step": 1755}, {"eval_loss": 0.3606926500797272, "eval_precision": 0.29859484777517564, "eval_recall": 0.29076396807297605, "eval_f1": 0.2946273830155979, "eval_accuracy": 0.937273218559407, "eval_runtime": 3.1212, "eval_samples_per_second": 490.519, "eval_steps_per_second": 61.515, "epoch": 7.0, "step": 945}, {"eval_loss": 0.36568406224250793, "eval_precision": 0.27540650406504064, "eval_recall": 0.3090079817559863, "eval_f1": 0.29124126813541107, "eval_accuracy": 0.9356905736122906, "eval_runtime": 3.1222, "eval_samples_per_second": 490.361, "eval_steps_per_second": 61.495, "epoch": 8.0, "step": 1080}, {"eval_loss": 0.3030923902988434, "eval_precision": 0.2872340425531915, "eval_recall": 0.27708095781071834, "eval_f1": 0.2820661636680209, "eval_accuracy": 0.9382382459661854, "eval_runtime": 3.1253, "eval_samples_per_second": 489.874, "eval_steps_per_second": 61.434, "epoch": 5.0, "step": 675}, {"eval_loss": 0.20273490250110626, "eval_precision": 0.2846251588310038, "eval_recall": 0.2554161915621437, "eval_f1": 0.2692307692307692, "eval_accuracy": 0.9407859183200803, "eval_runtime": 3.1152, "eval_samples_per_second": 491.456, "eval_steps_per_second": 61.633, "epoch": 2.0, "step": 270}, {"eval_loss": 0.23050829768180847, "eval_precision": 0.2563176895306859, "eval_recall": 0.24287343215507412, "eval_f1": 0.24941451990632318, "eval_accuracy": 0.9394348799505906, "eval_runtime": 3.1226, "eval_samples_per_second": 490.291, "eval_steps_per_second": 61.487, "epoch": 3.0, "step": 405}, {"eval_loss": 0.20349444448947906, "eval_precision": 0.25, "eval_recall": 0.2006841505131129, "eval_f1": 0.2226438962681847, "eval_accuracy": 0.940978923801436, "eval_runtime": 3.1624, "eval_samples_per_second": 484.12, "eval_steps_per_second": 60.713, "epoch": 1.0, "step": 135}]}