{"timestamp": "08231013", "task": "tsa-intensity", "model_shortname": "NorBERT_3_base", "machinery": "fox", "args_dict": {"model_name_or_path": "ltg/norbert3-base", "dataset_name": "data/tsa_intensity", "seed": 303, "per_device_train_batch_size": 64, "task_name": "08161327_tsa-intensity_NorBERT_3_base", "output_dir": "/cluster/work/projects/ec30/egilron/08231013_tsa-intensity_NorBERT_3_base_303", "overwrite_cache": true, "overwrite_output_dir": true, "do_train": true, "num_train_epochs": 16, "do_eval": true, "return_entity_level_metrics": false, "use_auth_token": false, "logging_strategy": "epoch", "save_strategy": "epoch", "evaluation_strategy": "epoch", "save_total_limit": 2, "load_best_model_at_end": true, "label_column_name": "tsa_tags", "disable_tqdm": true, "do_predict": true, "text_column_name": "tokens", "learning_rate": 5e-05}, "best_epoch": 12, "train_epochs_val": [{"eval_loss": 0.401448130607605, "eval_precision": 0.3295964125560538, "eval_recall": 0.3352337514253136, "eval_f1": 0.3323911814584511, "eval_accuracy": 0.9416351424380452, "eval_runtime": 3.1085, "eval_samples_per_second": 492.515, "eval_steps_per_second": 61.765, "epoch": 12.0, "step": 1620}, {"eval_loss": 0.4114060699939728, "eval_precision": 0.32051282051282054, "eval_recall": 0.34207525655644244, "eval_f1": 0.3309431880860453, "eval_accuracy": 0.9405543117424535, "eval_runtime": 3.0957, "eval_samples_per_second": 494.556, "eval_steps_per_second": 62.021, "epoch": 14.0, "step": 1890}, {"eval_loss": 0.4009207785129547, "eval_precision": 0.3321637426900585, "eval_recall": 0.3238312428734322, "eval_f1": 0.3279445727482679, "eval_accuracy": 0.9429475797112638, "eval_runtime": 3.1077, "eval_samples_per_second": 492.643, "eval_steps_per_second": 61.781, "epoch": 10.0, "step": 1350}, {"eval_loss": 0.4194738566875458, "eval_precision": 0.32286995515695066, "eval_recall": 0.32839224629418473, "eval_f1": 0.32560768795929906, "eval_accuracy": 0.9414035358604185, "eval_runtime": 3.0919, "eval_samples_per_second": 495.163, "eval_steps_per_second": 62.098, "epoch": 16.0, "step": 2160}, {"eval_loss": 0.4171419143676758, "eval_precision": 0.31933701657458563, "eval_recall": 0.3295324971493729, "eval_f1": 0.32435465768799104, "eval_accuracy": 0.9412105303790628, "eval_runtime": 3.0989, "eval_samples_per_second": 494.046, "eval_steps_per_second": 61.957, "epoch": 15.0, "step": 2025}, {"eval_loss": 0.4111446142196655, "eval_precision": 0.31002087682672236, "eval_recall": 0.338654503990878, "eval_f1": 0.3237057220708447, "eval_accuracy": 0.9393962788543194, "eval_runtime": 3.1086, "eval_samples_per_second": 492.503, "eval_steps_per_second": 61.764, "epoch": 13.0, "step": 1755}, {"eval_loss": 0.3989792764186859, "eval_precision": 0.3114754098360656, "eval_recall": 0.3249714937286203, "eval_f1": 0.31808035714285715, "eval_accuracy": 0.9410175248977071, "eval_runtime": 3.1035, "eval_samples_per_second": 493.319, "eval_steps_per_second": 61.866, "epoch": 11.0, "step": 1485}, {"eval_loss": 0.36567699909210205, "eval_precision": 0.3167420814479638, "eval_recall": 0.31927023945267957, "eval_f1": 0.3180011357183418, "eval_accuracy": 0.9409017216088937, "eval_runtime": 3.1651, "eval_samples_per_second": 483.716, "eval_steps_per_second": 60.662, "epoch": 9.0, "step": 1215}, {"eval_loss": 0.37556299567222595, "eval_precision": 0.29285014691478944, "eval_recall": 0.3409350057012543, "eval_f1": 0.3150684931506849, "eval_accuracy": 0.9371574152705937, "eval_runtime": 3.1057, "eval_samples_per_second": 492.961, "eval_steps_per_second": 61.821, "epoch": 8.0, "step": 1080}, {"eval_loss": 0.34507954120635986, "eval_precision": 0.31645569620253167, "eval_recall": 0.31356898517673887, "eval_f1": 0.31500572737686144, "eval_accuracy": 0.9428317764224504, "eval_runtime": 3.1001, "eval_samples_per_second": 493.859, "eval_steps_per_second": 61.934, "epoch": 7.0, "step": 945}, {"eval_loss": 0.30792802572250366, "eval_precision": 0.2967265047518479, "eval_recall": 0.3204104903078677, "eval_f1": 0.3081140350877193, "eval_accuracy": 0.9400524974909288, "eval_runtime": 3.1044, "eval_samples_per_second": 493.17, "eval_steps_per_second": 61.848, "epoch": 5.0, "step": 675}, {"eval_loss": 0.3226434886455536, "eval_precision": 0.31139835487661577, "eval_recall": 0.30216647662485746, "eval_f1": 0.30671296296296297, "eval_accuracy": 0.9429475797112638, "eval_runtime": 3.0977, "eval_samples_per_second": 494.236, "eval_steps_per_second": 61.981, "epoch": 6.0, "step": 810}, {"eval_loss": 0.2248111218214035, "eval_precision": 0.28410372040586246, "eval_recall": 0.28734321550741165, "eval_f1": 0.28571428571428575, "eval_accuracy": 0.942445765459739, "eval_runtime": 3.1096, "eval_samples_per_second": 492.353, "eval_steps_per_second": 61.745, "epoch": 3.0, "step": 405}, {"eval_loss": 0.26853039860725403, "eval_precision": 0.2767962308598351, "eval_recall": 0.26795895096921324, "eval_f1": 0.272305909617613, "eval_accuracy": 0.9399366942021153, "eval_runtime": 3.106, "eval_samples_per_second": 492.912, "eval_steps_per_second": 61.815, "epoch": 4.0, "step": 540}, {"eval_loss": 0.20946238934993744, "eval_precision": 0.27699530516431925, "eval_recall": 0.20182440136830102, "eval_f1": 0.23350923482849603, "eval_accuracy": 0.94213695668957, "eval_runtime": 3.1053, "eval_samples_per_second": 493.035, "eval_steps_per_second": 61.831, "epoch": 2.0, "step": 270}, {"eval_loss": 0.21096564829349518, "eval_precision": 0.3120567375886525, "eval_recall": 0.10034207525655645, "eval_f1": 0.15185504745470232, "eval_accuracy": 0.9403227051648266, "eval_runtime": 3.1244, "eval_samples_per_second": 490.014, "eval_steps_per_second": 61.452, "epoch": 1.0, "step": 135}]}