{"timestamp": "08231013", "task": "tsa-bin", "model_shortname": "NorBERT_3_base", "machinery": "fox", "args_dict": {"model_name_or_path": "ltg/norbert3-base", "dataset_name": "data/tsa_binary", "seed": 202, "per_device_train_batch_size": 64, "task_name": "08161531_tsa-bin_NorBERT_3_base", "output_dir": "/cluster/work/projects/ec30/egilron/08231013_tsa-bin_NorBERT_3_base_202", "overwrite_cache": true, "overwrite_output_dir": true, "do_train": true, "num_train_epochs": 16, "do_eval": true, "return_entity_level_metrics": false, "use_auth_token": false, "logging_strategy": "epoch", "save_strategy": "epoch", "evaluation_strategy": "epoch", "save_total_limit": 2, "load_best_model_at_end": true, "label_column_name": "tsa_tags", "disable_tqdm": true, "do_predict": true, "text_column_name": "tokens", "learning_rate": 1e-05}, "best_epoch": 9, "train_epochs_val": [{"eval_loss": 0.20297932624816895, "eval_precision": 0.5087527352297593, "eval_recall": 0.5302166476624858, "eval_f1": 0.5192629815745393, "eval_accuracy": 0.951632826372269, "eval_runtime": 3.1604, "eval_samples_per_second": 484.439, "eval_steps_per_second": 60.753, "epoch": 9.0, "step": 1215}, {"eval_loss": 0.20611636340618134, "eval_precision": 0.5082327113062569, "eval_recall": 0.5279361459521095, "eval_f1": 0.517897091722595, "eval_accuracy": 0.951053809928202, "eval_runtime": 3.096, "eval_samples_per_second": 494.509, "eval_steps_per_second": 62.016, "epoch": 10.0, "step": 1350}, {"eval_loss": 0.1837565302848816, "eval_precision": 0.5088105726872246, "eval_recall": 0.5267958950969214, "eval_f1": 0.5176470588235293, "eval_accuracy": 0.951941635142438, "eval_runtime": 3.103, "eval_samples_per_second": 493.394, "eval_steps_per_second": 61.876, "epoch": 8.0, "step": 1080}, {"eval_loss": 0.2219076007604599, "eval_precision": 0.5233100233100233, "eval_recall": 0.5119726339794755, "eval_f1": 0.5175792507204611, "eval_accuracy": 0.9515170230834555, "eval_runtime": 3.0932, "eval_samples_per_second": 494.953, "eval_steps_per_second": 62.071, "epoch": 12.0, "step": 1620}, {"eval_loss": 0.2252352386713028, "eval_precision": 0.5060773480662983, "eval_recall": 0.5222348916761688, "eval_f1": 0.5140291806958474, "eval_accuracy": 0.9511696132170153, "eval_runtime": 3.1028, "eval_samples_per_second": 493.43, "eval_steps_per_second": 61.88, "epoch": 13.0, "step": 1755}, {"eval_loss": 0.23016569018363953, "eval_precision": 0.5083986562150056, "eval_recall": 0.5176738882554162, "eval_f1": 0.5129943502824859, "eval_accuracy": 0.9510924110244731, "eval_runtime": 3.107, "eval_samples_per_second": 492.764, "eval_steps_per_second": 61.797, "epoch": 14.0, "step": 1890}, {"eval_loss": 0.23373514413833618, "eval_precision": 0.5061179087875417, "eval_recall": 0.5188141391106044, "eval_f1": 0.5123873873873874, "eval_accuracy": 0.9505519956766773, "eval_runtime": 3.0946, "eval_samples_per_second": 494.729, "eval_steps_per_second": 62.043, "epoch": 15.0, "step": 2025}, {"eval_loss": 0.23491069674491882, "eval_precision": 0.5027563395810364, "eval_recall": 0.5199543899657925, "eval_f1": 0.5112107623318386, "eval_accuracy": 0.9506291978692195, "eval_runtime": 3.0996, "eval_samples_per_second": 493.94, "eval_steps_per_second": 61.944, "epoch": 16.0, "step": 2160}, {"eval_loss": 0.16357651352882385, "eval_precision": 0.46962391513982643, "eval_recall": 0.5553021664766249, "eval_f1": 0.5088819226750261, "eval_accuracy": 0.9498185748475256, "eval_runtime": 3.0989, "eval_samples_per_second": 494.04, "eval_steps_per_second": 61.957, "epoch": 6.0, "step": 810}, {"eval_loss": 0.18239572644233704, "eval_precision": 0.5127906976744186, "eval_recall": 0.5028506271379704, "eval_f1": 0.5077720207253886, "eval_accuracy": 0.9515556241797267, "eval_runtime": 3.1003, "eval_samples_per_second": 493.831, "eval_steps_per_second": 61.93, "epoch": 7.0, "step": 945}, {"eval_loss": 0.2147333025932312, "eval_precision": 0.48491155046826223, "eval_recall": 0.5313568985176739, "eval_f1": 0.5070729053318824, "eval_accuracy": 0.9498571759437968, "eval_runtime": 3.0979, "eval_samples_per_second": 494.209, "eval_steps_per_second": 61.978, "epoch": 11.0, "step": 1485}, {"eval_loss": 0.1473919153213501, "eval_precision": 0.48366701791359323, "eval_recall": 0.5233751425313569, "eval_f1": 0.5027382256297919, "eval_accuracy": 0.95167142746854, "eval_runtime": 3.101, "eval_samples_per_second": 493.712, "eval_steps_per_second": 61.916, "epoch": 4.0, "step": 540}, {"eval_loss": 0.1608949452638626, "eval_precision": 0.5203452527743526, "eval_recall": 0.4811858608893957, "eval_f1": 0.5, "eval_accuracy": 0.9542963020149772, "eval_runtime": 3.0979, "eval_samples_per_second": 494.211, "eval_steps_per_second": 61.978, "epoch": 5.0, "step": 675}, {"eval_loss": 0.14501695334911346, "eval_precision": 0.5080147965474723, "eval_recall": 0.4697833523375142, "eval_f1": 0.4881516587677725, "eval_accuracy": 0.9536400833783679, "eval_runtime": 3.1075, "eval_samples_per_second": 492.675, "eval_steps_per_second": 61.786, "epoch": 3.0, "step": 405}, {"eval_loss": 0.15203356742858887, "eval_precision": 0.47268673355629875, "eval_recall": 0.48346636259977194, "eval_f1": 0.47801578354002255, "eval_accuracy": 0.9486219408631205, "eval_runtime": 3.0992, "eval_samples_per_second": 493.996, "eval_steps_per_second": 61.951, "epoch": 2.0, "step": 270}, {"eval_loss": 0.18085454404354095, "eval_precision": 0.4268292682926829, "eval_recall": 0.27936145952109465, "eval_f1": 0.33769813921433495, "eval_accuracy": 0.9444144213695669, "eval_runtime": 3.1195, "eval_samples_per_second": 490.79, "eval_steps_per_second": 61.549, "epoch": 1.0, "step": 135}]}