{"timestamp": "08231013", "task": "tsa-bin", "model_shortname": "NorBERT_3_base", "machinery": "fox", "args_dict": {"model_name_or_path": "ltg/norbert3-base", "dataset_name": "data/tsa_binary", "seed": 101, "per_device_train_batch_size": 64, "task_name": "08161531_tsa-bin_NorBERT_3_base", "output_dir": "/cluster/work/projects/ec30/egilron/08231013_tsa-bin_NorBERT_3_base_101", "overwrite_cache": true, "overwrite_output_dir": true, "do_train": true, "num_train_epochs": 16, "do_eval": true, "return_entity_level_metrics": false, "use_auth_token": false, "logging_strategy": "epoch", "save_strategy": "epoch", "evaluation_strategy": "epoch", "save_total_limit": 2, "load_best_model_at_end": true, "label_column_name": "tsa_tags", "disable_tqdm": true, "do_predict": true, "text_column_name": "tokens", "learning_rate": 1e-05}, "best_epoch": 13, "train_epochs_val": [{"eval_loss": 0.22381922602653503, "eval_precision": 0.535632183908046, "eval_recall": 0.5313568985176739, "eval_f1": 0.5334859759587864, "eval_accuracy": 0.9527522581641319, "eval_runtime": 3.0828, "eval_samples_per_second": 496.633, "eval_steps_per_second": 62.282, "epoch": 13.0, "step": 1755}, {"eval_loss": 0.1702539622783661, "eval_precision": 0.510593220338983, "eval_recall": 0.5496009122006842, "eval_f1": 0.529379461834157, "eval_accuracy": 0.9514784219871845, "eval_runtime": 3.0894, "eval_samples_per_second": 495.57, "eval_steps_per_second": 62.149, "epoch": 7.0, "step": 945}, {"eval_loss": 0.22870871424674988, "eval_precision": 0.5112540192926045, "eval_recall": 0.5438996579247435, "eval_f1": 0.5270718232044199, "eval_accuracy": 0.9509380066393885, "eval_runtime": 3.0849, "eval_samples_per_second": 496.292, "eval_steps_per_second": 62.239, "epoch": 15.0, "step": 2025}, {"eval_loss": 0.22176635265350342, "eval_precision": 0.5130151843817787, "eval_recall": 0.5393386545039909, "eval_f1": 0.5258476931628683, "eval_accuracy": 0.9505133945804061, "eval_runtime": 3.0864, "eval_samples_per_second": 496.042, "eval_steps_per_second": 62.208, "epoch": 12.0, "step": 1620}, {"eval_loss": 0.22886104881763458, "eval_precision": 0.5107758620689655, "eval_recall": 0.540478905359179, "eval_f1": 0.525207756232687, "eval_accuracy": 0.9507450011580328, "eval_runtime": 3.0933, "eval_samples_per_second": 494.941, "eval_steps_per_second": 62.07, "epoch": 16.0, "step": 2160}, {"eval_loss": 0.22934353351593018, "eval_precision": 0.5222348916761688, "eval_recall": 0.5222348916761688, "eval_f1": 0.5222348916761688, "eval_accuracy": 0.9514398208909133, "eval_runtime": 3.0841, "eval_samples_per_second": 496.416, "eval_steps_per_second": 62.255, "epoch": 14.0, "step": 1890}, {"eval_loss": 0.20316000282764435, "eval_precision": 0.5075431034482759, "eval_recall": 0.5370581527936146, "eval_f1": 0.5218836565096954, "eval_accuracy": 0.9507064000617618, "eval_runtime": 3.0823, "eval_samples_per_second": 496.713, "eval_steps_per_second": 62.292, "epoch": 10.0, "step": 1350}, {"eval_loss": 0.21077905595302582, "eval_precision": 0.4943820224719101, "eval_recall": 0.5518814139110604, "eval_f1": 0.521551724137931, "eval_accuracy": 0.9498571759437968, "eval_runtime": 3.0815, "eval_samples_per_second": 496.844, "eval_steps_per_second": 62.308, "epoch": 11.0, "step": 1485}, {"eval_loss": 0.14813274145126343, "eval_precision": 0.5110132158590308, "eval_recall": 0.5290763968072976, "eval_f1": 0.5198879551820728, "eval_accuracy": 0.952520651586505, "eval_runtime": 3.0784, "eval_samples_per_second": 497.329, "eval_steps_per_second": 62.369, "epoch": 4.0, "step": 540}, {"eval_loss": 0.17853444814682007, "eval_precision": 0.5005302226935313, "eval_recall": 0.5381984036488028, "eval_f1": 0.5186813186813187, "eval_accuracy": 0.9503975912915927, "eval_runtime": 3.0825, "eval_samples_per_second": 496.682, "eval_steps_per_second": 62.288, "epoch": 8.0, "step": 1080}, {"eval_loss": 0.19546158611774445, "eval_precision": 0.5099337748344371, "eval_recall": 0.5267958950969214, "eval_f1": 0.5182277061132922, "eval_accuracy": 0.9499343781363391, "eval_runtime": 3.1442, "eval_samples_per_second": 486.926, "eval_steps_per_second": 61.065, "epoch": 9.0, "step": 1215}, {"eval_loss": 0.15516874194145203, "eval_precision": 0.4785643070787637, "eval_recall": 0.5473204104903079, "eval_f1": 0.5106382978723405, "eval_accuracy": 0.9493167605960009, "eval_runtime": 3.0792, "eval_samples_per_second": 497.212, "eval_steps_per_second": 62.354, "epoch": 5.0, "step": 675}, {"eval_loss": 0.16970135271549225, "eval_precision": 0.5159763313609468, "eval_recall": 0.49714937286202965, "eval_f1": 0.5063879210220674, "eval_accuracy": 0.9499343781363391, "eval_runtime": 3.0705, "eval_samples_per_second": 498.62, "eval_steps_per_second": 62.531, "epoch": 6.0, "step": 810}, {"eval_loss": 0.14184273779392242, "eval_precision": 0.487964989059081, "eval_recall": 0.508551881413911, "eval_f1": 0.49804578447794523, "eval_accuracy": 0.9504361923878638, "eval_runtime": 3.0874, "eval_samples_per_second": 495.893, "eval_steps_per_second": 62.189, "epoch": 3.0, "step": 405}, {"eval_loss": 0.14650286734104156, "eval_precision": 0.4858115777525539, "eval_recall": 0.4880273660205245, "eval_f1": 0.4869169510807736, "eval_accuracy": 0.9499343781363391, "eval_runtime": 3.0824, "eval_samples_per_second": 496.688, "eval_steps_per_second": 62.289, "epoch": 2.0, "step": 270}, {"eval_loss": 0.173837810754776, "eval_precision": 0.3961218836565097, "eval_recall": 0.3261117445838084, "eval_f1": 0.3577235772357723, "eval_accuracy": 0.9454952520651586, "eval_runtime": 3.1327, "eval_samples_per_second": 488.713, "eval_steps_per_second": 61.289, "epoch": 1.0, "step": 135}]}