{"timestamp": "08231013", "task": "tsa-intensity", "model_shortname": "NorBERT_3_large", "machinery": "fox", "args_dict": {"model_name_or_path": "ltg/norbert3-large", "dataset_name": "data/tsa_intensity", "seed": 101, "per_device_train_batch_size": 32, "task_name": "08161327_tsa-intensity_NorBERT_3_large", "output_dir": "/cluster/work/projects/ec30/egilron/08231013_tsa-intensity_NorBERT_3_large_101", "overwrite_cache": true, "overwrite_output_dir": true, "do_train": true, "num_train_epochs": 16, "do_eval": true, "return_entity_level_metrics": false, "use_auth_token": false, "logging_strategy": "epoch", "save_strategy": "epoch", "evaluation_strategy": "epoch", "save_total_limit": 2, "load_best_model_at_end": true, "label_column_name": "tsa_tags", "disable_tqdm": true, "do_predict": true, "text_column_name": "tokens", "learning_rate": 1e-05}, "best_epoch": 10, "train_epochs_val": [{"eval_loss": 0.34323862195014954, "eval_precision": 0.3329798515376458, "eval_recall": 0.3580387685290764, "eval_f1": 0.34505494505494505, "eval_accuracy": 0.9406701150312669, "eval_runtime": 5.2412, "eval_samples_per_second": 292.11, "eval_steps_per_second": 36.633, "epoch": 10.0, "step": 2700}, {"eval_loss": 0.22050614655017853, "eval_precision": 0.34104046242774566, "eval_recall": 0.3363740022805017, "eval_f1": 0.33869115958668194, "eval_accuracy": 0.9446846290434648, "eval_runtime": 5.2186, "eval_samples_per_second": 293.372, "eval_steps_per_second": 36.791, "epoch": 4.0, "step": 1080}, {"eval_loss": 0.22668319940567017, "eval_precision": 0.34519572953736655, "eval_recall": 0.33181299885974913, "eval_f1": 0.3383720930232558, "eval_accuracy": 0.9442986180807534, "eval_runtime": 5.2368, "eval_samples_per_second": 292.354, "eval_steps_per_second": 36.664, "epoch": 5.0, "step": 1350}, {"eval_loss": 0.3923981189727783, "eval_precision": 0.32819383259911894, "eval_recall": 0.33979475484606614, "eval_f1": 0.3338935574229692, "eval_accuracy": 0.9416351424380452, "eval_runtime": 5.2319, "eval_samples_per_second": 292.628, "eval_steps_per_second": 36.698, "epoch": 14.0, "step": 3780}, {"eval_loss": 0.3954988718032837, "eval_precision": 0.32919954904171367, "eval_recall": 0.3329532497149373, "eval_f1": 0.33106575963718826, "eval_accuracy": 0.941866749015672, "eval_runtime": 5.2374, "eval_samples_per_second": 292.318, "eval_steps_per_second": 36.659, "epoch": 15.0, "step": 4050}, {"eval_loss": 0.3739124536514282, "eval_precision": 0.3277404921700224, "eval_recall": 0.33409350057012543, "eval_f1": 0.33088650479954834, "eval_accuracy": 0.9407473172238091, "eval_runtime": 5.3, "eval_samples_per_second": 288.867, "eval_steps_per_second": 36.226, "epoch": 12.0, "step": 3240}, {"eval_loss": 0.32719144225120544, "eval_precision": 0.3141683778234086, "eval_recall": 0.34891676168757124, "eval_f1": 0.33063209076175043, "eval_accuracy": 0.9397822898170308, "eval_runtime": 5.2362, "eval_samples_per_second": 292.388, "eval_steps_per_second": 36.668, "epoch": 9.0, "step": 2430}, {"eval_loss": 0.3869702219963074, "eval_precision": 0.3333333333333333, "eval_recall": 0.3249714937286203, "eval_f1": 0.32909930715935337, "eval_accuracy": 0.9420211534007565, "eval_runtime": 5.2202, "eval_samples_per_second": 293.281, "eval_steps_per_second": 36.78, "epoch": 13.0, "step": 3510}, {"eval_loss": 0.29840511083602905, "eval_precision": 0.3072348860257681, "eval_recall": 0.35347776510832385, "eval_f1": 0.3287380699893956, "eval_accuracy": 0.9377750328109319, "eval_runtime": 5.2301, "eval_samples_per_second": 292.729, "eval_steps_per_second": 36.711, "epoch": 8.0, "step": 2160}, {"eval_loss": 0.2945241332054138, "eval_precision": 0.3095723014256619, "eval_recall": 0.346636259977195, "eval_f1": 0.3270575578267886, "eval_accuracy": 0.9402455029722844, "eval_runtime": 5.2266, "eval_samples_per_second": 292.927, "eval_steps_per_second": 36.735, "epoch": 7.0, "step": 1890}, {"eval_loss": 0.39730605483055115, "eval_precision": 0.3219026548672566, "eval_recall": 0.33181299885974913, "eval_f1": 0.32678270634475015, "eval_accuracy": 0.9412105303790628, "eval_runtime": 5.2326, "eval_samples_per_second": 292.588, "eval_steps_per_second": 36.693, "epoch": 16.0, "step": 4320}, {"eval_loss": 0.3653380274772644, "eval_precision": 0.315450643776824, "eval_recall": 0.3352337514253136, "eval_f1": 0.3250414593698176, "eval_accuracy": 0.940129699683471, "eval_runtime": 5.2387, "eval_samples_per_second": 292.25, "eval_steps_per_second": 36.651, "epoch": 11.0, "step": 2970}, {"eval_loss": 0.2646501362323761, "eval_precision": 0.3089770354906054, "eval_recall": 0.33751425313568983, "eval_f1": 0.3226158038147139, "eval_accuracy": 0.9394734810468617, "eval_runtime": 5.2841, "eval_samples_per_second": 289.735, "eval_steps_per_second": 36.335, "epoch": 6.0, "step": 1620}, {"eval_loss": 0.19067494571208954, "eval_precision": 0.3293269230769231, "eval_recall": 0.3124287343215507, "eval_f1": 0.32065535400819195, "eval_accuracy": 0.9439898093105844, "eval_runtime": 5.2261, "eval_samples_per_second": 292.952, "eval_steps_per_second": 36.739, "epoch": 3.0, "step": 810}, {"eval_loss": 0.18870463967323303, "eval_precision": 0.30156657963446476, "eval_recall": 0.2633979475484607, "eval_f1": 0.28119293974437004, "eval_accuracy": 0.9441828147919401, "eval_runtime": 5.2227, "eval_samples_per_second": 293.144, "eval_steps_per_second": 36.763, "epoch": 2.0, "step": 540}, {"eval_loss": 0.2072450965642929, "eval_precision": 0.2801120448179272, "eval_recall": 0.22805017103762829, "eval_f1": 0.251414204902577, "eval_accuracy": 0.9417123446305875, "eval_runtime": 5.2584, "eval_samples_per_second": 291.152, "eval_steps_per_second": 36.513, "epoch": 1.0, "step": 270}]}