[{"loss": 0.3766, "learning_rate": 4.6875e-05, "epoch": 1.0, "step": 135}, {"eval_loss": 0.24364273250102997, "eval_precision": 0.20029027576197386, "eval_recall": 0.1573546180159635, "eval_f1": 0.17624521072796934, "eval_accuracy": 0.9353431637458504, "eval_runtime": 3.0229, "eval_samples_per_second": 506.471, "eval_steps_per_second": 63.516, "epoch": 1.0, "step": 135}, {"loss": 0.2331, "learning_rate": 4.375e-05, "epoch": 2.0, "step": 270}, {"eval_loss": 0.2103242725133896, "eval_precision": 0.27835051546391754, "eval_recall": 0.15393386545039908, "eval_f1": 0.19823788546255505, "eval_accuracy": 0.9412491314753338, "eval_runtime": 3.0036, "eval_samples_per_second": 509.724, "eval_steps_per_second": 63.924, "epoch": 2.0, "step": 270}, {"loss": 0.1871, "learning_rate": 4.0625000000000005e-05, "epoch": 3.0, "step": 405}, {"eval_loss": 0.21265943348407745, "eval_precision": 0.26556016597510373, "eval_recall": 0.21892816419612315, "eval_f1": 0.24000000000000002, "eval_accuracy": 0.9385084536400834, "eval_runtime": 3.0058, "eval_samples_per_second": 509.347, "eval_steps_per_second": 63.876, "epoch": 3.0, "step": 405}, {"loss": 0.1476, "learning_rate": 3.7500000000000003e-05, "epoch": 4.0, "step": 540}, {"eval_loss": 0.23407401144504547, "eval_precision": 0.2811534500514933, "eval_recall": 0.3112884834663626, "eval_f1": 0.2954545454545454, "eval_accuracy": 0.936115185671273, "eval_runtime": 3.0067, "eval_samples_per_second": 509.203, "eval_steps_per_second": 63.858, "epoch": 4.0, "step": 540}, {"loss": 0.1182, "learning_rate": 3.4375e-05, "epoch": 5.0, "step": 675}, {"eval_loss": 0.24834081530570984, "eval_precision": 0.2535885167464115, "eval_recall": 0.30216647662485746, "eval_f1": 0.27575442247658694, "eval_accuracy": 0.9331429012583957, "eval_runtime": 3.0062, "eval_samples_per_second": 509.284, "eval_steps_per_second": 63.868, "epoch": 5.0, "step": 675}, {"loss": 0.0967, "learning_rate": 3.125e-05, "epoch": 6.0, "step": 810}, {"eval_loss": 0.2656222879886627, "eval_precision": 0.26631578947368423, "eval_recall": 0.28848346636259975, "eval_f1": 0.2769567597153804, "eval_accuracy": 0.9341079286651741, "eval_runtime": 3.0038, "eval_samples_per_second": 509.681, "eval_steps_per_second": 63.918, "epoch": 6.0, "step": 810}, {"loss": 0.0784, "learning_rate": 2.8125000000000003e-05, "epoch": 7.0, "step": 945}, {"eval_loss": 0.2836839556694031, "eval_precision": 0.24931255728689275, "eval_recall": 0.31014823261117447, "eval_f1": 0.2764227642276422, "eval_accuracy": 0.9295916004014514, "eval_runtime": 3.0058, "eval_samples_per_second": 509.346, "eval_steps_per_second": 63.876, "epoch": 7.0, "step": 945}, {"loss": 0.0659, "learning_rate": 2.5e-05, "epoch": 8.0, "step": 1080}, {"eval_loss": 0.2985399067401886, "eval_precision": 0.26810176125244617, "eval_recall": 0.3124287343215507, "eval_f1": 0.2885729331226961, "eval_accuracy": 0.9307496332895854, "eval_runtime": 3.0065, "eval_samples_per_second": 509.231, "eval_steps_per_second": 63.862, "epoch": 8.0, "step": 1080}, {"loss": 0.0547, "learning_rate": 2.1875e-05, "epoch": 9.0, "step": 1215}, {"eval_loss": 0.31120896339416504, "eval_precision": 0.2886266094420601, "eval_recall": 0.30672748004561, "eval_f1": 0.29740187949143176, "eval_accuracy": 0.9332973056434802, "eval_runtime": 3.0684, "eval_samples_per_second": 498.952, "eval_steps_per_second": 62.573, "epoch": 9.0, "step": 1215}, {"loss": 0.0453, "learning_rate": 1.8750000000000002e-05, "epoch": 10.0, "step": 1350}, {"eval_loss": 0.3277442753314972, "eval_precision": 0.2665388302972196, "eval_recall": 0.3169897377423033, "eval_f1": 0.28958333333333336, "eval_accuracy": 0.9308654365783988, "eval_runtime": 2.9992, "eval_samples_per_second": 510.463, "eval_steps_per_second": 64.016, "epoch": 10.0, "step": 1350}, {"loss": 0.0396, "learning_rate": 1.5625e-05, "epoch": 11.0, "step": 1485}, {"eval_loss": 0.33880922198295593, "eval_precision": 0.25616698292220114, "eval_recall": 0.30786773090079816, "eval_f1": 0.2796478508544796, "eval_accuracy": 0.9303636223268741, "eval_runtime": 3.003, "eval_samples_per_second": 509.819, "eval_steps_per_second": 63.936, "epoch": 11.0, "step": 1485}, {"loss": 0.0345, "learning_rate": 1.25e-05, "epoch": 12.0, "step": 1620}, {"eval_loss": 0.3447016775608063, "eval_precision": 0.2769396551724138, "eval_recall": 0.29304446978335236, "eval_f1": 0.28476454293628806, "eval_accuracy": 0.9348027483980546, "eval_runtime": 3.0072, "eval_samples_per_second": 509.112, "eval_steps_per_second": 63.847, "epoch": 12.0, "step": 1620}, {"loss": 0.0292, "learning_rate": 9.375000000000001e-06, "epoch": 13.0, "step": 1755}, {"eval_loss": 0.35144495964050293, "eval_precision": 0.2687830687830688, "eval_recall": 0.2896237172177879, "eval_f1": 0.278814489571899, "eval_accuracy": 0.9321392727553462, "eval_runtime": 3.0015, "eval_samples_per_second": 510.085, "eval_steps_per_second": 63.969, "epoch": 13.0, "step": 1755}, {"loss": 0.0264, "learning_rate": 6.25e-06, "epoch": 14.0, "step": 1890}, {"eval_loss": 0.35775116086006165, "eval_precision": 0.2561094819159335, "eval_recall": 0.29874572405929306, "eval_f1": 0.2757894736842106, "eval_accuracy": 0.9320234694665328, "eval_runtime": 3.0026, "eval_samples_per_second": 509.893, "eval_steps_per_second": 63.945, "epoch": 14.0, "step": 1890}, {"loss": 0.0247, "learning_rate": 3.125e-06, "epoch": 15.0, "step": 2025}, {"eval_loss": 0.3594314455986023, "eval_precision": 0.267027027027027, "eval_recall": 0.28164196123147095, "eval_f1": 0.2741398446170922, "eval_accuracy": 0.933220103450938, "eval_runtime": 3.0061, "eval_samples_per_second": 509.293, "eval_steps_per_second": 63.87, "epoch": 15.0, "step": 2025}, {"loss": 0.0236, "learning_rate": 0.0, "epoch": 16.0, "step": 2160}, {"eval_loss": 0.35938164591789246, "eval_precision": 0.26519916142557654, "eval_recall": 0.28848346636259975, "eval_f1": 0.2763517203713817, "eval_accuracy": 0.9333745078360225, "eval_runtime": 3.0076, "eval_samples_per_second": 509.044, "eval_steps_per_second": 63.838, "epoch": 16.0, "step": 2160}, {"train_runtime": 208.5069, "train_samples_per_second": 662.539, "train_steps_per_second": 10.359, "total_flos": 1276175434443588.0, "train_loss": 0.09885916621596724, "epoch": 16.0, "step": 2160}]