[{"loss": 0.2676, "learning_rate": 9.375000000000001e-06, "epoch": 1.0, "step": 270}, {"eval_loss": 0.16084717214107513, "eval_precision": 0.41818181818181815, "eval_recall": 0.41961231470923605, "eval_f1": 0.41889584519066586, "eval_accuracy": 0.9471550992048174, "eval_runtime": 3.0322, "eval_samples_per_second": 504.913, "eval_steps_per_second": 63.32, "epoch": 1.0, "step": 270}, {"loss": 0.1498, "learning_rate": 8.750000000000001e-06, "epoch": 2.0, "step": 540}, {"eval_loss": 0.1399356722831726, "eval_precision": 0.5098765432098765, "eval_recall": 0.4709236031927024, "eval_f1": 0.4896265560165975, "eval_accuracy": 0.9534470778970123, "eval_runtime": 3.0196, "eval_samples_per_second": 507.018, "eval_steps_per_second": 63.584, "epoch": 2.0, "step": 540}, {"loss": 0.1172, "learning_rate": 8.125000000000001e-06, "epoch": 3.0, "step": 810}, {"eval_loss": 0.14415685832500458, "eval_precision": 0.4933920704845815, "eval_recall": 0.5108323831242874, "eval_f1": 0.5019607843137255, "eval_accuracy": 0.951941635142438, "eval_runtime": 3.0206, "eval_samples_per_second": 506.849, "eval_steps_per_second": 63.563, "epoch": 3.0, "step": 810}, {"loss": 0.0885, "learning_rate": 7.500000000000001e-06, "epoch": 4.0, "step": 1080}, {"eval_loss": 0.16305504739284515, "eval_precision": 0.5127919911012235, "eval_recall": 0.5256556442417332, "eval_f1": 0.5191441441441442, "eval_accuracy": 0.9524820504902339, "eval_runtime": 3.0255, "eval_samples_per_second": 506.03, "eval_steps_per_second": 63.46, "epoch": 4.0, "step": 1080}, {"loss": 0.0685, "learning_rate": 6.875e-06, "epoch": 5.0, "step": 1350}, {"eval_loss": 0.1826668679714203, "eval_precision": 0.5136741973840666, "eval_recall": 0.4925883694412771, "eval_f1": 0.5029103608847497, "eval_accuracy": 0.9520960395275225, "eval_runtime": 3.0199, "eval_samples_per_second": 506.966, "eval_steps_per_second": 63.578, "epoch": 5.0, "step": 1350}, {"loss": 0.0527, "learning_rate": 6.25e-06, "epoch": 6.0, "step": 1620}, {"eval_loss": 0.19748292863368988, "eval_precision": 0.5143513203214696, "eval_recall": 0.5108323831242874, "eval_f1": 0.5125858123569794, "eval_accuracy": 0.9498957770400679, "eval_runtime": 3.0173, "eval_samples_per_second": 507.41, "eval_steps_per_second": 63.633, "epoch": 6.0, "step": 1620}, {"loss": 0.0417, "learning_rate": 5.625e-06, "epoch": 7.0, "step": 1890}, {"eval_loss": 0.20437091588974, "eval_precision": 0.5005107252298263, "eval_recall": 0.5587229190421893, "eval_f1": 0.5280172413793104, "eval_accuracy": 0.950783602254304, "eval_runtime": 3.0184, "eval_samples_per_second": 507.222, "eval_steps_per_second": 63.61, "epoch": 7.0, "step": 1890}, {"loss": 0.0328, "learning_rate": 5e-06, "epoch": 8.0, "step": 2160}, {"eval_loss": 0.22514453530311584, "eval_precision": 0.4963954685890834, "eval_recall": 0.5496009122006842, "eval_f1": 0.5216450216450217, "eval_accuracy": 0.9505905967729483, "eval_runtime": 3.0201, "eval_samples_per_second": 506.932, "eval_steps_per_second": 63.573, "epoch": 8.0, "step": 2160}, {"loss": 0.0277, "learning_rate": 4.3750000000000005e-06, "epoch": 9.0, "step": 2430}, {"eval_loss": 0.23761983215808868, "eval_precision": 0.4881808838643371, "eval_recall": 0.5416191562143672, "eval_f1": 0.5135135135135136, "eval_accuracy": 0.9498957770400679, "eval_runtime": 3.0205, "eval_samples_per_second": 506.861, "eval_steps_per_second": 63.565, "epoch": 9.0, "step": 2430}, {"loss": 0.0222, "learning_rate": 3.7500000000000005e-06, "epoch": 10.0, "step": 2700}, {"eval_loss": 0.24901534616947174, "eval_precision": 0.5164835164835165, "eval_recall": 0.5359179019384265, "eval_f1": 0.5260212646894236, "eval_accuracy": 0.9511696132170153, "eval_runtime": 3.0197, "eval_samples_per_second": 507.009, "eval_steps_per_second": 63.583, "epoch": 10.0, "step": 2700}, {"loss": 0.0185, "learning_rate": 3.125e-06, "epoch": 11.0, "step": 2970}, {"eval_loss": 0.26229241490364075, "eval_precision": 0.5133928571428571, "eval_recall": 0.5245153933865451, "eval_f1": 0.5188945290468133, "eval_accuracy": 0.9514784219871845, "eval_runtime": 3.0128, "eval_samples_per_second": 508.164, "eval_steps_per_second": 63.728, "epoch": 11.0, "step": 2970}, {"loss": 0.016, "learning_rate": 2.5e-06, "epoch": 12.0, "step": 3240}, {"eval_loss": 0.2722436189651489, "eval_precision": 0.510314875135722, "eval_recall": 0.5359179019384265, "eval_f1": 0.5228031145717464, "eval_accuracy": 0.9508222033505751, "eval_runtime": 3.0199, "eval_samples_per_second": 506.964, "eval_steps_per_second": 63.578, "epoch": 12.0, "step": 3240}, {"loss": 0.0137, "learning_rate": 1.8750000000000003e-06, "epoch": 13.0, "step": 3510}, {"eval_loss": 0.2758985161781311, "eval_precision": 0.5121951219512195, "eval_recall": 0.5267958950969214, "eval_f1": 0.5193929173693086, "eval_accuracy": 0.950783602254304, "eval_runtime": 3.0222, "eval_samples_per_second": 506.577, "eval_steps_per_second": 63.529, "epoch": 13.0, "step": 3510}, {"loss": 0.0121, "learning_rate": 1.25e-06, "epoch": 14.0, "step": 3780}, {"eval_loss": 0.28517791628837585, "eval_precision": 0.5173572228443449, "eval_recall": 0.5267958950969214, "eval_f1": 0.5220338983050848, "eval_accuracy": 0.9511696132170153, "eval_runtime": 3.0192, "eval_samples_per_second": 507.081, "eval_steps_per_second": 63.592, "epoch": 14.0, "step": 3780}, {"loss": 0.0118, "learning_rate": 6.25e-07, "epoch": 15.0, "step": 4050}, {"eval_loss": 0.28297141194343567, "eval_precision": 0.5037756202804746, "eval_recall": 0.5324971493728621, "eval_f1": 0.5177383592017738, "eval_accuracy": 0.9498957770400679, "eval_runtime": 3.0213, "eval_samples_per_second": 506.73, "eval_steps_per_second": 63.548, "epoch": 15.0, "step": 4050}, {"loss": 0.0104, "learning_rate": 0.0, "epoch": 16.0, "step": 4320}, {"eval_loss": 0.2864432632923126, "eval_precision": 0.5072142064372919, "eval_recall": 0.5210946408209807, "eval_f1": 0.5140607424071992, "eval_accuracy": 0.9505905967729483, "eval_runtime": 3.0175, "eval_samples_per_second": 507.366, "eval_steps_per_second": 63.628, "epoch": 16.0, "step": 4320}, {"train_runtime": 355.4971, "train_samples_per_second": 388.594, "train_steps_per_second": 12.152, "total_flos": 4466533813444452.0, "train_loss": 0.05945350174550657, "epoch": 16.0, "step": 4320}]