[{"loss": 0.2836, "learning_rate": 4.6875e-05, "epoch": 1.0, "step": 270}, {"eval_loss": 0.20242010056972504, "eval_precision": 0.26242774566473986, "eval_recall": 0.2588369441277081, "eval_f1": 0.2606199770378875, "eval_accuracy": 0.9400524974909288, "eval_runtime": 2.9894, "eval_samples_per_second": 512.138, "eval_steps_per_second": 64.226, "epoch": 1.0, "step": 270}, {"loss": 0.165, "learning_rate": 4.375e-05, "epoch": 2.0, "step": 540}, {"eval_loss": 0.2049611508846283, "eval_precision": 0.28326612903225806, "eval_recall": 0.3204104903078677, "eval_f1": 0.30069555912252544, "eval_accuracy": 0.9375048251370339, "eval_runtime": 2.9786, "eval_samples_per_second": 513.999, "eval_steps_per_second": 64.46, "epoch": 2.0, "step": 540}, {"loss": 0.0951, "learning_rate": 4.0625000000000005e-05, "epoch": 3.0, "step": 810}, {"eval_loss": 0.23906545341014862, "eval_precision": 0.2885283893395133, "eval_recall": 0.2839224629418472, "eval_f1": 0.2862068965517241, "eval_accuracy": 0.940708716127538, "eval_runtime": 2.9789, "eval_samples_per_second": 513.944, "eval_steps_per_second": 64.453, "epoch": 3.0, "step": 810}, {"loss": 0.0516, "learning_rate": 3.7500000000000003e-05, "epoch": 4.0, "step": 1080}, {"eval_loss": 0.2886189818382263, "eval_precision": 0.34424242424242424, "eval_recall": 0.3238312428734322, "eval_f1": 0.3337250293772033, "eval_accuracy": 0.9405929128387246, "eval_runtime": 2.9793, "eval_samples_per_second": 513.88, "eval_steps_per_second": 64.445, "epoch": 4.0, "step": 1080}, {"loss": 0.0247, "learning_rate": 3.4375e-05, "epoch": 5.0, "step": 1350}, {"eval_loss": 0.34099891781806946, "eval_precision": 0.28056768558951967, "eval_recall": 0.29304446978335236, "eval_f1": 0.28667038482989404, "eval_accuracy": 0.9369258086929669, "eval_runtime": 2.9766, "eval_samples_per_second": 514.351, "eval_steps_per_second": 64.504, "epoch": 5.0, "step": 1350}, {"loss": 0.0127, "learning_rate": 3.125e-05, "epoch": 6.0, "step": 1620}, {"eval_loss": 0.363576740026474, "eval_precision": 0.2908878504672897, "eval_recall": 0.2839224629418472, "eval_f1": 0.2873629544143104, "eval_accuracy": 0.9377364317146607, "eval_runtime": 2.9744, "eval_samples_per_second": 514.719, "eval_steps_per_second": 64.55, "epoch": 6.0, "step": 1620}, {"loss": 0.0061, "learning_rate": 2.8125000000000003e-05, "epoch": 7.0, "step": 1890}, {"eval_loss": 0.39577141404151917, "eval_precision": 0.29423264907135877, "eval_recall": 0.34321550741163054, "eval_f1": 0.3168421052631579, "eval_accuracy": 0.9357677758048328, "eval_runtime": 2.9848, "eval_samples_per_second": 512.938, "eval_steps_per_second": 64.327, "epoch": 7.0, "step": 1890}, {"loss": 0.0043, "learning_rate": 2.5e-05, "epoch": 8.0, "step": 2160}, {"eval_loss": 0.4036799371242523, "eval_precision": 0.2948571428571429, "eval_recall": 0.29418472063854045, "eval_f1": 0.29452054794520544, "eval_accuracy": 0.93839265035127, "eval_runtime": 2.9854, "eval_samples_per_second": 512.832, "eval_steps_per_second": 64.313, "epoch": 8.0, "step": 2160}, {"loss": 0.0026, "learning_rate": 2.1875e-05, "epoch": 9.0, "step": 2430}, {"eval_loss": 0.44053125381469727, "eval_precision": 0.3078817733990148, "eval_recall": 0.28506271379703535, "eval_f1": 0.29603315571343997, "eval_accuracy": 0.9390874700841504, "eval_runtime": 2.9922, "eval_samples_per_second": 511.671, "eval_steps_per_second": 64.168, "epoch": 9.0, "step": 2430}, {"loss": 0.0018, "learning_rate": 1.8750000000000002e-05, "epoch": 10.0, "step": 2700}, {"eval_loss": 0.44237369298934937, "eval_precision": 0.3076923076923077, "eval_recall": 0.28734321550741165, "eval_f1": 0.29716981132075476, "eval_accuracy": 0.9392032733729638, "eval_runtime": 2.9948, "eval_samples_per_second": 511.218, "eval_steps_per_second": 64.111, "epoch": 10.0, "step": 2700}, {"loss": 0.0014, "learning_rate": 1.5625e-05, "epoch": 11.0, "step": 2970}, {"eval_loss": 0.4390019476413727, "eval_precision": 0.30178173719376394, "eval_recall": 0.3090079817559863, "eval_f1": 0.3053521126760564, "eval_accuracy": 0.9380066393885587, "eval_runtime": 2.9973, "eval_samples_per_second": 510.795, "eval_steps_per_second": 64.058, "epoch": 11.0, "step": 2970}, {"loss": 0.0009, "learning_rate": 1.25e-05, "epoch": 12.0, "step": 3240}, {"eval_loss": 0.4567956328392029, "eval_precision": 0.3066088840736728, "eval_recall": 0.322690992018244, "eval_f1": 0.31444444444444447, "eval_accuracy": 0.9380452404848297, "eval_runtime": 2.9851, "eval_samples_per_second": 512.888, "eval_steps_per_second": 64.32, "epoch": 12.0, "step": 3240}, {"loss": 0.0008, "learning_rate": 9.375000000000001e-06, "epoch": 13.0, "step": 3510}, {"eval_loss": 0.46905505657196045, "eval_precision": 0.3204488778054863, "eval_recall": 0.29304446978335236, "eval_f1": 0.30613460393091124, "eval_accuracy": 0.9395892843356751, "eval_runtime": 2.9893, "eval_samples_per_second": 512.156, "eval_steps_per_second": 64.229, "epoch": 13.0, "step": 3510}, {"loss": 0.0006, "learning_rate": 6.25e-06, "epoch": 14.0, "step": 3780}, {"eval_loss": 0.47238674759864807, "eval_precision": 0.3316892725030826, "eval_recall": 0.30672748004561, "eval_f1": 0.3187203791469194, "eval_accuracy": 0.9393576777580483, "eval_runtime": 2.9883, "eval_samples_per_second": 512.334, "eval_steps_per_second": 64.251, "epoch": 14.0, "step": 3780}, {"loss": 0.0005, "learning_rate": 3.125e-06, "epoch": 15.0, "step": 4050}, {"eval_loss": 0.47221845388412476, "eval_precision": 0.30245535714285715, "eval_recall": 0.3090079817559863, "eval_f1": 0.3056965595036661, "eval_accuracy": 0.937543426233305, "eval_runtime": 2.9873, "eval_samples_per_second": 512.502, "eval_steps_per_second": 64.272, "epoch": 15.0, "step": 4050}, {"loss": 0.0004, "learning_rate": 0.0, "epoch": 16.0, "step": 4320}, {"eval_loss": 0.4766349792480469, "eval_precision": 0.30982658959537573, "eval_recall": 0.3055872291904219, "eval_f1": 0.3076923076923077, "eval_accuracy": 0.9380838415811009, "eval_runtime": 2.9882, "eval_samples_per_second": 512.352, "eval_steps_per_second": 64.253, "epoch": 16.0, "step": 4320}, {"train_runtime": 349.9965, "train_samples_per_second": 394.701, "train_steps_per_second": 12.343, "total_flos": 4467015129572436.0, "train_loss": 0.04075614554911024, "epoch": 16.0, "step": 4320}]