[{"loss": 0.3479, "learning_rate": 9.375e-05, "epoch": 1.0, "step": 270}, {"eval_loss": 0.33112114667892456, "eval_precision": 0.0, "eval_recall": 0.0, "eval_f1": 0.0, "eval_accuracy": 0.9341851308577164, "eval_runtime": 2.3119, "eval_samples_per_second": 662.227, "eval_steps_per_second": 83.049, "epoch": 1.0, "step": 270}, {"loss": 0.3424, "learning_rate": 8.75e-05, "epoch": 2.0, "step": 540}, {"eval_loss": 0.331179678440094, "eval_precision": 0.0, "eval_recall": 0.0, "eval_f1": 0.0, "eval_accuracy": 0.9341851308577164, "eval_runtime": 2.3072, "eval_samples_per_second": 663.584, "eval_steps_per_second": 83.219, "epoch": 2.0, "step": 540}, {"loss": 0.3428, "learning_rate": 8.125000000000001e-05, "epoch": 3.0, "step": 810}, {"eval_loss": 0.33408811688423157, "eval_precision": 0.0, "eval_recall": 0.0, "eval_f1": 0.0, "eval_accuracy": 0.9341851308577164, "eval_runtime": 2.2988, "eval_samples_per_second": 665.989, "eval_steps_per_second": 83.521, "epoch": 3.0, "step": 810}, {"loss": 0.3424, "learning_rate": 7.500000000000001e-05, "epoch": 4.0, "step": 1080}, {"eval_loss": 0.331036776304245, "eval_precision": 0.0, "eval_recall": 0.0, "eval_f1": 0.0, "eval_accuracy": 0.9341851308577164, "eval_runtime": 2.3028, "eval_samples_per_second": 664.832, "eval_steps_per_second": 83.375, "epoch": 4.0, "step": 1080}, {"loss": 0.3414, "learning_rate": 6.875e-05, "epoch": 5.0, "step": 1350}, {"eval_loss": 0.3322940170764923, "eval_precision": 0.0, "eval_recall": 0.0, "eval_f1": 0.0, "eval_accuracy": 0.9341851308577164, "eval_runtime": 2.3028, "eval_samples_per_second": 664.838, "eval_steps_per_second": 83.376, "epoch": 5.0, "step": 1350}, {"loss": 0.3416, "learning_rate": 6.25e-05, "epoch": 6.0, "step": 1620}, {"eval_loss": 0.33150896430015564, "eval_precision": 0.0, "eval_recall": 0.0, "eval_f1": 0.0, "eval_accuracy": 0.9341851308577164, "eval_runtime": 2.3016, "eval_samples_per_second": 665.179, "eval_steps_per_second": 83.419, "epoch": 6.0, "step": 1620}, {"loss": 0.3404, "learning_rate": 5.6250000000000005e-05, "epoch": 7.0, "step": 1890}, {"eval_loss": 0.33230334520339966, "eval_precision": 0.0, "eval_recall": 0.0, "eval_f1": 0.0, "eval_accuracy": 0.9341851308577164, "eval_runtime": 2.2999, "eval_samples_per_second": 665.672, "eval_steps_per_second": 83.481, "epoch": 7.0, "step": 1890}, {"loss": 0.34, "learning_rate": 5e-05, "epoch": 8.0, "step": 2160}, {"eval_loss": 0.3304588198661804, "eval_precision": 0.0, "eval_recall": 0.0, "eval_f1": 0.0, "eval_accuracy": 0.9341851308577164, "eval_runtime": 2.3027, "eval_samples_per_second": 664.864, "eval_steps_per_second": 83.379, "epoch": 8.0, "step": 2160}, {"loss": 0.3399, "learning_rate": 4.375e-05, "epoch": 9.0, "step": 2430}, {"eval_loss": 0.3319235146045685, "eval_precision": 0.0, "eval_recall": 0.0, "eval_f1": 0.0, "eval_accuracy": 0.9341851308577164, "eval_runtime": 2.2962, "eval_samples_per_second": 666.76, "eval_steps_per_second": 83.617, "epoch": 9.0, "step": 2430}, {"loss": 0.3399, "learning_rate": 3.7500000000000003e-05, "epoch": 10.0, "step": 2700}, {"eval_loss": 0.33230268955230713, "eval_precision": 0.0, "eval_recall": 0.0, "eval_f1": 0.0, "eval_accuracy": 0.9341851308577164, "eval_runtime": 2.3573, "eval_samples_per_second": 649.461, "eval_steps_per_second": 81.448, "epoch": 10.0, "step": 2700}, {"loss": 0.3388, "learning_rate": 3.125e-05, "epoch": 11.0, "step": 2970}, {"eval_loss": 0.3305889368057251, "eval_precision": 0.0, "eval_recall": 0.0, "eval_f1": 0.0, "eval_accuracy": 0.9341851308577164, "eval_runtime": 2.3002, "eval_samples_per_second": 665.6, "eval_steps_per_second": 83.472, "epoch": 11.0, "step": 2970}, {"loss": 0.3394, "learning_rate": 2.5e-05, "epoch": 12.0, "step": 3240}, {"eval_loss": 0.3340466320514679, "eval_precision": 0.0, "eval_recall": 0.0, "eval_f1": 0.0, "eval_accuracy": 0.9341851308577164, "eval_runtime": 2.3015, "eval_samples_per_second": 665.225, "eval_steps_per_second": 83.425, "epoch": 12.0, "step": 3240}, {"loss": 0.3403, "learning_rate": 1.8750000000000002e-05, "epoch": 13.0, "step": 3510}, {"eval_loss": 0.33322879672050476, "eval_precision": 0.0, "eval_recall": 0.0, "eval_f1": 0.0, "eval_accuracy": 0.9341851308577164, "eval_runtime": 2.3018, "eval_samples_per_second": 665.142, "eval_steps_per_second": 83.414, "epoch": 13.0, "step": 3510}, {"loss": 0.3404, "learning_rate": 1.25e-05, "epoch": 14.0, "step": 3780}, {"eval_loss": 0.331869900226593, "eval_precision": 0.0, "eval_recall": 0.0, "eval_f1": 0.0, "eval_accuracy": 0.9341851308577164, "eval_runtime": 2.3045, "eval_samples_per_second": 664.364, "eval_steps_per_second": 83.317, "epoch": 14.0, "step": 3780}, {"loss": 0.3406, "learning_rate": 6.25e-06, "epoch": 15.0, "step": 4050}, {"eval_loss": 0.3335234820842743, "eval_precision": 0.0, "eval_recall": 0.0, "eval_f1": 0.0, "eval_accuracy": 0.9341851308577164, "eval_runtime": 2.3007, "eval_samples_per_second": 665.436, "eval_steps_per_second": 83.451, "epoch": 15.0, "step": 4050}, {"loss": 0.3397, "learning_rate": 0.0, "epoch": 16.0, "step": 4320}, {"eval_loss": 0.3330625891685486, "eval_precision": 0.0, "eval_recall": 0.0, "eval_f1": 0.0, "eval_accuracy": 0.9341851308577164, "eval_runtime": 2.3016, "eval_samples_per_second": 665.182, "eval_steps_per_second": 83.419, "epoch": 16.0, "step": 4320}, {"train_runtime": 336.4626, "train_samples_per_second": 410.578, "train_steps_per_second": 12.839, "total_flos": 5103030325741140.0, "train_loss": 0.341123123522158, "epoch": 16.0, "step": 4320}]