[{"loss": 0.1964, "learning_rate": 9.375e-05, "epoch": 1.0, "step": 135}, {"eval_loss": 0.13902811706066132, "eval_precision": 0.4875148632580262, "eval_recall": 0.467502850627138, "eval_f1": 0.4772991850989523, "eval_accuracy": 0.9521346406237937, "eval_runtime": 3.0414, "eval_samples_per_second": 503.387, "eval_steps_per_second": 63.129, "epoch": 1.0, "step": 135}, {"loss": 0.1005, "learning_rate": 8.75e-05, "epoch": 2.0, "step": 270}, {"eval_loss": 0.15470443665981293, "eval_precision": 0.43308550185873607, "eval_recall": 0.5313568985176739, "eval_f1": 0.4772145417306708, "eval_accuracy": 0.9447618312360071, "eval_runtime": 3.0245, "eval_samples_per_second": 506.195, "eval_steps_per_second": 63.481, "epoch": 2.0, "step": 270}, {"loss": 0.0416, "learning_rate": 8.125000000000001e-05, "epoch": 3.0, "step": 405}, {"eval_loss": 0.1869819015264511, "eval_precision": 0.5059523809523809, "eval_recall": 0.4846066134549601, "eval_f1": 0.49504950495049505, "eval_accuracy": 0.9515942252759978, "eval_runtime": 3.0232, "eval_samples_per_second": 506.42, "eval_steps_per_second": 63.509, "epoch": 3.0, "step": 405}, {"loss": 0.0179, "learning_rate": 7.500000000000001e-05, "epoch": 4.0, "step": 540}, {"eval_loss": 0.22929197549819946, "eval_precision": 0.4594059405940594, "eval_recall": 0.5290763968072976, "eval_f1": 0.4917859035506094, "eval_accuracy": 0.9459970663166833, "eval_runtime": 3.0278, "eval_samples_per_second": 505.655, "eval_steps_per_second": 63.413, "epoch": 4.0, "step": 540}, {"loss": 0.0091, "learning_rate": 6.875e-05, "epoch": 5.0, "step": 675}, {"eval_loss": 0.25926023721694946, "eval_precision": 0.45714285714285713, "eval_recall": 0.47434435575826683, "eval_f1": 0.4655847789591494, "eval_accuracy": 0.9492781594997298, "eval_runtime": 3.0228, "eval_samples_per_second": 506.482, "eval_steps_per_second": 63.517, "epoch": 5.0, "step": 675}, {"loss": 0.0051, "learning_rate": 6.25e-05, "epoch": 6.0, "step": 810}, {"eval_loss": 0.288032203912735, "eval_precision": 0.5142857142857142, "eval_recall": 0.4925883694412771, "eval_f1": 0.5032032615026208, "eval_accuracy": 0.9512468154095576, "eval_runtime": 3.0194, "eval_samples_per_second": 507.059, "eval_steps_per_second": 63.589, "epoch": 6.0, "step": 810}, {"loss": 0.0032, "learning_rate": 5.6250000000000005e-05, "epoch": 7.0, "step": 945}, {"eval_loss": 0.2984236478805542, "eval_precision": 0.4781725888324873, "eval_recall": 0.5370581527936146, "eval_f1": 0.5059076262083781, "eval_accuracy": 0.9495097660773566, "eval_runtime": 3.0202, "eval_samples_per_second": 506.923, "eval_steps_per_second": 63.572, "epoch": 7.0, "step": 945}, {"loss": 0.0022, "learning_rate": 5e-05, "epoch": 8.0, "step": 1080}, {"eval_loss": 0.313944548368454, "eval_precision": 0.5017381228273464, "eval_recall": 0.49372862029646525, "eval_f1": 0.49770114942528737, "eval_accuracy": 0.9500501814251525, "eval_runtime": 3.023, "eval_samples_per_second": 506.451, "eval_steps_per_second": 63.513, "epoch": 8.0, "step": 1080}, {"loss": 0.0013, "learning_rate": 4.375e-05, "epoch": 9.0, "step": 1215}, {"eval_loss": 0.32694610953330994, "eval_precision": 0.5132336018411968, "eval_recall": 0.508551881413911, "eval_f1": 0.5108820160366553, "eval_accuracy": 0.9509766077356597, "eval_runtime": 3.0815, "eval_samples_per_second": 496.832, "eval_steps_per_second": 62.307, "epoch": 9.0, "step": 1215}, {"loss": 0.0009, "learning_rate": 3.7500000000000003e-05, "epoch": 10.0, "step": 1350}, {"eval_loss": 0.33733269572257996, "eval_precision": 0.4955654101995565, "eval_recall": 0.5096921322690992, "eval_f1": 0.5025295109612141, "eval_accuracy": 0.9497413726549834, "eval_runtime": 3.0236, "eval_samples_per_second": 506.342, "eval_steps_per_second": 63.499, "epoch": 10.0, "step": 1350}, {"loss": 0.0005, "learning_rate": 3.125e-05, "epoch": 11.0, "step": 1485}, {"eval_loss": 0.35549578070640564, "eval_precision": 0.5, "eval_recall": 0.5039908779931584, "eval_f1": 0.5019875070982396, "eval_accuracy": 0.9499343781363391, "eval_runtime": 3.0226, "eval_samples_per_second": 506.519, "eval_steps_per_second": 63.522, "epoch": 11.0, "step": 1485}, {"loss": 0.0004, "learning_rate": 2.5e-05, "epoch": 12.0, "step": 1620}, {"eval_loss": 0.360485702753067, "eval_precision": 0.4908503767491927, "eval_recall": 0.5199543899657925, "eval_f1": 0.5049833887043189, "eval_accuracy": 0.9496641704624411, "eval_runtime": 3.0237, "eval_samples_per_second": 506.331, "eval_steps_per_second": 63.498, "epoch": 12.0, "step": 1620}, {"loss": 0.0004, "learning_rate": 1.8750000000000002e-05, "epoch": 13.0, "step": 1755}, {"eval_loss": 0.3597947955131531, "eval_precision": 0.5207373271889401, "eval_recall": 0.5153933865450399, "eval_f1": 0.5180515759312321, "eval_accuracy": 0.9514012197946422, "eval_runtime": 3.0266, "eval_samples_per_second": 505.851, "eval_steps_per_second": 63.438, "epoch": 13.0, "step": 1755}, {"loss": 0.0002, "learning_rate": 1.25e-05, "epoch": 14.0, "step": 1890}, {"eval_loss": 0.3645893335342407, "eval_precision": 0.5137614678899083, "eval_recall": 0.5108323831242874, "eval_f1": 0.5122927387078331, "eval_accuracy": 0.9507450011580328, "eval_runtime": 3.0213, "eval_samples_per_second": 506.739, "eval_steps_per_second": 63.549, "epoch": 14.0, "step": 1890}, {"loss": 0.0003, "learning_rate": 6.25e-06, "epoch": 15.0, "step": 2025}, {"eval_loss": 0.3661894202232361, "eval_precision": 0.508869179600887, "eval_recall": 0.5233751425313569, "eval_f1": 0.5160202360876897, "eval_accuracy": 0.9508222033505751, "eval_runtime": 3.0249, "eval_samples_per_second": 506.128, "eval_steps_per_second": 63.473, "epoch": 15.0, "step": 2025}, {"loss": 0.0003, "learning_rate": 0.0, "epoch": 16.0, "step": 2160}, {"eval_loss": 0.36791402101516724, "eval_precision": 0.5107344632768361, "eval_recall": 0.5153933865450399, "eval_f1": 0.5130533484676504, "eval_accuracy": 0.9506291978692195, "eval_runtime": 3.0222, "eval_samples_per_second": 506.591, "eval_steps_per_second": 63.531, "epoch": 16.0, "step": 2160}, {"train_runtime": 308.1845, "train_samples_per_second": 448.251, "train_steps_per_second": 7.009, "total_flos": 5097064026132756.0, "train_loss": 0.023770752324101824, "epoch": 16.0, "step": 2160}]