[{"loss": 0.3305, "learning_rate": 9.375e-05, "epoch": 1.0, "step": 135}, {"eval_loss": 0.22889387607574463, "eval_precision": 0.24761904761904763, "eval_recall": 0.17787913340935005, "eval_f1": 0.20703384207033845, "eval_accuracy": 0.9377750328109319, "eval_runtime": 3.0091, "eval_samples_per_second": 508.789, "eval_steps_per_second": 63.806, "epoch": 1.0, "step": 135}, {"loss": 0.2122, "learning_rate": 8.75e-05, "epoch": 2.0, "step": 270}, {"eval_loss": 0.21303260326385498, "eval_precision": 0.2495201535508637, "eval_recall": 0.14823261117445838, "eval_f1": 0.1859799713876967, "eval_accuracy": 0.9393962788543194, "eval_runtime": 2.9878, "eval_samples_per_second": 512.426, "eval_steps_per_second": 64.262, "epoch": 2.0, "step": 270}, {"loss": 0.1515, "learning_rate": 8.125000000000001e-05, "epoch": 3.0, "step": 405}, {"eval_loss": 0.22743315994739532, "eval_precision": 0.25478468899521534, "eval_recall": 0.24287343215507412, "eval_f1": 0.24868651488616464, "eval_accuracy": 0.9365011966339845, "eval_runtime": 2.9989, "eval_samples_per_second": 510.514, "eval_steps_per_second": 64.023, "epoch": 3.0, "step": 405}, {"loss": 0.1089, "learning_rate": 7.500000000000001e-05, "epoch": 4.0, "step": 540}, {"eval_loss": 0.25138577818870544, "eval_precision": 0.2689873417721519, "eval_recall": 0.29076396807297605, "eval_f1": 0.27945205479452057, "eval_accuracy": 0.9350343549756813, "eval_runtime": 2.9958, "eval_samples_per_second": 511.054, "eval_steps_per_second": 64.09, "epoch": 4.0, "step": 540}, {"loss": 0.0797, "learning_rate": 6.875e-05, "epoch": 5.0, "step": 675}, {"eval_loss": 0.28653162717819214, "eval_precision": 0.22975206611570248, "eval_recall": 0.3169897377423033, "eval_f1": 0.26641111643507426, "eval_accuracy": 0.9252682776190844, "eval_runtime": 3.0007, "eval_samples_per_second": 510.214, "eval_steps_per_second": 63.985, "epoch": 5.0, "step": 675}, {"loss": 0.0565, "learning_rate": 6.25e-05, "epoch": 6.0, "step": 810}, {"eval_loss": 0.31223350763320923, "eval_precision": 0.25308056872037915, "eval_recall": 0.30444697833523376, "eval_f1": 0.2763975155279503, "eval_accuracy": 0.9312514475411102, "eval_runtime": 2.9957, "eval_samples_per_second": 511.073, "eval_steps_per_second": 64.093, "epoch": 6.0, "step": 810}, {"loss": 0.0383, "learning_rate": 5.6250000000000005e-05, "epoch": 7.0, "step": 945}, {"eval_loss": 0.33767372369766235, "eval_precision": 0.2556317335945152, "eval_recall": 0.2976054732041049, "eval_f1": 0.27502634351949423, "eval_accuracy": 0.9315216552150081, "eval_runtime": 2.999, "eval_samples_per_second": 510.503, "eval_steps_per_second": 64.021, "epoch": 7.0, "step": 945}, {"loss": 0.0268, "learning_rate": 5e-05, "epoch": 8.0, "step": 1080}, {"eval_loss": 0.3670858144760132, "eval_precision": 0.24669187145557656, "eval_recall": 0.2976054732041049, "eval_f1": 0.2697674418604651, "eval_accuracy": 0.9287037751872154, "eval_runtime": 2.9973, "eval_samples_per_second": 510.795, "eval_steps_per_second": 64.058, "epoch": 8.0, "step": 1080}, {"loss": 0.0187, "learning_rate": 4.375e-05, "epoch": 9.0, "step": 1215}, {"eval_loss": 0.3844982385635376, "eval_precision": 0.2675760755508919, "eval_recall": 0.29076396807297605, "eval_f1": 0.2786885245901639, "eval_accuracy": 0.9326796881031422, "eval_runtime": 3.0549, "eval_samples_per_second": 501.159, "eval_steps_per_second": 62.849, "epoch": 9.0, "step": 1215}, {"loss": 0.0134, "learning_rate": 3.7500000000000003e-05, "epoch": 10.0, "step": 1350}, {"eval_loss": 0.39946308732032776, "eval_precision": 0.2569511025886865, "eval_recall": 0.3055872291904219, "eval_f1": 0.2791666666666667, "eval_accuracy": 0.9305952289045009, "eval_runtime": 2.9972, "eval_samples_per_second": 510.807, "eval_steps_per_second": 64.059, "epoch": 10.0, "step": 1350}, {"loss": 0.0107, "learning_rate": 3.125e-05, "epoch": 11.0, "step": 1485}, {"eval_loss": 0.4024452865123749, "eval_precision": 0.23885034687809711, "eval_recall": 0.2748004561003421, "eval_f1": 0.25556733828207845, "eval_accuracy": 0.9307882343858566, "eval_runtime": 2.9966, "eval_samples_per_second": 510.906, "eval_steps_per_second": 64.072, "epoch": 11.0, "step": 1485}, {"loss": 0.0075, "learning_rate": 2.5e-05, "epoch": 12.0, "step": 1620}, {"eval_loss": 0.41813817620277405, "eval_precision": 0.25023786869647957, "eval_recall": 0.2998859749144812, "eval_f1": 0.2728215767634855, "eval_accuracy": 0.9299390102678916, "eval_runtime": 2.9948, "eval_samples_per_second": 511.216, "eval_steps_per_second": 64.111, "epoch": 12.0, "step": 1620}, {"loss": 0.0059, "learning_rate": 1.8750000000000002e-05, "epoch": 13.0, "step": 1755}, {"eval_loss": 0.41673094034194946, "eval_precision": 0.2545068928950159, "eval_recall": 0.27366020524515394, "eval_f1": 0.26373626373626374, "eval_accuracy": 0.9324480815255153, "eval_runtime": 2.9988, "eval_samples_per_second": 510.541, "eval_steps_per_second": 64.026, "epoch": 13.0, "step": 1755}, {"loss": 0.0052, "learning_rate": 1.25e-05, "epoch": 14.0, "step": 1890}, {"eval_loss": 0.42415255308151245, "eval_precision": 0.2590775269872424, "eval_recall": 0.3010262257696693, "eval_f1": 0.27848101265822783, "eval_accuracy": 0.9322164749478885, "eval_runtime": 3.0002, "eval_samples_per_second": 510.295, "eval_steps_per_second": 63.995, "epoch": 14.0, "step": 1890}, {"loss": 0.0048, "learning_rate": 6.25e-06, "epoch": 15.0, "step": 2025}, {"eval_loss": 0.4269554316997528, "eval_precision": 0.2588116817724068, "eval_recall": 0.29304446978335236, "eval_f1": 0.2748663101604278, "eval_accuracy": 0.9318304639851772, "eval_runtime": 2.9897, "eval_samples_per_second": 512.095, "eval_steps_per_second": 64.221, "epoch": 15.0, "step": 2025}, {"loss": 0.0041, "learning_rate": 0.0, "epoch": 16.0, "step": 2160}, {"eval_loss": 0.42365920543670654, "eval_precision": 0.26068821689259647, "eval_recall": 0.28506271379703535, "eval_f1": 0.2723311546840959, "eval_accuracy": 0.9331429012583957, "eval_runtime": 2.9919, "eval_samples_per_second": 511.712, "eval_steps_per_second": 64.173, "epoch": 16.0, "step": 2160}, {"train_runtime": 210.9699, "train_samples_per_second": 654.804, "train_steps_per_second": 10.238, "total_flos": 1276175434443588.0, "train_loss": 0.06717775171553647, "epoch": 16.0, "step": 2160}]