[{"loss": 0.3007, "learning_rate": 9.375000000000001e-06, "epoch": 1.0, "step": 135}, {"eval_loss": 0.1805332601070404, "eval_precision": 0.3835021707670043, "eval_recall": 0.30216647662485746, "eval_f1": 0.3380102040816326, "eval_accuracy": 0.9448004323322783, "eval_runtime": 3.0125, "eval_samples_per_second": 508.211, "eval_steps_per_second": 63.734, "epoch": 1.0, "step": 135}, {"loss": 0.1674, "learning_rate": 8.750000000000001e-06, "epoch": 2.0, "step": 270}, {"eval_loss": 0.1516575962305069, "eval_precision": 0.46503884572697, "eval_recall": 0.47776510832383123, "eval_f1": 0.4713160854893138, "eval_accuracy": 0.9488149463444762, "eval_runtime": 2.995, "eval_samples_per_second": 511.184, "eval_steps_per_second": 64.107, "epoch": 2.0, "step": 270}, {"loss": 0.1336, "learning_rate": 8.125000000000001e-06, "epoch": 3.0, "step": 405}, {"eval_loss": 0.1469935029745102, "eval_precision": 0.48734873487348734, "eval_recall": 0.5051311288483467, "eval_f1": 0.49608062709966405, "eval_accuracy": 0.9508994055431175, "eval_runtime": 2.9952, "eval_samples_per_second": 511.143, "eval_steps_per_second": 64.102, "epoch": 3.0, "step": 405}, {"loss": 0.109, "learning_rate": 7.500000000000001e-06, "epoch": 4.0, "step": 540}, {"eval_loss": 0.15351685881614685, "eval_precision": 0.5, "eval_recall": 0.5450399087799316, "eval_f1": 0.5215493726132024, "eval_accuracy": 0.9513240176021, "eval_runtime": 3.0031, "eval_samples_per_second": 509.807, "eval_steps_per_second": 63.934, "epoch": 4.0, "step": 540}, {"loss": 0.0903, "learning_rate": 6.875e-06, "epoch": 5.0, "step": 675}, {"eval_loss": 0.1613180935382843, "eval_precision": 0.4873864783047427, "eval_recall": 0.5507411630558723, "eval_f1": 0.5171306209850106, "eval_accuracy": 0.9497413726549834, "eval_runtime": 2.9941, "eval_samples_per_second": 511.347, "eval_steps_per_second": 64.127, "epoch": 5.0, "step": 675}, {"loss": 0.0751, "learning_rate": 6.25e-06, "epoch": 6.0, "step": 810}, {"eval_loss": 0.16895551979541779, "eval_precision": 0.5305389221556887, "eval_recall": 0.5051311288483467, "eval_f1": 0.5175233644859814, "eval_accuracy": 0.9520188373349803, "eval_runtime": 2.9912, "eval_samples_per_second": 511.827, "eval_steps_per_second": 64.187, "epoch": 6.0, "step": 810}, {"loss": 0.0639, "learning_rate": 5.625e-06, "epoch": 7.0, "step": 945}, {"eval_loss": 0.17564363777637482, "eval_precision": 0.5368063420158551, "eval_recall": 0.540478905359179, "eval_f1": 0.5386363636363636, "eval_accuracy": 0.9531382691268432, "eval_runtime": 2.9912, "eval_samples_per_second": 511.837, "eval_steps_per_second": 64.189, "epoch": 7.0, "step": 945}, {"loss": 0.0556, "learning_rate": 5e-06, "epoch": 8.0, "step": 1080}, {"eval_loss": 0.1821904182434082, "eval_precision": 0.5186766275346851, "eval_recall": 0.5541619156214367, "eval_f1": 0.5358324145534729, "eval_accuracy": 0.951362618698371, "eval_runtime": 2.9911, "eval_samples_per_second": 511.846, "eval_steps_per_second": 64.19, "epoch": 8.0, "step": 1080}, {"loss": 0.0477, "learning_rate": 4.3750000000000005e-06, "epoch": 9.0, "step": 1215}, {"eval_loss": 0.18889662623405457, "eval_precision": 0.514161220043573, "eval_recall": 0.5381984036488028, "eval_f1": 0.5259052924791087, "eval_accuracy": 0.952211842816336, "eval_runtime": 3.0442, "eval_samples_per_second": 502.927, "eval_steps_per_second": 63.071, "epoch": 9.0, "step": 1215}, {"loss": 0.0423, "learning_rate": 3.7500000000000005e-06, "epoch": 10.0, "step": 1350}, {"eval_loss": 0.19540777802467346, "eval_precision": 0.5362485615650172, "eval_recall": 0.5313568985176739, "eval_f1": 0.5337915234822451, "eval_accuracy": 0.9530996680305721, "eval_runtime": 2.992, "eval_samples_per_second": 511.698, "eval_steps_per_second": 64.171, "epoch": 10.0, "step": 1350}, {"loss": 0.0385, "learning_rate": 3.125e-06, "epoch": 11.0, "step": 1485}, {"eval_loss": 0.20048335194587708, "eval_precision": 0.5126315789473684, "eval_recall": 0.5553021664766249, "eval_f1": 0.5331143951833608, "eval_accuracy": 0.9515556241797267, "eval_runtime": 2.9889, "eval_samples_per_second": 512.227, "eval_steps_per_second": 64.237, "epoch": 11.0, "step": 1485}, {"loss": 0.0349, "learning_rate": 2.5e-06, "epoch": 12.0, "step": 1620}, {"eval_loss": 0.20912586152553558, "eval_precision": 0.5127118644067796, "eval_recall": 0.5518814139110604, "eval_f1": 0.5315760571114772, "eval_accuracy": 0.9509766077356597, "eval_runtime": 2.9888, "eval_samples_per_second": 512.244, "eval_steps_per_second": 64.24, "epoch": 12.0, "step": 1620}, {"loss": 0.0322, "learning_rate": 1.8750000000000003e-06, "epoch": 13.0, "step": 1755}, {"eval_loss": 0.21319647133350372, "eval_precision": 0.5273132664437012, "eval_recall": 0.5393386545039909, "eval_f1": 0.5332581736189402, "eval_accuracy": 0.9524434493939627, "eval_runtime": 2.993, "eval_samples_per_second": 511.522, "eval_steps_per_second": 64.149, "epoch": 13.0, "step": 1755}, {"loss": 0.0304, "learning_rate": 1.25e-06, "epoch": 14.0, "step": 1890}, {"eval_loss": 0.21782413125038147, "eval_precision": 0.5380184331797235, "eval_recall": 0.5324971493728621, "eval_f1": 0.535243553008596, "eval_accuracy": 0.9532154713193854, "eval_runtime": 2.9907, "eval_samples_per_second": 511.915, "eval_steps_per_second": 64.198, "epoch": 14.0, "step": 1890}, {"loss": 0.028, "learning_rate": 6.25e-07, "epoch": 15.0, "step": 2025}, {"eval_loss": 0.2174834907054901, "eval_precision": 0.5177228786251342, "eval_recall": 0.5496009122006842, "eval_f1": 0.5331858407079646, "eval_accuracy": 0.9514398208909133, "eval_runtime": 2.9926, "eval_samples_per_second": 511.593, "eval_steps_per_second": 64.158, "epoch": 15.0, "step": 2025}, {"loss": 0.0267, "learning_rate": 0.0, "epoch": 16.0, "step": 2160}, {"eval_loss": 0.21842096745967865, "eval_precision": 0.5228260869565218, "eval_recall": 0.548460661345496, "eval_f1": 0.535336672231497, "eval_accuracy": 0.95167142746854, "eval_runtime": 2.994, "eval_samples_per_second": 511.353, "eval_steps_per_second": 64.128, "epoch": 16.0, "step": 2160}, {"train_runtime": 306.4488, "train_samples_per_second": 450.79, "train_steps_per_second": 7.048, "total_flos": 5097064026132756.0, "train_loss": 0.07977945429307443, "epoch": 16.0, "step": 2160}]