[{"loss": 0.6961, "learning_rate": 9.375000000000001e-06, "epoch": 1.0, "step": 135}, {"eval_loss": 0.31126874685287476, "eval_precision": 0.0, "eval_recall": 0.0, "eval_f1": 0.0, "eval_accuracy": 0.9341465297614452, "eval_runtime": 2.3121, "eval_samples_per_second": 662.156, "eval_steps_per_second": 83.04, "epoch": 1.0, "step": 135}, {"loss": 0.3058, "learning_rate": 8.750000000000001e-06, "epoch": 2.0, "step": 270}, {"eval_loss": 0.2660009264945984, "eval_precision": 0.050761421319796954, "eval_recall": 0.011402508551881414, "eval_f1": 0.0186219739292365, "eval_accuracy": 0.9340693275689029, "eval_runtime": 2.3069, "eval_samples_per_second": 663.654, "eval_steps_per_second": 83.228, "epoch": 2.0, "step": 270}, {"loss": 0.2732, "learning_rate": 8.125000000000001e-06, "epoch": 3.0, "step": 405}, {"eval_loss": 0.25015005469322205, "eval_precision": 0.1392857142857143, "eval_recall": 0.04446978335233751, "eval_f1": 0.06741573033707865, "eval_accuracy": 0.9353817648421215, "eval_runtime": 2.3042, "eval_samples_per_second": 664.44, "eval_steps_per_second": 83.326, "epoch": 3.0, "step": 405}, {"loss": 0.2503, "learning_rate": 7.500000000000001e-06, "epoch": 4.0, "step": 540}, {"eval_loss": 0.24306240677833557, "eval_precision": 0.1834862385321101, "eval_recall": 0.09122006841505131, "eval_f1": 0.12185833968012187, "eval_accuracy": 0.9368486065004246, "eval_runtime": 2.3132, "eval_samples_per_second": 661.843, "eval_steps_per_second": 83.001, "epoch": 4.0, "step": 540}, {"loss": 0.2325, "learning_rate": 6.875e-06, "epoch": 5.0, "step": 675}, {"eval_loss": 0.23851647973060608, "eval_precision": 0.1781045751633987, "eval_recall": 0.12428734321550741, "eval_f1": 0.14640698455339154, "eval_accuracy": 0.9354975681309349, "eval_runtime": 2.3073, "eval_samples_per_second": 663.56, "eval_steps_per_second": 83.216, "epoch": 5.0, "step": 675}, {"loss": 0.2168, "learning_rate": 6.25e-06, "epoch": 6.0, "step": 810}, {"eval_loss": 0.23796510696411133, "eval_precision": 0.18867924528301888, "eval_recall": 0.12542759407069556, "eval_f1": 0.15068493150684933, "eval_accuracy": 0.9359607812861885, "eval_runtime": 2.3069, "eval_samples_per_second": 663.668, "eval_steps_per_second": 83.229, "epoch": 6.0, "step": 810}, {"loss": 0.2055, "learning_rate": 5.625e-06, "epoch": 7.0, "step": 945}, {"eval_loss": 0.24496689438819885, "eval_precision": 0.19712793733681463, "eval_recall": 0.17217787913340935, "eval_f1": 0.18381010346926355, "eval_accuracy": 0.9337605187987339, "eval_runtime": 2.3038, "eval_samples_per_second": 664.557, "eval_steps_per_second": 83.341, "epoch": 7.0, "step": 945}, {"loss": 0.1917, "learning_rate": 5e-06, "epoch": 8.0, "step": 1080}, {"eval_loss": 0.24400174617767334, "eval_precision": 0.19244391971664698, "eval_recall": 0.18586088939566706, "eval_f1": 0.18909512761020886, "eval_accuracy": 0.9319462672739905, "eval_runtime": 2.3041, "eval_samples_per_second": 664.457, "eval_steps_per_second": 83.328, "epoch": 8.0, "step": 1080}, {"loss": 0.1798, "learning_rate": 4.3750000000000005e-06, "epoch": 9.0, "step": 1215}, {"eval_loss": 0.24164782464504242, "eval_precision": 0.23122238586156113, "eval_recall": 0.1790193842645382, "eval_f1": 0.20179948586118254, "eval_accuracy": 0.9375820273295762, "eval_runtime": 2.3539, "eval_samples_per_second": 650.416, "eval_steps_per_second": 81.567, "epoch": 9.0, "step": 1215}, {"loss": 0.1711, "learning_rate": 3.7500000000000005e-06, "epoch": 10.0, "step": 1350}, {"eval_loss": 0.24832919239997864, "eval_precision": 0.23014804845222073, "eval_recall": 0.1949828962371722, "eval_f1": 0.2111111111111111, "eval_accuracy": 0.9353431637458504, "eval_runtime": 2.304, "eval_samples_per_second": 664.505, "eval_steps_per_second": 83.334, "epoch": 10.0, "step": 1350}, {"loss": 0.1625, "learning_rate": 3.125e-06, "epoch": 11.0, "step": 1485}, {"eval_loss": 0.24466337263584137, "eval_precision": 0.2453066332916145, "eval_recall": 0.2234891676168757, "eval_f1": 0.233890214797136, "eval_accuracy": 0.936385393345171, "eval_runtime": 2.3048, "eval_samples_per_second": 664.253, "eval_steps_per_second": 83.303, "epoch": 11.0, "step": 1485}, {"loss": 0.1555, "learning_rate": 2.5e-06, "epoch": 12.0, "step": 1620}, {"eval_loss": 0.2486339509487152, "eval_precision": 0.24096385542168675, "eval_recall": 0.20524515393386544, "eval_f1": 0.22167487684729062, "eval_accuracy": 0.9365011966339845, "eval_runtime": 2.3086, "eval_samples_per_second": 663.181, "eval_steps_per_second": 83.168, "epoch": 12.0, "step": 1620}, {"loss": 0.1502, "learning_rate": 1.8750000000000003e-06, "epoch": 13.0, "step": 1755}, {"eval_loss": 0.2492254227399826, "eval_precision": 0.2436670687575392, "eval_recall": 0.23033067274800456, "eval_f1": 0.23681125439624856, "eval_accuracy": 0.9359221801899174, "eval_runtime": 2.3046, "eval_samples_per_second": 664.309, "eval_steps_per_second": 83.31, "epoch": 13.0, "step": 1755}, {"loss": 0.1462, "learning_rate": 1.25e-06, "epoch": 14.0, "step": 1890}, {"eval_loss": 0.2511327564716339, "eval_precision": 0.2445019404915912, "eval_recall": 0.21550741163055873, "eval_f1": 0.2290909090909091, "eval_accuracy": 0.9370030108855092, "eval_runtime": 2.3077, "eval_samples_per_second": 663.443, "eval_steps_per_second": 83.201, "epoch": 14.0, "step": 1890}, {"loss": 0.1426, "learning_rate": 6.25e-07, "epoch": 15.0, "step": 2025}, {"eval_loss": 0.252881795167923, "eval_precision": 0.25120772946859904, "eval_recall": 0.23717217787913342, "eval_f1": 0.24398826979472144, "eval_accuracy": 0.9356133714197483, "eval_runtime": 2.3045, "eval_samples_per_second": 664.355, "eval_steps_per_second": 83.316, "epoch": 15.0, "step": 2025}, {"loss": 0.1411, "learning_rate": 0.0, "epoch": 16.0, "step": 2160}, {"eval_loss": 0.25331687927246094, "eval_precision": 0.249079754601227, "eval_recall": 0.2314709236031927, "eval_f1": 0.23995271867612294, "eval_accuracy": 0.9355361692272061, "eval_runtime": 2.3038, "eval_samples_per_second": 664.541, "eval_steps_per_second": 83.339, "epoch": 16.0, "step": 2160}, {"train_runtime": 277.287, "train_samples_per_second": 498.199, "train_steps_per_second": 7.79, "total_flos": 5791731836060808.0, "train_loss": 0.226300256340592, "epoch": 16.0, "step": 2160}]