[{"loss": 0.4642, "learning_rate": 9.375000000000001e-06, "epoch": 1.0, "step": 270}, {"eval_loss": 0.27122265100479126, "eval_precision": 0.1501597444089457, "eval_recall": 0.053591790193842644, "eval_f1": 0.07899159663865546, "eval_accuracy": 0.9341465297614452, "eval_runtime": 3.0079, "eval_samples_per_second": 508.995, "eval_steps_per_second": 63.832, "epoch": 1.0, "step": 270}, {"loss": 0.2635, "learning_rate": 8.750000000000001e-06, "epoch": 2.0, "step": 540}, {"eval_loss": 0.2362261414527893, "eval_precision": 0.17045454545454544, "eval_recall": 0.08551881413911061, "eval_f1": 0.11389521640091115, "eval_accuracy": 0.9359221801899174, "eval_runtime": 3.003, "eval_samples_per_second": 509.819, "eval_steps_per_second": 63.935, "epoch": 2.0, "step": 540}, {"loss": 0.2376, "learning_rate": 8.125000000000001e-06, "epoch": 3.0, "step": 810}, {"eval_loss": 0.2234034240245819, "eval_precision": 0.2226027397260274, "eval_recall": 0.14823261117445838, "eval_f1": 0.17796030116358658, "eval_accuracy": 0.9376592295221184, "eval_runtime": 3.0039, "eval_samples_per_second": 509.671, "eval_steps_per_second": 63.917, "epoch": 3.0, "step": 810}, {"loss": 0.2166, "learning_rate": 7.500000000000001e-06, "epoch": 4.0, "step": 1080}, {"eval_loss": 0.2271905541419983, "eval_precision": 0.21688159437280188, "eval_recall": 0.21094640820980615, "eval_f1": 0.2138728323699422, "eval_accuracy": 0.933799119895005, "eval_runtime": 3.0004, "eval_samples_per_second": 510.262, "eval_steps_per_second": 63.991, "epoch": 4.0, "step": 1080}, {"loss": 0.2004, "learning_rate": 6.875e-06, "epoch": 5.0, "step": 1350}, {"eval_loss": 0.22533254325389862, "eval_precision": 0.22263681592039802, "eval_recall": 0.20410490307867732, "eval_f1": 0.21296847114812614, "eval_accuracy": 0.9345711418204277, "eval_runtime": 3.0181, "eval_samples_per_second": 507.279, "eval_steps_per_second": 63.617, "epoch": 5.0, "step": 1350}, {"loss": 0.1859, "learning_rate": 6.25e-06, "epoch": 6.0, "step": 1620}, {"eval_loss": 0.22850684821605682, "eval_precision": 0.2255266418835192, "eval_recall": 0.20752565564424175, "eval_f1": 0.2161520190023753, "eval_accuracy": 0.9339149231838184, "eval_runtime": 3.0104, "eval_samples_per_second": 508.578, "eval_steps_per_second": 63.78, "epoch": 6.0, "step": 1620}, {"loss": 0.1741, "learning_rate": 5.625e-06, "epoch": 7.0, "step": 1890}, {"eval_loss": 0.23692266643047333, "eval_precision": 0.22580645161290322, "eval_recall": 0.2394526795895097, "eval_f1": 0.23242944106253458, "eval_accuracy": 0.9328726935844978, "eval_runtime": 3.0069, "eval_samples_per_second": 509.167, "eval_steps_per_second": 63.854, "epoch": 7.0, "step": 1890}, {"loss": 0.1652, "learning_rate": 5e-06, "epoch": 8.0, "step": 2160}, {"eval_loss": 0.24528352916240692, "eval_precision": 0.20706106870229007, "eval_recall": 0.24743443557582667, "eval_f1": 0.22545454545454546, "eval_accuracy": 0.9275843433953525, "eval_runtime": 3.0116, "eval_samples_per_second": 508.372, "eval_steps_per_second": 63.754, "epoch": 8.0, "step": 2160}, {"loss": 0.1564, "learning_rate": 4.3750000000000005e-06, "epoch": 9.0, "step": 2430}, {"eval_loss": 0.2422844022512436, "eval_precision": 0.22812846068660023, "eval_recall": 0.2348916761687571, "eval_f1": 0.23146067415730334, "eval_accuracy": 0.93090403767467, "eval_runtime": 3.0155, "eval_samples_per_second": 507.714, "eval_steps_per_second": 63.671, "epoch": 9.0, "step": 2430}, {"loss": 0.1481, "learning_rate": 3.7500000000000005e-06, "epoch": 10.0, "step": 2700}, {"eval_loss": 0.24674978852272034, "eval_precision": 0.2229806598407281, "eval_recall": 0.2234891676168757, "eval_f1": 0.2232346241457859, "eval_accuracy": 0.9313286497336525, "eval_runtime": 3.0096, "eval_samples_per_second": 508.71, "eval_steps_per_second": 63.796, "epoch": 10.0, "step": 2700}, {"loss": 0.1437, "learning_rate": 3.125e-06, "epoch": 11.0, "step": 2970}, {"eval_loss": 0.25256651639938354, "eval_precision": 0.217, "eval_recall": 0.24743443557582667, "eval_f1": 0.23122003196590304, "eval_accuracy": 0.9287037751872154, "eval_runtime": 3.0067, "eval_samples_per_second": 509.202, "eval_steps_per_second": 63.858, "epoch": 11.0, "step": 2970}, {"loss": 0.14, "learning_rate": 2.5e-06, "epoch": 12.0, "step": 3240}, {"eval_loss": 0.2539237439632416, "eval_precision": 0.22087132725430597, "eval_recall": 0.24857468643101482, "eval_f1": 0.23390557939914164, "eval_accuracy": 0.9292827916312824, "eval_runtime": 3.0071, "eval_samples_per_second": 509.12, "eval_steps_per_second": 63.848, "epoch": 12.0, "step": 3240}, {"loss": 0.1351, "learning_rate": 1.8750000000000003e-06, "epoch": 13.0, "step": 3510}, {"eval_loss": 0.25592559576034546, "eval_precision": 0.23522853957636566, "eval_recall": 0.24059293044469784, "eval_f1": 0.237880496054115, "eval_accuracy": 0.9312514475411102, "eval_runtime": 3.011, "eval_samples_per_second": 508.463, "eval_steps_per_second": 63.766, "epoch": 13.0, "step": 3510}, {"loss": 0.133, "learning_rate": 1.25e-06, "epoch": 14.0, "step": 3780}, {"eval_loss": 0.25687798857688904, "eval_precision": 0.237029501525941, "eval_recall": 0.26567844925883694, "eval_f1": 0.2505376344086021, "eval_accuracy": 0.9295916004014514, "eval_runtime": 3.0169, "eval_samples_per_second": 507.468, "eval_steps_per_second": 63.641, "epoch": 14.0, "step": 3780}, {"loss": 0.1303, "learning_rate": 6.25e-07, "epoch": 15.0, "step": 4050}, {"eval_loss": 0.2604295313358307, "eval_precision": 0.22417153996101363, "eval_recall": 0.26225769669327254, "eval_f1": 0.2417235943247504, "eval_accuracy": 0.9283563653207751, "eval_runtime": 3.0112, "eval_samples_per_second": 508.434, "eval_steps_per_second": 63.762, "epoch": 15.0, "step": 4050}, {"loss": 0.1285, "learning_rate": 0.0, "epoch": 16.0, "step": 4320}, {"eval_loss": 0.2598794996738434, "eval_precision": 0.2281947261663286, "eval_recall": 0.25655644241733183, "eval_f1": 0.24154589371980678, "eval_accuracy": 0.9293213927275534, "eval_runtime": 3.0152, "eval_samples_per_second": 507.766, "eval_steps_per_second": 63.678, "epoch": 16.0, "step": 4320}, {"train_runtime": 290.049, "train_samples_per_second": 476.278, "train_steps_per_second": 14.894, "total_flos": 1118306676275796.0, "train_loss": 0.1889145921777796, "epoch": 16.0, "step": 4320}]