[{"loss": 0.3805, "learning_rate": 9.375000000000001e-06, "epoch": 1.0, "step": 135}, {"eval_loss": 0.23214922845363617, "eval_precision": 0.20521739130434782, "eval_recall": 0.1345496009122007, "eval_f1": 0.162534435261708, "eval_accuracy": 0.9373118196556782, "eval_runtime": 3.6666, "eval_samples_per_second": 417.551, "eval_steps_per_second": 52.364, "epoch": 1.0, "step": 135}, {"loss": 0.2229, "learning_rate": 8.750000000000001e-06, "epoch": 2.0, "step": 270}, {"eval_loss": 0.2018040269613266, "eval_precision": 0.23767383059418457, "eval_recall": 0.21436716077537057, "eval_f1": 0.22541966426858515, "eval_accuracy": 0.9405543117424535, "eval_runtime": 3.6392, "eval_samples_per_second": 420.699, "eval_steps_per_second": 52.759, "epoch": 2.0, "step": 270}, {"loss": 0.1818, "learning_rate": 8.125000000000001e-06, "epoch": 3.0, "step": 405}, {"eval_loss": 0.19927947223186493, "eval_precision": 0.3025335320417288, "eval_recall": 0.2314709236031927, "eval_f1": 0.2622739018087855, "eval_accuracy": 0.9437582027329576, "eval_runtime": 3.6443, "eval_samples_per_second": 420.103, "eval_steps_per_second": 52.684, "epoch": 3.0, "step": 405}, {"loss": 0.1519, "learning_rate": 7.500000000000001e-06, "epoch": 4.0, "step": 540}, {"eval_loss": 0.20725928246974945, "eval_precision": 0.272636815920398, "eval_recall": 0.3124287343215507, "eval_f1": 0.2911795961742827, "eval_accuracy": 0.9394348799505906, "eval_runtime": 3.6405, "eval_samples_per_second": 420.55, "eval_steps_per_second": 52.74, "epoch": 4.0, "step": 540}, {"loss": 0.1259, "learning_rate": 6.875e-06, "epoch": 5.0, "step": 675}, {"eval_loss": 0.22303256392478943, "eval_precision": 0.2783203125, "eval_recall": 0.3249714937286203, "eval_f1": 0.29984218832193577, "eval_accuracy": 0.9391260711804216, "eval_runtime": 3.6326, "eval_samples_per_second": 421.458, "eval_steps_per_second": 52.854, "epoch": 5.0, "step": 675}, {"loss": 0.107, "learning_rate": 6.25e-06, "epoch": 6.0, "step": 810}, {"eval_loss": 0.23605531454086304, "eval_precision": 0.30824372759856633, "eval_recall": 0.29418472063854045, "eval_f1": 0.30105017502917153, "eval_accuracy": 0.941557940245503, "eval_runtime": 3.6329, "eval_samples_per_second": 421.427, "eval_steps_per_second": 52.85, "epoch": 6.0, "step": 810}, {"loss": 0.0937, "learning_rate": 5.625e-06, "epoch": 7.0, "step": 945}, {"eval_loss": 0.24129746854305267, "eval_precision": 0.2853159851301115, "eval_recall": 0.3500570125427594, "eval_f1": 0.3143881208397337, "eval_accuracy": 0.9385470547363545, "eval_runtime": 3.6351, "eval_samples_per_second": 421.172, "eval_steps_per_second": 52.818, "epoch": 7.0, "step": 945}, {"loss": 0.0812, "learning_rate": 5e-06, "epoch": 8.0, "step": 1080}, {"eval_loss": 0.24836717545986176, "eval_precision": 0.3075291622481442, "eval_recall": 0.330672748004561, "eval_f1": 0.3186813186813186, "eval_accuracy": 0.9410561259939783, "eval_runtime": 3.6384, "eval_samples_per_second": 420.795, "eval_steps_per_second": 52.771, "epoch": 8.0, "step": 1080}, {"loss": 0.0716, "learning_rate": 4.3750000000000005e-06, "epoch": 9.0, "step": 1215}, {"eval_loss": 0.26048460602760315, "eval_precision": 0.2972699696663296, "eval_recall": 0.3352337514253136, "eval_f1": 0.31511254019292606, "eval_accuracy": 0.9401683007797421, "eval_runtime": 3.6389, "eval_samples_per_second": 420.727, "eval_steps_per_second": 52.763, "epoch": 9.0, "step": 1215}, {"loss": 0.0633, "learning_rate": 3.7500000000000005e-06, "epoch": 10.0, "step": 1350}, {"eval_loss": 0.27171194553375244, "eval_precision": 0.3037974683544304, "eval_recall": 0.32839224629418473, "eval_f1": 0.31561643835616443, "eval_accuracy": 0.9400138963946576, "eval_runtime": 3.6385, "eval_samples_per_second": 420.78, "eval_steps_per_second": 52.769, "epoch": 10.0, "step": 1350}, {"loss": 0.057, "learning_rate": 3.125e-06, "epoch": 11.0, "step": 1485}, {"eval_loss": 0.277130663394928, "eval_precision": 0.29797979797979796, "eval_recall": 0.3363740022805017, "eval_f1": 0.3160149973219068, "eval_accuracy": 0.9390874700841504, "eval_runtime": 3.6349, "eval_samples_per_second": 421.198, "eval_steps_per_second": 52.822, "epoch": 11.0, "step": 1485}, {"loss": 0.0519, "learning_rate": 2.5e-06, "epoch": 12.0, "step": 1620}, {"eval_loss": 0.2842375934123993, "eval_precision": 0.29673590504451036, "eval_recall": 0.34207525655644244, "eval_f1": 0.31779661016949146, "eval_accuracy": 0.9391646722766926, "eval_runtime": 3.6337, "eval_samples_per_second": 421.331, "eval_steps_per_second": 52.838, "epoch": 12.0, "step": 1620}, {"loss": 0.0479, "learning_rate": 1.8750000000000003e-06, "epoch": 13.0, "step": 1755}, {"eval_loss": 0.28940242528915405, "eval_precision": 0.2994652406417112, "eval_recall": 0.31927023945267957, "eval_f1": 0.3090507726269316, "eval_accuracy": 0.9395892843356751, "eval_runtime": 3.6423, "eval_samples_per_second": 420.339, "eval_steps_per_second": 52.714, "epoch": 13.0, "step": 1755}, {"loss": 0.0454, "learning_rate": 1.25e-06, "epoch": 14.0, "step": 1890}, {"eval_loss": 0.29209280014038086, "eval_precision": 0.30120481927710846, "eval_recall": 0.34207525655644244, "eval_f1": 0.3203416978109984, "eval_accuracy": 0.9400138963946576, "eval_runtime": 3.637, "eval_samples_per_second": 420.951, "eval_steps_per_second": 52.791, "epoch": 14.0, "step": 1890}, {"loss": 0.0422, "learning_rate": 6.25e-07, "epoch": 15.0, "step": 2025}, {"eval_loss": 0.2961156964302063, "eval_precision": 0.30533596837944665, "eval_recall": 0.3523375142531357, "eval_f1": 0.32715722604552677, "eval_accuracy": 0.9395892843356751, "eval_runtime": 3.6378, "eval_samples_per_second": 420.864, "eval_steps_per_second": 52.78, "epoch": 15.0, "step": 2025}, {"loss": 0.0408, "learning_rate": 0.0, "epoch": 16.0, "step": 2160}, {"eval_loss": 0.2968024015426636, "eval_precision": 0.3064516129032258, "eval_recall": 0.346636259977195, "eval_f1": 0.3253076511503478, "eval_accuracy": 0.9397822898170308, "eval_runtime": 3.6889, "eval_samples_per_second": 415.03, "eval_steps_per_second": 52.048, "epoch": 16.0, "step": 2160}, {"train_runtime": 537.6831, "train_samples_per_second": 256.925, "train_steps_per_second": 4.017, "total_flos": 1.7332955522604936e+16, "train_loss": 0.11031006861616063, "epoch": 16.0, "step": 2160}]