[{"loss": 0.2771, "learning_rate": 4.6875e-05, "epoch": 1.0, "step": 270}, {"eval_loss": 0.1966463178396225, "eval_precision": 0.2776349614395887, "eval_recall": 0.24629418472063855, "eval_f1": 0.2610271903323263, "eval_accuracy": 0.9434493939627886, "eval_runtime": 3.6145, "eval_samples_per_second": 423.575, "eval_steps_per_second": 53.12, "epoch": 1.0, "step": 270}, {"loss": 0.1729, "learning_rate": 4.375e-05, "epoch": 2.0, "step": 540}, {"eval_loss": 0.205491304397583, "eval_precision": 0.3269537480063796, "eval_recall": 0.233751425313569, "eval_f1": 0.27260638297872336, "eval_accuracy": 0.9447618312360071, "eval_runtime": 3.5964, "eval_samples_per_second": 425.703, "eval_steps_per_second": 53.387, "epoch": 2.0, "step": 540}, {"loss": 0.1119, "learning_rate": 4.0625000000000005e-05, "epoch": 3.0, "step": 810}, {"eval_loss": 0.2206379473209381, "eval_precision": 0.26320582877959925, "eval_recall": 0.3295324971493729, "eval_f1": 0.29265822784810125, "eval_accuracy": 0.9357677758048328, "eval_runtime": 3.5941, "eval_samples_per_second": 425.977, "eval_steps_per_second": 53.421, "epoch": 3.0, "step": 810}, {"loss": 0.0753, "learning_rate": 3.7500000000000003e-05, "epoch": 4.0, "step": 1080}, {"eval_loss": 0.26904821395874023, "eval_precision": 0.3142857142857143, "eval_recall": 0.338654503990878, "eval_f1": 0.3260153677277717, "eval_accuracy": 0.937813633907203, "eval_runtime": 3.5939, "eval_samples_per_second": 426.004, "eval_steps_per_second": 53.424, "epoch": 4.0, "step": 1080}, {"loss": 0.0433, "learning_rate": 3.4375e-05, "epoch": 5.0, "step": 1350}, {"eval_loss": 0.3017241656780243, "eval_precision": 0.314359637774903, "eval_recall": 0.27708095781071834, "eval_f1": 0.2945454545454545, "eval_accuracy": 0.9403613062610978, "eval_runtime": 3.597, "eval_samples_per_second": 425.634, "eval_steps_per_second": 53.378, "epoch": 5.0, "step": 1350}, {"loss": 0.0248, "learning_rate": 3.125e-05, "epoch": 6.0, "step": 1620}, {"eval_loss": 0.3347933292388916, "eval_precision": 0.30031282586027114, "eval_recall": 0.32839224629418473, "eval_f1": 0.3137254901960785, "eval_accuracy": 0.9390874700841504, "eval_runtime": 3.5929, "eval_samples_per_second": 426.121, "eval_steps_per_second": 53.439, "epoch": 6.0, "step": 1620}, {"loss": 0.0146, "learning_rate": 2.8125000000000003e-05, "epoch": 7.0, "step": 1890}, {"eval_loss": 0.37082338333129883, "eval_precision": 0.3144963144963145, "eval_recall": 0.2919042189281642, "eval_f1": 0.30277942046126555, "eval_accuracy": 0.9429475797112638, "eval_runtime": 3.6567, "eval_samples_per_second": 418.688, "eval_steps_per_second": 52.507, "epoch": 7.0, "step": 1890}, {"loss": 0.0083, "learning_rate": 2.5e-05, "epoch": 8.0, "step": 2160}, {"eval_loss": 0.38356199860572815, "eval_precision": 0.32242990654205606, "eval_recall": 0.314709236031927, "eval_f1": 0.31852279284477786, "eval_accuracy": 0.9427931753261792, "eval_runtime": 3.5963, "eval_samples_per_second": 425.714, "eval_steps_per_second": 53.388, "epoch": 8.0, "step": 2160}, {"loss": 0.0056, "learning_rate": 2.1875e-05, "epoch": 9.0, "step": 2430}, {"eval_loss": 0.4058885872364044, "eval_precision": 0.3081570996978852, "eval_recall": 0.34891676168757124, "eval_f1": 0.32727272727272727, "eval_accuracy": 0.9402841040685556, "eval_runtime": 3.5968, "eval_samples_per_second": 425.653, "eval_steps_per_second": 53.38, "epoch": 9.0, "step": 2430}, {"loss": 0.0028, "learning_rate": 1.8750000000000002e-05, "epoch": 10.0, "step": 2700}, {"eval_loss": 0.41972118616104126, "eval_precision": 0.3321554770318021, "eval_recall": 0.3215507411630559, "eval_f1": 0.32676709154113553, "eval_accuracy": 0.9430247819038061, "eval_runtime": 3.5947, "eval_samples_per_second": 425.911, "eval_steps_per_second": 53.413, "epoch": 10.0, "step": 2700}, {"loss": 0.0015, "learning_rate": 1.5625e-05, "epoch": 11.0, "step": 2970}, {"eval_loss": 0.4331550896167755, "eval_precision": 0.3166109253065775, "eval_recall": 0.3238312428734322, "eval_f1": 0.3201803833145434, "eval_accuracy": 0.9415193391492318, "eval_runtime": 3.5947, "eval_samples_per_second": 425.903, "eval_steps_per_second": 53.412, "epoch": 11.0, "step": 2970}, {"loss": 0.001, "learning_rate": 1.25e-05, "epoch": 12.0, "step": 3240}, {"eval_loss": 0.4493447244167328, "eval_precision": 0.32518597236981933, "eval_recall": 0.34891676168757124, "eval_f1": 0.3366336633663366, "eval_accuracy": 0.9402069018760133, "eval_runtime": 3.6011, "eval_samples_per_second": 425.148, "eval_steps_per_second": 53.317, "epoch": 12.0, "step": 3240}, {"loss": 0.0006, "learning_rate": 9.375000000000001e-06, "epoch": 13.0, "step": 3510}, {"eval_loss": 0.46420732140541077, "eval_precision": 0.32858707557502737, "eval_recall": 0.34207525655644244, "eval_f1": 0.335195530726257, "eval_accuracy": 0.941828147919401, "eval_runtime": 3.5998, "eval_samples_per_second": 425.304, "eval_steps_per_second": 53.337, "epoch": 13.0, "step": 3510}, {"loss": 0.0005, "learning_rate": 6.25e-06, "epoch": 14.0, "step": 3780}, {"eval_loss": 0.47981104254722595, "eval_precision": 0.3337066069428891, "eval_recall": 0.33979475484606614, "eval_f1": 0.3367231638418079, "eval_accuracy": 0.942715973133637, "eval_runtime": 3.5902, "eval_samples_per_second": 426.437, "eval_steps_per_second": 53.479, "epoch": 14.0, "step": 3780}, {"loss": 0.0003, "learning_rate": 3.125e-06, "epoch": 15.0, "step": 4050}, {"eval_loss": 0.4850841462612152, "eval_precision": 0.33109619686800895, "eval_recall": 0.33751425313568983, "eval_f1": 0.334274421230943, "eval_accuracy": 0.9420983555932988, "eval_runtime": 3.6033, "eval_samples_per_second": 424.884, "eval_steps_per_second": 53.284, "epoch": 15.0, "step": 4050}, {"loss": 0.0003, "learning_rate": 0.0, "epoch": 16.0, "step": 4320}, {"eval_loss": 0.48613667488098145, "eval_precision": 0.32483370288248337, "eval_recall": 0.33409350057012543, "eval_f1": 0.32939853850477796, "eval_accuracy": 0.9423299621709257, "eval_runtime": 3.598, "eval_samples_per_second": 425.513, "eval_steps_per_second": 53.363, "epoch": 16.0, "step": 4320}, {"train_runtime": 608.2306, "train_samples_per_second": 227.124, "train_steps_per_second": 7.103, "total_flos": 1.5235726902030648e+16, "train_loss": 0.04631889417629551, "epoch": 16.0, "step": 4320}]