[{"loss": 0.2642, "learning_rate": 9.375e-05, "epoch": 1.0, "step": 270}, {"eval_loss": 0.2042911797761917, "eval_precision": 0.3189910979228487, "eval_recall": 0.2451539338654504, "eval_f1": 0.27724049000644746, "eval_accuracy": 0.9404771095499113, "eval_runtime": 5.0016, "eval_samples_per_second": 306.103, "eval_steps_per_second": 38.388, "epoch": 1.0, "step": 270}, {"loss": 0.1445, "learning_rate": 8.75e-05, "epoch": 2.0, "step": 540}, {"eval_loss": 0.21579912304878235, "eval_precision": 0.30828025477707005, "eval_recall": 0.2759407069555302, "eval_f1": 0.2912154031287605, "eval_accuracy": 0.9397436887207596, "eval_runtime": 4.9874, "eval_samples_per_second": 306.976, "eval_steps_per_second": 38.497, "epoch": 2.0, "step": 540}, {"loss": 0.0751, "learning_rate": 8.125000000000001e-05, "epoch": 3.0, "step": 810}, {"eval_loss": 0.26727479696273804, "eval_precision": 0.29782082324455206, "eval_recall": 0.2805017103762828, "eval_f1": 0.2889019377568996, "eval_accuracy": 0.9394734810468617, "eval_runtime": 4.989, "eval_samples_per_second": 306.877, "eval_steps_per_second": 38.485, "epoch": 3.0, "step": 810}, {"loss": 0.0338, "learning_rate": 7.500000000000001e-05, "epoch": 4.0, "step": 1080}, {"eval_loss": 0.311675101518631, "eval_precision": 0.27312775330396477, "eval_recall": 0.28278221208665905, "eval_f1": 0.2778711484593837, "eval_accuracy": 0.935806376901104, "eval_runtime": 4.9996, "eval_samples_per_second": 306.226, "eval_steps_per_second": 38.403, "epoch": 4.0, "step": 1080}, {"loss": 0.0145, "learning_rate": 6.875e-05, "epoch": 5.0, "step": 1350}, {"eval_loss": 0.34368646144866943, "eval_precision": 0.26455026455026454, "eval_recall": 0.28506271379703535, "eval_f1": 0.27442371020856204, "eval_accuracy": 0.9351501582644947, "eval_runtime": 4.9883, "eval_samples_per_second": 306.918, "eval_steps_per_second": 38.49, "epoch": 5.0, "step": 1350}, {"loss": 0.005, "learning_rate": 6.25e-05, "epoch": 6.0, "step": 1620}, {"eval_loss": 0.38416916131973267, "eval_precision": 0.27789473684210525, "eval_recall": 0.3010262257696693, "eval_f1": 0.2889983579638752, "eval_accuracy": 0.9354203659383926, "eval_runtime": 5.041, "eval_samples_per_second": 303.707, "eval_steps_per_second": 38.087, "epoch": 6.0, "step": 1620}, {"loss": 0.0032, "learning_rate": 5.6250000000000005e-05, "epoch": 7.0, "step": 1890}, {"eval_loss": 0.4123619794845581, "eval_precision": 0.3521739130434783, "eval_recall": 0.27708095781071834, "eval_f1": 0.3101467772814295, "eval_accuracy": 0.9410947270902493, "eval_runtime": 4.9795, "eval_samples_per_second": 307.463, "eval_steps_per_second": 38.558, "epoch": 7.0, "step": 1890}, {"loss": 0.0019, "learning_rate": 5e-05, "epoch": 8.0, "step": 2160}, {"eval_loss": 0.4150224030017853, "eval_precision": 0.30011587485515645, "eval_recall": 0.2953249714937286, "eval_f1": 0.29770114942528736, "eval_accuracy": 0.937543426233305, "eval_runtime": 4.9938, "eval_samples_per_second": 306.578, "eval_steps_per_second": 38.447, "epoch": 8.0, "step": 2160}, {"loss": 0.0012, "learning_rate": 4.375e-05, "epoch": 9.0, "step": 2430}, {"eval_loss": 0.4251768887042999, "eval_precision": 0.29814385150812067, "eval_recall": 0.29304446978335236, "eval_f1": 0.29557216791259344, "eval_accuracy": 0.9376978306183895, "eval_runtime": 4.985, "eval_samples_per_second": 307.12, "eval_steps_per_second": 38.515, "epoch": 9.0, "step": 2430}, {"loss": 0.001, "learning_rate": 3.7500000000000003e-05, "epoch": 10.0, "step": 2700}, {"eval_loss": 0.44561153650283813, "eval_precision": 0.30787589498806683, "eval_recall": 0.29418472063854045, "eval_f1": 0.3008746355685131, "eval_accuracy": 0.9387400602177102, "eval_runtime": 4.9906, "eval_samples_per_second": 306.775, "eval_steps_per_second": 38.472, "epoch": 10.0, "step": 2700}, {"loss": 0.0009, "learning_rate": 3.125e-05, "epoch": 11.0, "step": 2970}, {"eval_loss": 0.44694361090660095, "eval_precision": 0.3009592326139089, "eval_recall": 0.2862029646522235, "eval_f1": 0.293395675043834, "eval_accuracy": 0.938122442677372, "eval_runtime": 4.986, "eval_samples_per_second": 307.063, "eval_steps_per_second": 38.508, "epoch": 11.0, "step": 2970}, {"loss": 0.0004, "learning_rate": 2.5e-05, "epoch": 12.0, "step": 3240}, {"eval_loss": 0.44687914848327637, "eval_precision": 0.29804372842347526, "eval_recall": 0.2953249714937286, "eval_f1": 0.29667812142038946, "eval_accuracy": 0.9382768470624566, "eval_runtime": 5.0475, "eval_samples_per_second": 303.317, "eval_steps_per_second": 38.038, "epoch": 12.0, "step": 3240}, {"loss": 0.0003, "learning_rate": 1.8750000000000002e-05, "epoch": 13.0, "step": 3510}, {"eval_loss": 0.45576995611190796, "eval_precision": 0.3272490221642764, "eval_recall": 0.2862029646522235, "eval_f1": 0.305352798053528, "eval_accuracy": 0.9407473172238091, "eval_runtime": 4.98, "eval_samples_per_second": 307.433, "eval_steps_per_second": 38.555, "epoch": 13.0, "step": 3510}, {"loss": 0.0002, "learning_rate": 1.25e-05, "epoch": 14.0, "step": 3780}, {"eval_loss": 0.459184467792511, "eval_precision": 0.31490384615384615, "eval_recall": 0.29874572405929306, "eval_f1": 0.30661205383265067, "eval_accuracy": 0.9391260711804216, "eval_runtime": 4.9836, "eval_samples_per_second": 307.208, "eval_steps_per_second": 38.526, "epoch": 14.0, "step": 3780}, {"loss": 0.0001, "learning_rate": 6.25e-06, "epoch": 15.0, "step": 4050}, {"eval_loss": 0.46510663628578186, "eval_precision": 0.31946144430844553, "eval_recall": 0.2976054732041049, "eval_f1": 0.30814639905548996, "eval_accuracy": 0.9397050876244886, "eval_runtime": 4.983, "eval_samples_per_second": 307.243, "eval_steps_per_second": 38.531, "epoch": 15.0, "step": 4050}, {"loss": 0.0001, "learning_rate": 0.0, "epoch": 16.0, "step": 4320}, {"eval_loss": 0.46701040863990784, "eval_precision": 0.31220095693779903, "eval_recall": 0.2976054732041049, "eval_f1": 0.30472854640980734, "eval_accuracy": 0.9392032733729638, "eval_runtime": 4.9885, "eval_samples_per_second": 306.903, "eval_steps_per_second": 38.488, "epoch": 16.0, "step": 4320}, {"train_runtime": 880.54, "train_samples_per_second": 156.886, "train_steps_per_second": 4.906, "total_flos": 1.5815510579331156e+16, "train_loss": 0.03415947378207757, "epoch": 16.0, "step": 4320}]