[{"loss": 0.2804, "learning_rate": 9.375000000000001e-06, "epoch": 1.0, "step": 135}, {"eval_loss": 0.16618724167346954, "eval_precision": 0.39273153575615477, "eval_recall": 0.38198403648802737, "eval_f1": 0.3872832369942197, "eval_accuracy": 0.9466532849532927, "eval_runtime": 3.6475, "eval_samples_per_second": 419.743, "eval_steps_per_second": 52.639, "epoch": 1.0, "step": 135}, {"loss": 0.1525, "learning_rate": 8.750000000000001e-06, "epoch": 2.0, "step": 270}, {"eval_loss": 0.1423475444316864, "eval_precision": 0.5062429057888763, "eval_recall": 0.508551881413911, "eval_f1": 0.5073947667804324, "eval_accuracy": 0.9527136570678607, "eval_runtime": 3.6371, "eval_samples_per_second": 420.935, "eval_steps_per_second": 52.789, "epoch": 2.0, "step": 270}, {"loss": 0.1175, "learning_rate": 8.125000000000001e-06, "epoch": 3.0, "step": 405}, {"eval_loss": 0.14507459104061127, "eval_precision": 0.5817923186344239, "eval_recall": 0.4663625997719498, "eval_f1": 0.5177215189873418, "eval_accuracy": 0.9546437118814174, "eval_runtime": 3.6289, "eval_samples_per_second": 421.888, "eval_steps_per_second": 52.908, "epoch": 3.0, "step": 405}, {"loss": 0.0898, "learning_rate": 7.500000000000001e-06, "epoch": 4.0, "step": 540}, {"eval_loss": 0.15023525059223175, "eval_precision": 0.5267260579064588, "eval_recall": 0.5393386545039909, "eval_f1": 0.5329577464788733, "eval_accuracy": 0.9547595151702308, "eval_runtime": 3.6279, "eval_samples_per_second": 422.003, "eval_steps_per_second": 52.923, "epoch": 4.0, "step": 540}, {"loss": 0.0694, "learning_rate": 6.875e-06, "epoch": 5.0, "step": 675}, {"eval_loss": 0.16033248603343964, "eval_precision": 0.48502994011976047, "eval_recall": 0.5541619156214367, "eval_f1": 0.5172964342735498, "eval_accuracy": 0.9521732417200649, "eval_runtime": 3.6161, "eval_samples_per_second": 423.386, "eval_steps_per_second": 53.096, "epoch": 5.0, "step": 675}, {"loss": 0.0545, "learning_rate": 6.25e-06, "epoch": 6.0, "step": 810}, {"eval_loss": 0.17947600781917572, "eval_precision": 0.5198237885462555, "eval_recall": 0.5381984036488028, "eval_f1": 0.5288515406162465, "eval_accuracy": 0.9527136570678607, "eval_runtime": 3.6275, "eval_samples_per_second": 422.05, "eval_steps_per_second": 52.929, "epoch": 6.0, "step": 810}, {"loss": 0.0443, "learning_rate": 5.625e-06, "epoch": 7.0, "step": 945}, {"eval_loss": 0.18005475401878357, "eval_precision": 0.46033129904097647, "eval_recall": 0.6020524515393386, "eval_f1": 0.5217391304347826, "eval_accuracy": 0.9498957770400679, "eval_runtime": 3.6327, "eval_samples_per_second": 421.449, "eval_steps_per_second": 52.853, "epoch": 7.0, "step": 945}, {"loss": 0.0373, "learning_rate": 5e-06, "epoch": 8.0, "step": 1080}, {"eval_loss": 0.18903040885925293, "eval_precision": 0.49701195219123506, "eval_recall": 0.5689851767388826, "eval_f1": 0.5305688463583201, "eval_accuracy": 0.952211842816336, "eval_runtime": 3.6279, "eval_samples_per_second": 422.008, "eval_steps_per_second": 52.923, "epoch": 8.0, "step": 1080}, {"loss": 0.0303, "learning_rate": 4.3750000000000005e-06, "epoch": 9.0, "step": 1215}, {"eval_loss": 0.20904657244682312, "eval_precision": 0.5074786324786325, "eval_recall": 0.5416191562143672, "eval_f1": 0.5239933811362383, "eval_accuracy": 0.9524820504902339, "eval_runtime": 3.6123, "eval_samples_per_second": 423.833, "eval_steps_per_second": 53.152, "epoch": 9.0, "step": 1215}, {"loss": 0.0256, "learning_rate": 3.7500000000000005e-06, "epoch": 10.0, "step": 1350}, {"eval_loss": 0.2147069126367569, "eval_precision": 0.4885799404170804, "eval_recall": 0.5610034207525656, "eval_f1": 0.5222929936305734, "eval_accuracy": 0.9518258318536247, "eval_runtime": 3.6307, "eval_samples_per_second": 421.679, "eval_steps_per_second": 52.882, "epoch": 10.0, "step": 1350}, {"loss": 0.0217, "learning_rate": 3.125e-06, "epoch": 11.0, "step": 1485}, {"eval_loss": 0.22049352526664734, "eval_precision": 0.49246231155778897, "eval_recall": 0.5587229190421893, "eval_f1": 0.5235042735042735, "eval_accuracy": 0.9520574384312515, "eval_runtime": 3.634, "eval_samples_per_second": 421.304, "eval_steps_per_second": 52.835, "epoch": 11.0, "step": 1485}, {"loss": 0.019, "learning_rate": 2.5e-06, "epoch": 12.0, "step": 1620}, {"eval_loss": 0.23462332785129547, "eval_precision": 0.494, "eval_recall": 0.5632839224629419, "eval_f1": 0.5263718700053276, "eval_accuracy": 0.9521732417200649, "eval_runtime": 3.6322, "eval_samples_per_second": 421.51, "eval_steps_per_second": 52.861, "epoch": 12.0, "step": 1620}, {"loss": 0.0168, "learning_rate": 1.8750000000000003e-06, "epoch": 13.0, "step": 1755}, {"eval_loss": 0.24027204513549805, "eval_precision": 0.5229050279329609, "eval_recall": 0.5336374002280502, "eval_f1": 0.5282167042889391, "eval_accuracy": 0.9537172855709102, "eval_runtime": 3.6334, "eval_samples_per_second": 421.37, "eval_steps_per_second": 52.843, "epoch": 13.0, "step": 1755}, {"loss": 0.0152, "learning_rate": 1.25e-06, "epoch": 14.0, "step": 1890}, {"eval_loss": 0.24565757811069489, "eval_precision": 0.5148936170212766, "eval_recall": 0.5518814139110604, "eval_f1": 0.5327462850853054, "eval_accuracy": 0.9537558866671814, "eval_runtime": 3.632, "eval_samples_per_second": 421.53, "eval_steps_per_second": 52.863, "epoch": 14.0, "step": 1890}, {"loss": 0.0142, "learning_rate": 6.25e-07, "epoch": 15.0, "step": 2025}, {"eval_loss": 0.24573515355587006, "eval_precision": 0.4935194416749751, "eval_recall": 0.56442417331813, "eval_f1": 0.526595744680851, "eval_accuracy": 0.9518644329498958, "eval_runtime": 3.6301, "eval_samples_per_second": 421.755, "eval_steps_per_second": 52.892, "epoch": 15.0, "step": 2025}, {"loss": 0.0131, "learning_rate": 0.0, "epoch": 16.0, "step": 2160}, {"eval_loss": 0.24934488534927368, "eval_precision": 0.510351966873706, "eval_recall": 0.5621436716077537, "eval_f1": 0.534997287032013, "eval_accuracy": 0.9531382691268432, "eval_runtime": 3.6906, "eval_samples_per_second": 414.837, "eval_steps_per_second": 52.024, "epoch": 16.0, "step": 2160}, {"train_runtime": 552.5106, "train_samples_per_second": 250.03, "train_steps_per_second": 3.909, "total_flos": 1.7332250345597736e+16, "train_loss": 0.06259676173881248, "epoch": 16.0, "step": 2160}]